solid OpenSCAD_Model
  facet normal 0 0 -1
    outer loop
      vertex -27.560659408569336 0.439339816570282 0
      vertex -26.5 1.5 0
      vertex -26.5 -7.583591855886158e-21 0
    endloop
  endfacet
  facet normal 0 1 0
    outer loop
      vertex -26 1.5 0.06604211735275559
      vertex -23.887706508215857 1.5 6.021792747981941
      vertex -20.2 1.5 2
    endloop
  endfacet
  facet normal 1.5167183711772294e-21 -1 0
    outer loop
      vertex -26.5 -7.583591855886158e-21 0
      vertex -25.631370849898477 -6.2661260661871135e-21 6.3686291501015235
      vertex -25.73681672538038 -6.4260577626953804e-21 6.484970745338167
    endloop
  endfacet
  facet normal 1.5167183711772322e-21 -1 -4.518254793998862e-37
    outer loop
      vertex -26.5 -7.583591855886158e-21 0
      vertex -25.515029254661833 -6.0896686313596295e-21 6.263183274619621
      vertex -25.631370849898477 -6.2661260661871135e-21 6.3686291501015235
    endloop
  endfacet
  facet normal 1.5167183711772317e-21 -1 -4.085996292677864e-37
    outer loop
      vertex -26.5 -7.583591855886158e-21 0
      vertex -25.254234778921596 -5.694116858902877e-21 6.088925977042631
      vertex -25.388912372831363 -5.8983848397717685e-21 6.169648620315927
    endloop
  endfacet
  facet normal 1.5167183711772309e-21 -1 3.968322675085613e-37
    outer loop
      vertex -26.5 -7.583591855886158e-21 0
      vertex -25.112293491784143 -5.478831901072961e-21 6.021792747981941
      vertex -25.254234778921596 -5.694116858902877e-21 6.088925977042631
    endloop
  endfacet
  facet normal 1.5167183711772375e-21 -1 -1.1710349613849965e-36
    outer loop
      vertex -26.5 -7.583591855886158e-21 0
      vertex -24.96445548360714 -5.254603278112648e-21 5.968895462828466
      vertex -25.112293491784143 -5.478831901072961e-21 6.021792747981941
    endloop
  endfacet
  facet normal 1.5167183711772305e-21 -1 0
    outer loop
      vertex -26.5 -7.583591855886158e-21 0
      vertex -24.812144515225807 -5.0235904342368866e-21 5.930743551354832
      vertex -24.96445548360714 -5.254603278112648e-21 5.968895462828466
    endloop
  endfacet
  facet normal 1.51671837117723e-21 -1 4.264725527089767e-37
    outer loop
      vertex -26.5 -7.583591855886158e-21 0
      vertex -25.388912372831363 -5.8983848397717685e-21 6.169648620315927
      vertex -25.515029254661833 -6.0896686313596295e-21 6.263183274619621
    endloop
  endfacet
  facet normal 1.5167183711772285e-21 -1 1.5074036588605755e-37
    outer loop
      vertex -26.5 -7.583591855886158e-21 0
      vertex -25.83035137968407 -6.567923491219502e-21 6.6110876271686365
      vertex -25.91107402295737 -6.690357007242098e-21 6.745765221078404
    endloop
  endfacet
  facet normal 1.5167183711772324e-21 -1 -1.3380321552839666e-37
    outer loop
      vertex -26.5 -7.583591855886158e-21 0
      vertex -25.73681672538038 -6.4260577626953804e-21 6.484970745338167
      vertex -25.83035137968407 -6.567923491219502e-21 6.6110876271686365
    endloop
  endfacet
  facet normal 1.5167183711772302e-21 -1 0
    outer loop
      vertex -26.5 -7.583591855886158e-21 0
      vertex -25.91107402295737 -6.690357007242098e-21 6.745765221078404
      vertex -25.97820725201806 -6.792179209074897e-21 6.887706508215857
    endloop
  endfacet
  facet normal 1.5167183711772241e-21 -1 5.325222536287063e-37
    outer loop
      vertex -26.5 -7.583591855886158e-21 0
      vertex -25.97820725201806 -6.792179209074897e-21 6.887706508215857
      vertex -26.031104537171533 -6.872409493252571e-21 7.035544516392861
    endloop
  endfacet
  facet normal 1.5167183711772264e-21 -1 7.836363474747465e-37
    outer loop
      vertex -26.5 -7.583591855886158e-21 0
      vertex -24.656827424527297 -4.788018149416656e-21 5.907704437324485
      vertex -24.812144515225807 -5.0235904342368866e-21 5.930743551354832
    endloop
  endfacet
  facet normal 1.5167183711772345e-21 -1 -1.59949790304734e-36
    outer loop
      vertex -26.5 -7.583591855886158e-21 0
      vertex -24.5 -4.550155113531694e-21 5.9
      vertex -24.656827424527297 -4.788018149416656e-21 5.907704437324485
    endloop
  endfacet
  facet normal 1.5167183711772302e-21 -1 1.6536735178503078e-36
    outer loop
      vertex -26.5 -7.583591855886158e-21 0
      vertex -24.343172575472703 -4.312292077646733e-21 5.907704437324485
      vertex -24.5 -4.550155113531694e-21 5.9
    endloop
  endfacet
  facet normal 1.5167183711772326e-21 -1 0
    outer loop
      vertex -26.5 -7.583591855886158e-21 0
      vertex -24.187855484774193 -4.076719792826502e-21 5.930743551354832
      vertex -24.343172575472703 -4.312292077646733e-21 5.907704437324485
    endloop
  endfacet
  facet normal 1.0848304721027502e-21 -1 1.683747119379882e-22
    outer loop
      vertex -26.5 -7.583591855886158e-21 0
      vertex -24.03554451639286 -3.9050643959866975e-21 5.968895462828466
      vertex -24.187855484774193 -4.076719792826502e-21 5.930743551354832
    endloop
  endfacet
  facet normal 7.44812878883861e-22 -1 3.087621969173486e-22
    outer loop
      vertex -26.5 -7.583591855886158e-21 0
      vertex -23.887706508215857 -3.778620061532977e-21 6.021792747981941
      vertex -24.03554451639286 -3.9050643959866975e-21 5.968895462828466
    endloop
  endfacet
  facet normal 7.448128788838593e-22 -1 3.0876219691735138e-22
    outer loop
      vertex -26.5 -7.583591855886158e-21 0
      vertex -23.745765221078404 -3.652172159536717e-21 6.088925977042631
      vertex -23.887706508215857 -3.778620061532977e-21 6.021792747981941
    endloop
  endfacet
  facet normal 7.448128788838506e-22 -1 3.0876219691734907e-22
    outer loop
      vertex -26.5 -7.583591855886158e-21 0
      vertex -23.611087627168637 -3.526938452417594e-21 6.169648620315927
      vertex -23.745765221078404 -3.652172159536717e-21 6.088925977042631
    endloop
  endfacet
  facet normal 5.157097358009265e-22 -1 4.160387932744612e-22
    outer loop
      vertex -26.5 -7.583591855886158e-21 0
      vertex -23.484970745338167 -3.422984703902913e-21 6.263183274619621
      vertex -23.611087627168637 -3.526938452417594e-21 6.169648620315927
    endloop
  endfacet
  facet normal 0 1 0
    outer loop
      vertex -26 1.5 0.06604211735275559
      vertex -25.254234778921596 1.5 6.088925977042631
      vertex -25.112293491784143 1.5 6.021792747981941
    endloop
  endfacet
  facet normal 0 1 0
    outer loop
      vertex -26 1.5 0.06604211735275559
      vertex -25.515029254661833 1.5 6.263183274619621
      vertex -25.388912372831363 1.5 6.169648620315927
    endloop
  endfacet
  facet normal 0 1 0
    outer loop
      vertex -26 1.5 0.06604211735275559
      vertex -25.631370849898477 1.5 6.3686291501015235
      vertex -25.515029254661833 1.5 6.263183274619621
    endloop
  endfacet
  facet normal 0 1 0
    outer loop
      vertex -26 1.5 0.06604211735275559
      vertex -25.388912372831363 1.5 6.169648620315927
      vertex -25.254234778921596 1.5 6.088925977042631
    endloop
  endfacet
  facet normal 0 1 0
    outer loop
      vertex -26 1.5 0.06604211735275559
      vertex -25.83035137968407 1.5 6.6110876271686365
      vertex -25.73681672538038 1.5 6.484970745338167
    endloop
  endfacet
  facet normal 0 1 0
    outer loop
      vertex -26 1.5 0.06604211735275559
      vertex -25.91107402295737 1.5 6.745765221078404
      vertex -25.83035137968407 1.5 6.6110876271686365
    endloop
  endfacet
  facet normal 0 1 0
    outer loop
      vertex -26 1.5 0.06604211735275559
      vertex -25.97820725201806 1.5 6.887706508215857
      vertex -25.91107402295737 1.5 6.745765221078404
    endloop
  endfacet
  facet normal 0 1 0
    outer loop
      vertex -26 1.5 0.06604211735275559
      vertex -26 1.5 6.948613158623453
      vertex -25.97820725201806 1.5 6.887706508215857
    endloop
  endfacet
  facet normal 0 1 0
    outer loop
      vertex -26 1.5 0.06604211735275559
      vertex -26.031104537171533 1.5 7.035544516392861
      vertex -26 1.5 6.948613158623453
    endloop
  endfacet
  facet normal 0 1 0
    outer loop
      vertex -26 1.5 0.06604211735275559
      vertex -25.73681672538038 1.5 6.484970745338167
      vertex -25.631370849898477 1.5 6.3686291501015235
    endloop
  endfacet
  facet normal 0 1 0
    outer loop
      vertex -26 1.5 0.06604211735275559
      vertex -24.96445548360714 1.5 5.968895462828466
      vertex -24.812144515225807 1.5 5.930743551354832
    endloop
  endfacet
  facet normal 0 1 0
    outer loop
      vertex -26 1.5 0.06604211735275559
      vertex -24.812144515225807 1.5 5.930743551354832
      vertex -24.656827424527297 1.5 5.907704437324485
    endloop
  endfacet
  facet normal 0 1 0
    outer loop
      vertex -26 1.5 0.06604211735275559
      vertex -25.112293491784143 1.5 6.021792747981941
      vertex -24.96445548360714 1.5 5.968895462828466
    endloop
  endfacet
  facet normal 0 1 0
    outer loop
      vertex -26 1.5 0.06604211735275559
      vertex -24.656827424527297 1.5 5.907704437324485
      vertex -24.5 1.5 5.9
    endloop
  endfacet
  facet normal 0 1 0
    outer loop
      vertex -26 1.5 0.06604211735275559
      vertex -24.5 1.5 5.9
      vertex -24.343172575472703 1.5 5.907704437324485
    endloop
  endfacet
  facet normal 0 1 0
    outer loop
      vertex -26 1.5 0.06604211735275559
      vertex -24.343172575472703 1.5 5.907704437324485
      vertex -24.187855484774193 1.5 5.930743551354832
    endloop
  endfacet
  facet normal 0 1 0
    outer loop
      vertex -26 1.5 0.06604211735275559
      vertex -24.187855484774193 1.5 5.930743551354832
      vertex -24.03554451639286 1.5 5.968895462828466
    endloop
  endfacet
  facet normal 0 1 0
    outer loop
      vertex -26 1.5 0.06604211735275559
      vertex -24.03554451639286 1.5 5.968895462828466
      vertex -23.887706508215857 1.5 6.021792747981941
    endloop
  endfacet
  facet normal 1.5167183711772292e-21 -1 2.767192482191074e-37
    outer loop
      vertex -26.5 -7.583591855886158e-21 0
      vertex -26.031104537171533 -6.872409493252571e-21 7.035544516392861
      vertex -26.06925644864517 -6.930275198280163e-21 7.187855484774195
    endloop
  endfacet
  facet normal 1.516718371177257e-21 -1 -1.2133944359211374e-36
    outer loop
      vertex -26.5 -7.583591855886158e-21 0
      vertex -26.06925644864517 -6.930275198280163e-21 7.187855484774195
      vertex -26.092295562675517 -6.965219045785638e-21 7.343172575472703
    endloop
  endfacet
  facet normal 1.5167183711772486e-21 -1 -7.80318910544715e-37
    outer loop
      vertex -26.5 -7.583591855886158e-21 0
      vertex -26.092295562675517 -6.965219045785638e-21 7.343172575472703
      vertex -26.1 -6.976904507415268e-21 7.5
    endloop
  endfacet
  facet normal 0.5956993044924348 0 0.8032075314806438
    outer loop
      vertex -25.388912372831363 -5.8983848397717685e-21 6.169648620315927
      vertex -25.388912372831363 1.5 6.169648620315927
      vertex -25.515029254661833 -6.0896686313596295e-21 6.263183274619621
    endloop
  endfacet
  facet normal 0.5956993044924348 0 0.8032075314806438
    outer loop
      vertex -25.388912372831363 1.5 6.169648620315927
      vertex -25.515029254661833 1.5 6.263183274619621
      vertex -25.515029254661833 -6.0896686313596295e-21 6.263183274619621
    endloop
  endfacet
  facet normal 0.427555093430281 0 0.9039892931234439
    outer loop
      vertex -25.112293491784143 -5.478831901072961e-21 6.021792747981941
      vertex -25.112293491784143 1.5 6.021792747981941
      vertex -25.254234778921596 -5.694116858902877e-21 6.088925977042631
    endloop
  endfacet
  facet normal 0.33688985339221633 0 0.9415440651830221
    outer loop
      vertex -25.112293491784143 -5.478831901072961e-21 6.021792747981941
      vertex -24.96445548360714 -5.254603278112648e-21 5.968895462828466
      vertex -24.96445548360714 1.5 5.968895462828466
    endloop
  endfacet
  facet normal 0.5141027441932213 0 0.8577286100002722
    outer loop
      vertex -25.388912372831363 -5.8983848397717685e-21 6.169648620315927
      vertex -25.254234778921596 -5.694116858902877e-21 6.088925977042631
      vertex -25.254234778921596 1.5 6.088925977042631
    endloop
  endfacet
  facet normal 0.33688985339221633 0 0.9415440651830221
    outer loop
      vertex -25.112293491784143 -5.478831901072961e-21 6.021792747981941
      vertex -24.96445548360714 1.5 5.968895462828466
      vertex -25.112293491784143 1.5 6.021792747981941
    endloop
  endfacet
  facet normal 0.5141027441932213 0 0.8577286100002722
    outer loop
      vertex -25.388912372831363 -5.8983848397717685e-21 6.169648620315927
      vertex -25.254234778921596 1.5 6.088925977042631
      vertex -25.388912372831363 1.5 6.169648620315927
    endloop
  endfacet
  facet normal 0.427555093430281 0 0.9039892931234439
    outer loop
      vertex -25.254234778921596 -5.694116858902877e-21 6.088925977042631
      vertex -25.112293491784143 1.5 6.021792747981941
      vertex -25.254234778921596 1.5 6.088925977042631
    endloop
  endfacet
  facet normal 0.24298017990326629 0 0.9700312531945434
    outer loop
      vertex -24.96445548360714 -5.254603278112648e-21 5.968895462828466
      vertex -24.812144515225807 -5.0235904342368866e-21 5.930743551354832
      vertex -24.812144515225807 1.5 5.930743551354832
    endloop
  endfacet
  facet normal 0.1467304744553628 0 0.9891765099647809
    outer loop
      vertex -24.812144515225807 -5.0235904342368866e-21 5.930743551354832
      vertex -24.656827424527297 -4.788018149416656e-21 5.907704437324485
      vertex -24.656827424527297 1.5 5.907704437324485
    endloop
  endfacet
  facet normal 0.049067674327415406 0 0.9987954562051725
    outer loop
      vertex -24.656827424527297 -4.788018149416656e-21 5.907704437324485
      vertex -24.5 -4.550155113531694e-21 5.9
      vertex -24.5 1.5 5.9
    endloop
  endfacet
  facet normal 0.24298017990326629 0 0.9700312531945434
    outer loop
      vertex -24.96445548360714 -5.254603278112648e-21 5.968895462828466
      vertex -24.812144515225807 1.5 5.930743551354832
      vertex -24.96445548360714 1.5 5.968895462828466
    endloop
  endfacet
  facet normal 0.1467304744553628 0 0.9891765099647809
    outer loop
      vertex -24.812144515225807 -5.0235904342368866e-21 5.930743551354832
      vertex -24.656827424527297 1.5 5.907704437324485
      vertex -24.812144515225807 1.5 5.930743551354832
    endloop
  endfacet
  facet normal 0.049067674327415406 0 0.9987954562051725
    outer loop
      vertex -24.656827424527297 -4.788018149416656e-21 5.907704437324485
      vertex -24.5 1.5 5.9
      vertex -24.656827424527297 1.5 5.907704437324485
    endloop
  endfacet
  facet normal 0 1 0
    outer loop
      vertex -26 1.5 0.06604211735275559
      vertex -26.06925644864517 1.5 7.187855484774195
      vertex -26.031104537171533 1.5 7.035544516392861
    endloop
  endfacet
  facet normal 0 1 0
    outer loop
      vertex -26 1.5 0.06604211735275559
      vertex -26.092295562675517 1.5 7.343172575472703
      vertex -26.06925644864517 1.5 7.187855484774195
    endloop
  endfacet
  facet normal 0 1 0
    outer loop
      vertex -26 1.5 0.06604211735275559
      vertex -26.1 1.5 7.5
      vertex -26.092295562675517 1.5 7.343172575472703
    endloop
  endfacet
  facet normal 2.2927170105979943e-22 -1 5.539269911006384e-22
    outer loop
      vertex -26.5 -7.583591855886158e-21 0
      vertex -23.368629150101523 -3.3379015519293344e-21 6.3686291501015235
      vertex -23.484970745338167 -3.422984703902913e-21 6.263183274619621
    endloop
  endfacet
  facet normal 2.2927170105980624e-22 -1 5.539269911006247e-22
    outer loop
      vertex -26.5 -7.583591855886158e-21 0
      vertex -23.26318327461962 -3.2492810468985772e-21 6.484970745338167
      vertex -23.368629150101523 -3.3379015519293344e-21 6.3686291501015235
    endloop
  endfacet
  facet normal 2.2927170105980624e-22 -1 5.539269911006515e-22
    outer loop
      vertex -26.5 -7.583591855886158e-21 0
      vertex -23.16964862031593 -3.157976652718983e-21 6.6110876271686365
      vertex -23.26318327461962 -3.2492810468985772e-21 6.484970745338167
    endloop
  endfacet
  facet normal 2.292717010597913e-22 -1 5.539269911006468e-22
    outer loop
      vertex -26.5 -7.583591855886158e-21 0
      vertex -23.08892597704263 -3.06486768061856e-21 6.745765221078404
      vertex -23.16964862031593 -3.157976652718983e-21 6.6110876271686365
    endloop
  endfacet
  facet normal 2.117849345400863e-22 -1 5.638671244700763e-22
    outer loop
      vertex -26.5 -7.583591855886158e-21 0
      vertex -20.2 -5.1216125193434615e-21 2
      vertex -20.2 0 11.083013172929288
    endloop
  endfacet
  facet normal -0.049067674327415406 0 0.9987954562051725
    outer loop
      vertex -24.5 -4.550155113531694e-21 5.9
      vertex -24.343172575472703 -4.312292077646733e-21 5.907704437324485
      vertex -24.343172575472703 1.5 5.907704437324485
    endloop
  endfacet
  facet normal -0.1467304744553628 0 0.9891765099647809
    outer loop
      vertex -24.343172575472703 -4.312292077646733e-21 5.907704437324485
      vertex -24.187855484774193 -4.076719792826502e-21 5.930743551354832
      vertex -24.187855484774193 1.5 5.930743551354832
    endloop
  endfacet
  facet normal -0.24298017990326629 0 0.9700312531945434
    outer loop
      vertex -24.187855484774193 -4.076719792826502e-21 5.930743551354832
      vertex -24.03554451639286 -3.9050643959866975e-21 5.968895462828466
      vertex -24.03554451639286 1.5 5.968895462828466
    endloop
  endfacet
  facet normal -0.049067674327415406 0 0.9987954562051725
    outer loop
      vertex -24.5 -4.550155113531694e-21 5.9
      vertex -24.343172575472703 1.5 5.907704437324485
      vertex -24.5 1.5 5.9
    endloop
  endfacet
  facet normal -0.1467304744553628 0 0.9891765099647809
    outer loop
      vertex -24.343172575472703 -4.312292077646733e-21 5.907704437324485
      vertex -24.187855484774193 1.5 5.930743551354832
      vertex -24.343172575472703 1.5 5.907704437324485
    endloop
  endfacet
  facet normal -0.24298017990326629 0 0.9700312531945434
    outer loop
      vertex -24.187855484774193 -4.076719792826502e-21 5.930743551354832
      vertex -24.03554451639286 1.5 5.968895462828466
      vertex -24.187855484774193 1.5 5.930743551354832
    endloop
  endfacet
  facet normal -0.33688985339221633 0 0.9415440651830221
    outer loop
      vertex -24.03554451639286 -3.9050643959866975e-21 5.968895462828466
      vertex -23.887706508215857 -3.778620061532977e-21 6.021792747981941
      vertex -23.887706508215857 1.5 6.021792747981941
    endloop
  endfacet
  facet normal -0.427555093430281 0 0.9039892931234439
    outer loop
      vertex -23.887706508215857 -3.778620061532977e-21 6.021792747981941
      vertex -23.745765221078404 -3.652172159536717e-21 6.088925977042631
      vertex -23.745765221078404 1.5 6.088925977042631
    endloop
  endfacet
  facet normal -0.5141027441932213 0 0.8577286100002722
    outer loop
      vertex -23.745765221078404 -3.652172159536717e-21 6.088925977042631
      vertex -23.611087627168637 -3.526938452417594e-21 6.169648620315927
      vertex -23.611087627168637 1.5 6.169648620315927
    endloop
  endfacet
  facet normal -0.33688985339221633 0 0.9415440651830221
    outer loop
      vertex -24.03554451639286 -3.9050643959866975e-21 5.968895462828466
      vertex -23.887706508215857 1.5 6.021792747981941
      vertex -24.03554451639286 1.5 5.968895462828466
    endloop
  endfacet
  facet normal -0.427555093430281 0 0.9039892931234439
    outer loop
      vertex -23.887706508215857 -3.778620061532977e-21 6.021792747981941
      vertex -23.745765221078404 1.5 6.088925977042631
      vertex -23.887706508215857 1.5 6.021792747981941
    endloop
  endfacet
  facet normal -0.5141027441932213 0 0.8577286100002722
    outer loop
      vertex -23.745765221078404 -3.652172159536717e-21 6.088925977042631
      vertex -23.611087627168637 1.5 6.169648620315927
      vertex -23.745765221078404 1.5 6.088925977042631
    endloop
  endfacet
  facet normal 2.292717010598021e-22 -1 5.539269911006333e-22
    outer loop
      vertex -26.5 -7.583591855886158e-21 0
      vertex -20.2 0 11.083013172929288
      vertex -23.08892597704263 -3.06486768061856e-21 6.745765221078404
    endloop
  endfacet
  facet normal -0.5956993044924348 0 0.8032075314806438
    outer loop
      vertex -23.611087627168637 -3.526938452417594e-21 6.169648620315927
      vertex -23.484970745338167 -3.422984703902913e-21 6.263183274619621
      vertex -23.484970745338167 1.5 6.263183274619621
    endloop
  endfacet
  facet normal -0.5956993044924348 0 0.8032075314806438
    outer loop
      vertex -23.611087627168637 -3.526938452417594e-21 6.169648620315927
      vertex -23.484970745338167 1.5 6.263183274619621
      vertex -23.611087627168637 1.5 6.169648620315927
    endloop
  endfacet
  facet normal 0 1 0
    outer loop
      vertex -23.887706508215857 1.5 6.021792747981941
      vertex -23.745765221078404 1.5 6.088925977042631
      vertex -20.2 1.5 2
    endloop
  endfacet
  facet normal 0 1 0
    outer loop
      vertex -23.745765221078404 1.5 6.088925977042631
      vertex -23.611087627168637 1.5 6.169648620315927
      vertex -20.2 1.5 2
    endloop
  endfacet
  facet normal 0 1 0
    outer loop
      vertex -23.611087627168637 1.5 6.169648620315927
      vertex -23.484970745338167 1.5 6.263183274619621
      vertex -20.2 1.5 2
    endloop
  endfacet
  facet normal 0 1 0
    outer loop
      vertex -20.2 1.5 2
      vertex -23.484970745338167 1.5 6.263183274619621
      vertex -23.368629150101523 1.5 6.3686291501015235
    endloop
  endfacet
  facet normal 0 1 0
    outer loop
      vertex -20.2 1.5 2
      vertex -23.368629150101523 1.5 6.3686291501015235
      vertex -23.26318327461962 1.5 6.484970745338167
    endloop
  endfacet
  facet normal 0 1 0
    outer loop
      vertex -20.2 1.5 2
      vertex -23.26318327461962 1.5 6.484970745338167
      vertex -23.16964862031593 1.5 6.6110876271686365
    endloop
  endfacet
  facet normal 0 1 0
    outer loop
      vertex -20.2 1.5 2
      vertex -23.16964862031593 1.5 6.6110876271686365
      vertex -23.08892597704263 1.5 6.745765221078404
    endloop
  endfacet
  facet normal 0 1 0
    outer loop
      vertex -20.2 1.5 2
      vertex -23.08892597704263 1.5 6.745765221078404
      vertex -23.02179274798194 1.5 6.887706508215857
    endloop
  endfacet
  facet normal 0 1 0
    outer loop
      vertex -20.2 1.5 2
      vertex -23.02179274798194 1.5 6.887706508215857
      vertex -22.968895462828467 1.5 7.035544516392861
    endloop
  endfacet
  facet normal 0 1 0
    outer loop
      vertex -20.2 1.5 2
      vertex -22.968895462828467 1.5 7.035544516392861
      vertex -22.93074355135483 1.5 7.187855484774195
    endloop
  endfacet
  facet normal 0 1 0
    outer loop
      vertex -20.2 1.5 2
      vertex -22.93074355135483 1.5 7.187855484774195
      vertex -22.907704437324483 1.5 7.343172575472703
    endloop
  endfacet
  facet normal 0 1 0
    outer loop
      vertex -20.2 1.5 2
      vertex -22.907704437324483 1.5 7.343172575472703
      vertex -22.9 1.5 7.5
    endloop
  endfacet
  facet normal 0 1 0
    outer loop
      vertex -20.2 1.5 2
      vertex -22.9 1.5 7.5
      vertex -22.907704437324483 1.5 7.656827424527297
    endloop
  endfacet
  facet normal 0 1 0
    outer loop
      vertex -20.2 1.5 2
      vertex -22.907704437324483 1.5 7.656827424527297
      vertex -22.93074355135483 1.5 7.812144515225805
    endloop
  endfacet
  facet normal 0 1 0
    outer loop
      vertex -20.2 1.5 2
      vertex -22.93074355135483 1.5 7.812144515225805
      vertex -22.968895462828467 1.5 7.964455483607139
    endloop
  endfacet
  facet normal 0 1 0
    outer loop
      vertex -20.2 1.5 2
      vertex -22.968895462828467 1.5 7.964455483607139
      vertex -23.02179274798194 1.5 8.112293491784143
    endloop
  endfacet
  facet normal 1 0 0
    outer loop
      vertex -20.2 -5.1216125193434615e-21 2
      vertex -20.2 1.5 2
      vertex -20.2 0 11.083013172929288
    endloop
  endfacet
  facet normal 0.740951125354964 0 0.6715589548470131
    outer loop
      vertex -25.631370849898477 -6.2661260661871135e-21 6.3686291501015235
      vertex -25.631370849898477 1.5 6.3686291501015235
      vertex -25.73681672538038 -6.4260577626953804e-21 6.484970745338167
    endloop
  endfacet
  facet normal 0.6715589548470133 0 0.7409511253549637
    outer loop
      vertex -25.631370849898477 -6.2661260661871135e-21 6.3686291501015235
      vertex -25.515029254661833 -6.0896686313596295e-21 6.263183274619621
      vertex -25.515029254661833 1.5 6.263183274619621
    endloop
  endfacet
  facet normal 0.8032075314806493 0 0.5956993044924275
    outer loop
      vertex -25.83035137968407 -6.567923491219502e-21 6.6110876271686365
      vertex -25.73681672538038 -6.4260577626953804e-21 6.484970745338167
      vertex -25.73681672538038 1.5 6.484970745338167
    endloop
  endfacet
  facet normal 0.6715589548470133 0 0.7409511253549637
    outer loop
      vertex -25.631370849898477 -6.2661260661871135e-21 6.3686291501015235
      vertex -25.515029254661833 1.5 6.263183274619621
      vertex -25.631370849898477 1.5 6.3686291501015235
    endloop
  endfacet
  facet normal 0.740951125354964 0 0.6715589548470131
    outer loop
      vertex -25.73681672538038 -6.4260577626953804e-21 6.484970745338167
      vertex -25.631370849898477 1.5 6.3686291501015235
      vertex -25.73681672538038 1.5 6.484970745338167
    endloop
  endfacet
  facet normal 0.8032075314806493 0 0.5956993044924275
    outer loop
      vertex -25.83035137968407 -6.567923491219502e-21 6.6110876271686365
      vertex -25.73681672538038 1.5 6.484970745338167
      vertex -25.83035137968407 1.5 6.6110876271686365
    endloop
  endfacet
  facet normal 0.8577286100002673 0 0.5141027441932297
    outer loop
      vertex -25.83035137968407 -6.567923491219502e-21 6.6110876271686365
      vertex -25.83035137968407 1.5 6.6110876271686365
      vertex -25.91107402295737 -6.690357007242098e-21 6.745765221078404
    endloop
  endfacet
  facet normal 0.9039892931234439 0 0.427555093430281
    outer loop
      vertex -25.91107402295737 -6.690357007242098e-21 6.745765221078404
      vertex -25.91107402295737 1.5 6.745765221078404
      vertex -25.97820725201806 -6.792179209074897e-21 6.887706508215857
    endloop
  endfacet
  facet normal 0.9415440651830239 0 0.33688985339221134
    outer loop
      vertex -25.97820725201806 -6.792179209074897e-21 6.887706508215857
      vertex -25.97820725201806 1.5 6.887706508215857
      vertex -26.031104537171533 -6.872409493252571e-21 7.035544516392861
    endloop
  endfacet
  facet normal 0.8577286100002673 0 0.5141027441932297
    outer loop
      vertex -25.91107402295737 -6.690357007242098e-21 6.745765221078404
      vertex -25.83035137968407 1.5 6.6110876271686365
      vertex -25.91107402295737 1.5 6.745765221078404
    endloop
  endfacet
  facet normal 0.9039892931234439 0 0.427555093430281
    outer loop
      vertex -25.97820725201806 -6.792179209074897e-21 6.887706508215857
      vertex -25.91107402295737 1.5 6.745765221078404
      vertex -25.97820725201806 1.5 6.887706508215857
    endloop
  endfacet
  facet normal 0.9415440651830242 -9.83280939421306e-17 0.33688985339221045
    outer loop
      vertex -25.97820725201806 1.5 6.887706508215857
      vertex -26 1.5 6.948613158623453
      vertex -26.031104537171533 -6.872409493252571e-21 7.035544516392861
    endloop
  endfacet
  facet normal 0.9415440651830236 0 0.3368898533922119
    outer loop
      vertex -26 1.5 6.948613158623453
      vertex -26.031104537171533 1.5 7.035544516392861
      vertex -26.031104537171533 -6.872409493252571e-21 7.035544516392861
    endloop
  endfacet
  facet normal 0.9700312531945401 0 0.24298017990327958
    outer loop
      vertex -26.06925644864517 -6.930275198280163e-21 7.187855484774195
      vertex -26.031104537171533 -6.872409493252571e-21 7.035544516392861
      vertex -26.031104537171533 1.5 7.035544516392861
    endloop
  endfacet
  facet normal 0.9891765099647807 0 0.14673047445536444
    outer loop
      vertex -26.06925644864517 -6.930275198280163e-21 7.187855484774195
      vertex -26.06925644864517 1.5 7.187855484774195
      vertex -26.092295562675517 -6.965219045785638e-21 7.343172575472703
    endloop
  endfacet
  facet normal 0.9987954562051725 0 0.049067674327415406
    outer loop
      vertex -26.092295562675517 -6.965219045785638e-21 7.343172575472703
      vertex -26.092295562675517 1.5 7.343172575472703
      vertex -26.1 -6.976904507415268e-21 7.5
    endloop
  endfacet
  facet normal 0.9700312531945401 0 0.24298017990327958
    outer loop
      vertex -26.06925644864517 -6.930275198280163e-21 7.187855484774195
      vertex -26.031104537171533 1.5 7.035544516392861
      vertex -26.06925644864517 1.5 7.187855484774195
    endloop
  endfacet
  facet normal 0.9891765099647807 0 0.14673047445536444
    outer loop
      vertex -26.092295562675517 -6.965219045785638e-21 7.343172575472703
      vertex -26.06925644864517 1.5 7.187855484774195
      vertex -26.092295562675517 1.5 7.343172575472703
    endloop
  endfacet
  facet normal 0.9987954562051725 0 -0.049067674327415406
    outer loop
      vertex -26.1 -6.976904507415268e-21 7.5
      vertex -26.1 1.5 7.5
      vertex -26.092295562675517 -6.965219045785638e-21 7.656827424527297
    endloop
  endfacet
  facet normal 0.9891765099647807 0 -0.14673047445536444
    outer loop
      vertex -26.092295562675517 -6.965219045785638e-21 7.656827424527297
      vertex -26.092295562675517 1.5 7.656827424527297
      vertex -26.06925644864517 -6.930275198280163e-21 7.812144515225805
    endloop
  endfacet
  facet normal 0.9987954562051725 0 0.049067674327415406
    outer loop
      vertex -26.1 -6.976904507415268e-21 7.5
      vertex -26.092295562675517 1.5 7.343172575472703
      vertex -26.1 1.5 7.5
    endloop
  endfacet
  facet normal 0.9987954562051725 0 -0.049067674327415406
    outer loop
      vertex -26.092295562675517 -6.965219045785638e-21 7.656827424527297
      vertex -26.1 1.5 7.5
      vertex -26.092295562675517 1.5 7.656827424527297
    endloop
  endfacet
  facet normal 0.9891765099647807 0 -0.14673047445536444
    outer loop
      vertex -26.06925644864517 -6.930275198280163e-21 7.812144515225805
      vertex -26.092295562675517 1.5 7.656827424527297
      vertex -26.06925644864517 1.5 7.812144515225805
    endloop
  endfacet
  facet normal -0.9238792989590684 -0.3826839962095364 0
    outer loop
      vertex -27.560659408569336 0.439339816570282 0
      vertex -28 1.5 25
      vertex -28 1.5 0
    endloop
  endfacet
  facet normal -0.3826836587419254 -0.9238794387428987 0
    outer loop
      vertex -27.560659408569336 0.439339816570282 0
      vertex -26.5 -7.583591855886158e-21 0
      vertex -27.560659408569336 0.439339816570282 25
    endloop
  endfacet
  facet normal 0 1 0
    outer loop
      vertex -26.5 1.5 0
      vertex -26.5 1.5 25
      vertex -26 1.5 0.06604211735275559
    endloop
  endfacet
  facet normal 0.9700312531945401 0 -0.24298017990327958
    outer loop
      vertex -26.06925644864517 -6.930275198280163e-21 7.812144515225805
      vertex -26.06925644864517 1.5 7.812144515225805
      vertex -26.031104537171533 -6.872409493252571e-21 7.964455483607139
    endloop
  endfacet
  facet normal 0.9415440651830239 0 -0.33688985339221134
    outer loop
      vertex -26.031104537171533 -6.872409493252571e-21 7.964455483607139
      vertex -26.031104537171533 1.5 7.964455483607139
      vertex -25.97820725201806 -6.792179209074897e-21 8.112293491784143
    endloop
  endfacet
  facet normal 0.9039892931234439 0 -0.427555093430281
    outer loop
      vertex -25.97820725201806 -6.792179209074897e-21 8.112293491784143
      vertex -25.97820725201806 1.5 8.112293491784143
      vertex -25.91107402295737 -6.690357007242098e-21 8.254234778921596
    endloop
  endfacet
  facet normal 0.9700312531945401 0 -0.24298017990327958
    outer loop
      vertex -26.06925644864517 1.5 7.812144515225805
      vertex -26.031104537171533 1.5 7.964455483607139
      vertex -26.031104537171533 -6.872409493252571e-21 7.964455483607139
    endloop
  endfacet
  facet normal 0.9415440651830247 2.693032806738589e-16 -0.3368898533922089
    outer loop
      vertex -25.97820725201806 -6.792179209074897e-21 8.112293491784143
      vertex -26.031104537171533 1.5 7.964455483607139
      vertex -26 1.5 8.051386841376548
    endloop
  endfacet
  facet normal 0.9415440651830227 0 -0.3368898533922148
    outer loop
      vertex -25.97820725201806 -6.792179209074897e-21 8.112293491784143
      vertex -26 1.5 8.051386841376548
      vertex -25.97820725201806 1.5 8.112293491784143
    endloop
  endfacet
  facet normal 0.8577286100002673 0 -0.5141027441932297
    outer loop
      vertex -25.91107402295737 -6.690357007242098e-21 8.254234778921596
      vertex -25.91107402295737 1.5 8.254234778921596
      vertex -25.83035137968407 -6.567923491219502e-21 8.388912372831363
    endloop
  endfacet
  facet normal 0.9039892931234439 0 -0.427555093430281
    outer loop
      vertex -25.91107402295737 -6.690357007242098e-21 8.254234778921596
      vertex -25.97820725201806 1.5 8.112293491784143
      vertex -25.91107402295737 1.5 8.254234778921596
    endloop
  endfacet
  facet normal 0.8577286100002673 0 -0.5141027441932297
    outer loop
      vertex -25.83035137968407 -6.567923491219502e-21 8.388912372831363
      vertex -25.91107402295737 1.5 8.254234778921596
      vertex -25.83035137968407 1.5 8.388912372831363
    endloop
  endfacet
  facet normal 0.8032075314806493 0 -0.5956993044924275
    outer loop
      vertex -25.83035137968407 -6.567923491219502e-21 8.388912372831363
      vertex -25.83035137968407 1.5 8.388912372831363
      vertex -25.73681672538038 -6.4260577626953804e-21 8.515029254661833
    endloop
  endfacet
  facet normal 0.7409511253549614 0 -0.6715589548470159
    outer loop
      vertex -25.73681672538038 -6.4260577626953804e-21 8.515029254661833
      vertex -25.73681672538038 1.5 8.515029254661833
      vertex -25.631370849898477 -6.2661260661871135e-21 8.631370849898476
    endloop
  endfacet
  facet normal 0.8032075314806493 0 -0.5956993044924275
    outer loop
      vertex -25.73681672538038 -6.4260577626953804e-21 8.515029254661833
      vertex -25.83035137968407 1.5 8.388912372831363
      vertex -25.73681672538038 1.5 8.515029254661833
    endloop
  endfacet
  facet normal 0.7409511253549614 0 -0.6715589548470159
    outer loop
      vertex -25.73681672538038 1.5 8.515029254661833
      vertex -25.631370849898477 1.5 8.631370849898476
      vertex -25.631370849898477 -6.2661260661871135e-21 8.631370849898476
    endloop
  endfacet
  facet normal 0.6715589548470164 0 -0.7409511253549609
    outer loop
      vertex -25.631370849898477 -6.2661260661871135e-21 8.631370849898476
      vertex -25.631370849898477 1.5 8.631370849898476
      vertex -25.515029254661833 -6.0896686313596295e-21 8.736816725380379
    endloop
  endfacet
  facet normal 0.5956993044924348 0 -0.8032075314806438
    outer loop
      vertex -25.515029254661833 -6.0896686313596295e-21 8.736816725380379
      vertex -25.515029254661833 1.5 8.736816725380379
      vertex -25.388912372831363 -5.8983848397717685e-21 8.830351379684073
    endloop
  endfacet
  facet normal 0.6715589548470164 0 -0.7409511253549609
    outer loop
      vertex -25.515029254661833 -6.0896686313596295e-21 8.736816725380379
      vertex -25.631370849898477 1.5 8.631370849898476
      vertex -25.515029254661833 1.5 8.736816725380379
    endloop
  endfacet
  facet normal 0.5956993044924348 0 -0.8032075314806438
    outer loop
      vertex -25.388912372831363 -5.8983848397717685e-21 8.830351379684073
      vertex -25.515029254661833 1.5 8.736816725380379
      vertex -25.388912372831363 1.5 8.830351379684073
    endloop
  endfacet
  facet normal 0.5141027441932213 0 -0.8577286100002722
    outer loop
      vertex -25.388912372831363 -5.8983848397717685e-21 8.830351379684073
      vertex -25.388912372831363 1.5 8.830351379684073
      vertex -25.254234778921596 -5.694116858902877e-21 8.911074022957369
    endloop
  endfacet
  facet normal 0.427555093430281 0 -0.9039892931234439
    outer loop
      vertex -25.254234778921596 -5.694116858902877e-21 8.911074022957369
      vertex -25.254234778921596 1.5 8.911074022957369
      vertex -25.112293491784143 -5.478831901072961e-21 8.97820725201806
    endloop
  endfacet
  facet normal 0.5141027441932213 0 -0.8577286100002722
    outer loop
      vertex -25.388912372831363 1.5 8.830351379684073
      vertex -25.254234778921596 1.5 8.911074022957369
      vertex -25.254234778921596 -5.694116858902877e-21 8.911074022957369
    endloop
  endfacet
  facet normal 0.427555093430281 0 -0.9039892931234439
    outer loop
      vertex -25.112293491784143 -5.478831901072961e-21 8.97820725201806
      vertex -25.254234778921596 1.5 8.911074022957369
      vertex -25.112293491784143 1.5 8.97820725201806
    endloop
  endfacet
  facet normal 0.33688985339222133 0 -0.9415440651830204
    outer loop
      vertex -25.112293491784143 -5.478831901072961e-21 8.97820725201806
      vertex -25.112293491784143 1.5 8.97820725201806
      vertex -24.96445548360714 -5.254603278112648e-21 9.031104537171535
    endloop
  endfacet
  facet normal 0.33688985339222133 0 -0.9415440651830204
    outer loop
      vertex -24.96445548360714 -5.254603278112648e-21 9.031104537171535
      vertex -25.112293491784143 1.5 8.97820725201806
      vertex -24.96445548360714 1.5 9.031104537171535
    endloop
  endfacet
  facet normal 0.24298017990326093 0 -0.9700312531945446
    outer loop
      vertex -24.96445548360714 -5.254603278112648e-21 9.031104537171535
      vertex -24.96445548360714 1.5 9.031104537171535
      vertex -24.812144515225807 -5.0235904342368866e-21 9.069256448645168
    endloop
  endfacet
  facet normal 0.1467304744553628 0 -0.9891765099647809
    outer loop
      vertex -24.812144515225807 -5.0235904342368866e-21 9.069256448645168
      vertex -24.812144515225807 1.5 9.069256448645168
      vertex -24.656827424527297 -4.788018149416656e-21 9.092295562675515
    endloop
  endfacet
  facet normal 0.049067674327415406 0 -0.9987954562051725
    outer loop
      vertex -24.656827424527297 -4.788018149416656e-21 9.092295562675515
      vertex -24.656827424527297 1.5 9.092295562675515
      vertex -24.5 -4.550155113531694e-21 9.1
    endloop
  endfacet
  facet normal 0.24298017990326093 0 -0.9700312531945446
    outer loop
      vertex -24.812144515225807 -5.0235904342368866e-21 9.069256448645168
      vertex -24.96445548360714 1.5 9.031104537171535
      vertex -24.812144515225807 1.5 9.069256448645168
    endloop
  endfacet
  facet normal 0.1467304744553628 0 -0.9891765099647809
    outer loop
      vertex -24.656827424527297 -4.788018149416656e-21 9.092295562675515
      vertex -24.812144515225807 1.5 9.069256448645168
      vertex -24.656827424527297 1.5 9.092295562675515
    endloop
  endfacet
  facet normal 0.049067674327415406 0 -0.9987954562051725
    outer loop
      vertex -24.656827424527297 1.5 9.092295562675515
      vertex -24.5 1.5 9.1
      vertex -24.5 -4.550155113531694e-21 9.1
    endloop
  endfacet
  facet normal -0.6715589548470133 0 0.7409511253549637
    outer loop
      vertex -23.484970745338167 -3.422984703902913e-21 6.263183274619621
      vertex -23.368629150101523 -3.3379015519293344e-21 6.3686291501015235
      vertex -23.368629150101523 1.5 6.3686291501015235
    endloop
  endfacet
  facet normal -0.740951125354964 0 0.6715589548470131
    outer loop
      vertex -23.368629150101523 -3.3379015519293344e-21 6.3686291501015235
      vertex -23.26318327461962 -3.2492810468985772e-21 6.484970745338167
      vertex -23.26318327461962 1.5 6.484970745338167
    endloop
  endfacet
  facet normal -0.8032075314806493 0 0.5956993044924275
    outer loop
      vertex -23.26318327461962 -3.2492810468985772e-21 6.484970745338167
      vertex -23.16964862031593 -3.157976652718983e-21 6.6110876271686365
      vertex -23.16964862031593 1.5 6.6110876271686365
    endloop
  endfacet
  facet normal -0.6715589548470133 0 0.7409511253549637
    outer loop
      vertex -23.484970745338167 -3.422984703902913e-21 6.263183274619621
      vertex -23.368629150101523 1.5 6.3686291501015235
      vertex -23.484970745338167 1.5 6.263183274619621
    endloop
  endfacet
  facet normal -0.740951125354964 0 0.6715589548470131
    outer loop
      vertex -23.368629150101523 -3.3379015519293344e-21 6.3686291501015235
      vertex -23.26318327461962 1.5 6.484970745338167
      vertex -23.368629150101523 1.5 6.3686291501015235
    endloop
  endfacet
  facet normal -0.8032075314806493 0 0.5956993044924275
    outer loop
      vertex -23.26318327461962 -3.2492810468985772e-21 6.484970745338167
      vertex -23.16964862031593 1.5 6.6110876271686365
      vertex -23.26318327461962 1.5 6.484970745338167
    endloop
  endfacet
  facet normal -0.8577286100002673 0 0.5141027441932297
    outer loop
      vertex -23.16964862031593 -3.157976652718983e-21 6.6110876271686365
      vertex -23.08892597704263 -3.06486768061856e-21 6.745765221078404
      vertex -23.08892597704263 1.5 6.745765221078404
    endloop
  endfacet
  facet normal -0.9039892931234439 0 0.427555093430281
    outer loop
      vertex -23.08892597704263 -3.06486768061856e-21 6.745765221078404
      vertex -23.02179274798194 -2.970850820897178e-21 6.887706508215857
      vertex -23.02179274798194 1.5 6.887706508215857
    endloop
  endfacet
  facet normal -0.9415440651830239 0 0.33688985339221134
    outer loop
      vertex -23.02179274798194 -2.970850820897178e-21 6.887706508215857
      vertex -22.968895462828467 -2.8768315073087968e-21 7.035544516392861
      vertex -22.968895462828467 1.5 7.035544516392861
    endloop
  endfacet
  facet normal -0.8577286100002673 0 0.5141027441932297
    outer loop
      vertex -23.16964862031593 -3.157976652718983e-21 6.6110876271686365
      vertex -23.08892597704263 1.5 6.745765221078404
      vertex -23.16964862031593 1.5 6.6110876271686365
    endloop
  endfacet
  facet normal -0.9039892931234439 0 0.427555093430281
    outer loop
      vertex -23.08892597704263 -3.06486768061856e-21 6.745765221078404
      vertex -23.02179274798194 1.5 6.887706508215857
      vertex -23.08892597704263 1.5 6.745765221078404
    endloop
  endfacet
  facet normal -0.9415440651830239 0 0.33688985339221134
    outer loop
      vertex -23.02179274798194 -2.970850820897178e-21 6.887706508215857
      vertex -22.968895462828467 1.5 7.035544516392861
      vertex -23.02179274798194 1.5 6.887706508215857
    endloop
  endfacet
  facet normal -0.9700312531945401 0 0.24298017990327958
    outer loop
      vertex -22.968895462828467 -2.8768315073087968e-21 7.035544516392861
      vertex -22.93074355135483 -2.7837151972394572e-21 7.187855484774195
      vertex -22.93074355135483 1.5 7.187855484774195
    endloop
  endfacet
  facet normal -0.9891765099647807 0 0.14673047445536444
    outer loop
      vertex -22.93074355135483 -2.7837151972394572e-21 7.187855484774195
      vertex -22.907704437324483 -2.69239865165768e-21 7.343172575472703
      vertex -22.907704437324483 1.5 7.343172575472703
    endloop
  endfacet
  facet normal -0.9700312531945401 0 0.24298017990327958
    outer loop
      vertex -22.968895462828467 -2.8768315073087968e-21 7.035544516392861
      vertex -22.93074355135483 1.5 7.187855484774195
      vertex -22.968895462828467 1.5 7.035544516392861
    endloop
  endfacet
  facet normal -0.9891765099647807 0 0.14673047445536444
    outer loop
      vertex -22.93074355135483 -2.7837151972394572e-21 7.187855484774195
      vertex -22.907704437324483 1.5 7.343172575472703
      vertex -22.93074355135483 1.5 7.187855484774195
    endloop
  endfacet
  facet normal -0.9987954562051725 0 0.049067674327415406
    outer loop
      vertex -22.907704437324483 -2.69239865165768e-21 7.343172575472703
      vertex -22.9 1.5 7.5
      vertex -22.907704437324483 1.5 7.343172575472703
    endloop
  endfacet
  facet normal -0.9987954562051725 0 0.049067674327415406
    outer loop
      vertex -22.907704437324483 -2.69239865165768e-21 7.343172575472703
      vertex -22.9 -2.6037612988161195e-21 7.5
      vertex -22.9 1.5 7.5
    endloop
  endfacet
  facet normal -0.9987954562051725 0 -0.049067674327415406
    outer loop
      vertex -22.9 -2.6037612988161195e-21 7.5
      vertex -22.907704437324483 -2.5438649990340393e-21 7.656827424527297
      vertex -22.907704437324483 1.5 7.656827424527297
    endloop
  endfacet
  facet normal -0.9891765099647807 0 -0.14673047445536444
    outer loop
      vertex -22.907704437324483 -2.5438649990340393e-21 7.656827424527297
      vertex -22.93074355135483 -2.5130687817390322e-21 7.812144515225805
      vertex -22.93074355135483 1.5 7.812144515225805
    endloop
  endfacet
  facet normal -0.9987954562051725 0 -0.049067674327415406
    outer loop
      vertex -22.9 -2.6037612988161195e-21 7.5
      vertex -22.907704437324483 1.5 7.656827424527297
      vertex -22.9 1.5 7.5
    endloop
  endfacet
  facet normal -0.9891765099647807 0 -0.14673047445536444
    outer loop
      vertex -22.907704437324483 -2.5438649990340393e-21 7.656827424527297
      vertex -22.93074355135483 1.5 7.812144515225805
      vertex -22.907704437324483 1.5 7.656827424527297
    endloop
  endfacet
  facet normal -0.9700312531945401 0 -0.24298017990327958
    outer loop
      vertex -22.93074355135483 -2.5130687817390322e-21 7.812144515225805
      vertex -22.968895462828467 -2.4944569475466044e-21 7.964455483607139
      vertex -22.968895462828467 1.5 7.964455483607139
    endloop
  endfacet
  facet normal -0.9415440651830239 0 -0.33688985339221134
    outer loop
      vertex -22.968895462828467 -2.4944569475466044e-21 7.964455483607139
      vertex -23.02179274798194 -2.4882087385942868e-21 8.112293491784143
      vertex -23.02179274798194 1.5 8.112293491784143
    endloop
  endfacet
  facet normal -0.9700312531945401 0 -0.24298017990327958
    outer loop
      vertex -22.93074355135483 -2.5130687817390322e-21 7.812144515225805
      vertex -22.968895462828467 1.5 7.964455483607139
      vertex -22.93074355135483 1.5 7.812144515225805
    endloop
  endfacet
  facet normal -0.9415440651830239 0 -0.33688985339221134
    outer loop
      vertex -22.968895462828467 -2.4944569475466044e-21 7.964455483607139
      vertex -23.02179274798194 1.5 8.112293491784143
      vertex -22.968895462828467 1.5 7.964455483607139
    endloop
  endfacet
  facet normal -0.9039892931234439 0 -0.427555093430281
    outer loop
      vertex -23.02179274798194 -2.4882087385942868e-21 8.112293491784143
      vertex -23.08892597704263 1.5 8.254234778921596
      vertex -23.02179274798194 1.5 8.112293491784143
    endloop
  endfacet
  facet normal -0.8032075314806493 0 -0.5956993044924275
    outer loop
      vertex -23.26318327461962 -2.6742524643680088e-21 8.515029254661833
      vertex -23.26318327461962 1.5 8.515029254661833
      vertex -23.16964862031593 -2.5323867358438877e-21 8.388912372831363
    endloop
  endfacet
  facet normal -0.7409511253549614 0 -0.6715589548470159
    outer loop
      vertex -23.26318327461962 -2.6742524643680088e-21 8.515029254661833
      vertex -23.368629150101523 -2.8341841608762757e-21 8.631370849898476
      vertex -23.368629150101523 1.5 8.631370849898476
    endloop
  endfacet
  facet normal -0.8032075314806493 0 -0.5956993044924275
    outer loop
      vertex -23.16964862031593 -2.5323867358438877e-21 8.388912372831363
      vertex -23.26318327461962 1.5 8.515029254661833
      vertex -23.16964862031593 1.5 8.388912372831363
    endloop
  endfacet
  facet normal -0.7409511253549614 0 -0.6715589548470159
    outer loop
      vertex -23.26318327461962 -2.6742524643680088e-21 8.515029254661833
      vertex -23.368629150101523 1.5 8.631370849898476
      vertex -23.26318327461962 1.5 8.515029254661833
    endloop
  endfacet
  facet normal -0.9039892931234439 0 -0.427555093430281
    outer loop
      vertex -23.02179274798194 -2.4882087385942868e-21 8.112293491784143
      vertex -23.08892597704263 -2.494384328549913e-21 8.254234778921596
      vertex -23.08892597704263 1.5 8.254234778921596
    endloop
  endfacet
  facet normal -0.8577286100002673 0 -0.5141027441932297
    outer loop
      vertex -23.08892597704263 -2.494384328549913e-21 8.254234778921596
      vertex -23.16964862031593 -2.5323867358438877e-21 8.388912372831363
      vertex -23.16964862031593 1.5 8.388912372831363
    endloop
  endfacet
  facet normal -0.8577286100002673 0 -0.5141027441932297
    outer loop
      vertex -23.08892597704263 -2.494384328549913e-21 8.254234778921596
      vertex -23.16964862031593 1.5 8.388912372831363
      vertex -23.08892597704263 1.5 8.254234778921596
    endloop
  endfacet
  facet normal -0.5141027441932213 0 -0.8577286100002722
    outer loop
      vertex -23.745765221078404 -3.4061933681605124e-21 8.911074022957369
      vertex -23.745765221078404 1.5 8.911074022957369
      vertex -23.611087627168637 -3.201925387291621e-21 8.830351379684073
    endloop
  endfacet
  facet normal -0.427555093430281 0 -0.9039892931234439
    outer loop
      vertex -23.887706508215857 -3.621478325990429e-21 8.97820725201806
      vertex -23.887706508215857 1.5 8.97820725201806
      vertex -23.745765221078404 -3.4061933681605124e-21 8.911074022957369
    endloop
  endfacet
  facet normal -0.5141027441932213 0 -0.8577286100002722
    outer loop
      vertex -23.745765221078404 1.5 8.911074022957369
      vertex -23.611087627168637 1.5 8.830351379684073
      vertex -23.611087627168637 -3.201925387291621e-21 8.830351379684073
    endloop
  endfacet
  facet normal -0.427555093430281 0 -0.9039892931234439
    outer loop
      vertex -23.745765221078404 -3.4061933681605124e-21 8.911074022957369
      vertex -23.887706508215857 1.5 8.97820725201806
      vertex -23.745765221078404 1.5 8.911074022957369
    endloop
  endfacet
  facet normal -0.049067674327415406 0 -0.9987954562051725
    outer loop
      vertex -24.5 -4.550155113531694e-21 9.1
      vertex -24.5 1.5 9.1
      vertex -24.343172575472703 -4.312292077646733e-21 9.092295562675515
    endloop
  endfacet
  facet normal -0.1467304744553628 0 -0.9891765099647809
    outer loop
      vertex -24.343172575472703 -4.312292077646733e-21 9.092295562675515
      vertex -24.343172575472703 1.5 9.092295562675515
      vertex -24.187855484774193 -4.076719792826502e-21 9.069256448645168
    endloop
  endfacet
  facet normal -0.24298017990326093 0 -0.9700312531945446
    outer loop
      vertex -24.187855484774193 -4.076719792826502e-21 9.069256448645168
      vertex -24.187855484774193 1.5 9.069256448645168
      vertex -24.03554451639286 -3.845706948950741e-21 9.031104537171535
    endloop
  endfacet
  facet normal -0.049067674327415406 0 -0.9987954562051725
    outer loop
      vertex -24.343172575472703 -4.312292077646733e-21 9.092295562675515
      vertex -24.5 1.5 9.1
      vertex -24.343172575472703 1.5 9.092295562675515
    endloop
  endfacet
  facet normal -0.1467304744553628 0 -0.9891765099647809
    outer loop
      vertex -24.187855484774193 -4.076719792826502e-21 9.069256448645168
      vertex -24.343172575472703 1.5 9.092295562675515
      vertex -24.187855484774193 1.5 9.069256448645168
    endloop
  endfacet
  facet normal -0.24298017990326093 0 -0.9700312531945446
    outer loop
      vertex -24.03554451639286 -3.845706948950741e-21 9.031104537171535
      vertex -24.187855484774193 1.5 9.069256448645168
      vertex -24.03554451639286 1.5 9.031104537171535
    endloop
  endfacet
  facet normal -0.33688985339222133 0 -0.9415440651830204
    outer loop
      vertex -23.887706508215857 -3.621478325990429e-21 8.97820725201806
      vertex -24.03554451639286 -3.845706948950741e-21 9.031104537171535
      vertex -24.03554451639286 1.5 9.031104537171535
    endloop
  endfacet
  facet normal -0.33688985339222133 0 -0.9415440651830204
    outer loop
      vertex -23.887706508215857 -3.621478325990429e-21 8.97820725201806
      vertex -24.03554451639286 1.5 9.031104537171535
      vertex -23.887706508215857 1.5 8.97820725201806
    endloop
  endfacet
  facet normal -0.6715589548470164 0 -0.7409511253549609
    outer loop
      vertex -23.484970745338167 -3.0106415957037597e-21 8.736816725380379
      vertex -23.484970745338167 1.5 8.736816725380379
      vertex -23.368629150101523 -2.8341841608762757e-21 8.631370849898476
    endloop
  endfacet
  facet normal -0.5956993044924348 0 -0.8032075314806438
    outer loop
      vertex -23.484970745338167 -3.0106415957037597e-21 8.736816725380379
      vertex -23.611087627168637 -3.201925387291621e-21 8.830351379684073
      vertex -23.611087627168637 1.5 8.830351379684073
    endloop
  endfacet
  facet normal -0.6715589548470164 0 -0.7409511253549609
    outer loop
      vertex -23.368629150101523 -2.8341841608762757e-21 8.631370849898476
      vertex -23.484970745338167 1.5 8.736816725380379
      vertex -23.368629150101523 1.5 8.631370849898476
    endloop
  endfacet
  facet normal -0.5956993044924348 0 -0.8032075314806438
    outer loop
      vertex -23.484970745338167 -3.0106415957037597e-21 8.736816725380379
      vertex -23.611087627168637 1.5 8.830351379684073
      vertex -23.484970745338167 1.5 8.736816725380379
    endloop
  endfacet
  facet normal 2.292717010598071e-22 -1 5.539269911006304e-22
    outer loop
      vertex -23.08892597704263 -3.06486768061856e-21 6.745765221078404
      vertex -20.2 0 11.083013172929288
      vertex -23.02179274798194 -2.970850820897178e-21 6.887706508215857
    endloop
  endfacet
  facet normal 2.292717010597989e-22 -1 5.539269911006354e-22
    outer loop
      vertex -23.02179274798194 -2.970850820897178e-21 6.887706508215857
      vertex -20.2 0 11.083013172929288
      vertex -22.968895462828467 -2.8768315073087968e-21 7.035544516392861
    endloop
  endfacet
  facet normal 2.292717010598071e-22 -1 5.5392699110063e-22
    outer loop
      vertex -22.968895462828467 -2.8768315073087968e-21 7.035544516392861
      vertex -20.2 0 11.083013172929288
      vertex -22.93074355135483 -2.7837151972394572e-21 7.187855484774195
    endloop
  endfacet
  facet normal 2.2927170105980427e-22 -1 5.53926991100632e-22
    outer loop
      vertex -22.93074355135483 -2.7837151972394572e-21 7.187855484774195
      vertex -20.2 0 11.083013172929288
      vertex -22.907704437324483 -2.69239865165768e-21 7.343172575472703
    endloop
  endfacet
  facet normal 2.292717010597998e-22 -1 5.539269911006351e-22
    outer loop
      vertex -22.907704437324483 -2.69239865165768e-21 7.343172575472703
      vertex -20.2 0 11.083013172929288
      vertex -22.9 -2.6037612988161195e-21 7.5
    endloop
  endfacet
  facet normal 5.406604498154921e-22 -1 4.084858533168158e-22
    outer loop
      vertex -22.9 -2.6037612988161195e-21 7.5
      vertex -21.0601806640625 0 11.439043998718262
      vertex -22.907704437324483 -2.5438649990340393e-21 7.656827424527297
    endloop
  endfacet
  facet normal 7.448128788838535e-22 -1 3.087621969173516e-22
    outer loop
      vertex -22.907704437324483 -2.5438649990340393e-21 7.656827424527297
      vertex -21.0601806640625 0 11.439043998718262
      vertex -22.93074355135483 -2.5130687817390322e-21 7.812144515225805
    endloop
  endfacet
  facet normal 7.448128788838591e-22 -1 3.0876219691734874e-22
    outer loop
      vertex -22.93074355135483 -2.5130687817390322e-21 7.812144515225805
      vertex -21.0601806640625 0 11.439043998718262
      vertex -22.968895462828467 -2.4944569475466044e-21 7.964455483607139
    endloop
  endfacet
  facet normal 7.448128788838577e-22 -1 3.0876219691734945e-22
    outer loop
      vertex -22.968895462828467 -2.4944569475466044e-21 7.964455483607139
      vertex -21.0601806640625 0 11.439043998718262
      vertex -23.02179274798194 -2.4882087385942868e-21 8.112293491784143
    endloop
  endfacet
  facet normal 7.448128788838579e-22 -1 3.0876219691734935e-22
    outer loop
      vertex -23.02179274798194 -2.4882087385942868e-21 8.112293491784143
      vertex -21.0601806640625 0 11.439043998718262
      vertex -23.08892597704263 -2.494384328549913e-21 8.254234778921596
    endloop
  endfacet
  facet normal 0 1 0
    outer loop
      vertex -20.2 1.5 2
      vertex -23.02179274798194 1.5 8.112293491784143
      vertex -20.2 1.5 15.125
    endloop
  endfacet
  facet normal 1.5167183711772303e-21 -1 0
    outer loop
      vertex -26.5 -7.583591855886158e-21 0
      vertex -26.1 -6.976904507415268e-21 7.5
      vertex -26.5 -7.583591855886158e-21 25
    endloop
  endfacet
  facet normal 1.5167183711772648e-21 -1 0
    outer loop
      vertex -26.092295562675517 -6.965219045785638e-21 7.656827424527297
      vertex -26.06925644864517 -6.930275198280163e-21 7.812144515225805
      vertex -26.092295562675517 -6.965219045785638e-21 17.343172575472703
    endloop
  endfacet
  facet normal 0 1 0
    outer loop
      vertex -26.1 1.5 7.5
      vertex -26.092295562675517 1.5 17.343172575472703
      vertex -26.092295562675517 1.5 7.656827424527297
    endloop
  endfacet
  facet normal 0 1 0
    outer loop
      vertex -26 1.5 0.06604211735275559
      vertex -26.5 1.5 25
      vertex -26.1 1.5 7.5
    endloop
  endfacet
  facet normal 0 1 0
    outer loop
      vertex -26.092295562675517 1.5 7.656827424527297
      vertex -26.06925644864517 1.5 17.187855484774193
      vertex -26.06925644864517 1.5 7.812144515225805
    endloop
  endfacet
  facet normal 0 1 0
    outer loop
      vertex -26.06925644864517 1.5 7.812144515225805
      vertex -26.031104537171533 1.5 17.03554451639286
      vertex -26.031104537171533 1.5 7.964455483607139
    endloop
  endfacet
  facet normal 1.5167183711772271e-21 -1 0
    outer loop
      vertex -26.06925644864517 -6.930275198280163e-21 7.812144515225805
      vertex -26.031104537171533 -6.872409493252571e-21 7.964455483607139
      vertex -26.06925644864517 -6.930275198280163e-21 17.187855484774193
    endloop
  endfacet
  facet normal 1.516718371177224e-21 -1 0
    outer loop
      vertex -26.031104537171533 -6.872409493252571e-21 7.964455483607139
      vertex -25.97820725201806 -6.792179209074897e-21 8.112293491784143
      vertex -26.031104537171533 -6.872409493252571e-21 17.03554451639286
    endloop
  endfacet
  facet normal 1.5167183711772318e-21 -1 0
    outer loop
      vertex -25.97820725201806 -6.792179209074897e-21 8.112293491784143
      vertex -25.91107402295737 -6.690357007242098e-21 8.254234778921596
      vertex -25.97820725201806 -6.792179209074897e-21 16.887706508215857
    endloop
  endfacet
  facet normal 1.5167183711772288e-21 -1 0
    outer loop
      vertex -25.91107402295737 -6.690357007242098e-21 8.254234778921596
      vertex -25.83035137968407 -6.567923491219502e-21 8.388912372831363
      vertex -25.91107402295737 -6.690357007242098e-21 16.745765221078404
    endloop
  endfacet
  facet normal 1.5167183711772332e-21 -1 0
    outer loop
      vertex -25.83035137968407 -6.567923491219502e-21 8.388912372831363
      vertex -25.73681672538038 -6.4260577626953804e-21 8.515029254661833
      vertex -25.83035137968407 -6.567923491219502e-21 16.611087627168637
    endloop
  endfacet
  facet normal 1.51671837117723e-21 -1 0
    outer loop
      vertex -25.73681672538038 -6.4260577626953804e-21 8.515029254661833
      vertex -25.631370849898477 -6.2661260661871135e-21 8.631370849898476
      vertex -25.73681672538038 -6.4260577626953804e-21 16.484970745338167
    endloop
  endfacet
  facet normal 1.5167183711772335e-21 -1 0
    outer loop
      vertex -25.631370849898477 -6.2661260661871135e-21 8.631370849898476
      vertex -25.515029254661833 -6.0896686313596295e-21 8.736816725380379
      vertex -25.631370849898477 -6.2661260661871135e-21 16.368629150101523
    endloop
  endfacet
  facet normal 1.5167183711772288e-21 -1 0
    outer loop
      vertex -25.515029254661833 -6.0896686313596295e-21 8.736816725380379
      vertex -25.388912372831363 -5.8983848397717685e-21 8.830351379684073
      vertex -25.515029254661833 -6.0896686313596295e-21 16.26318327461962
    endloop
  endfacet
  facet normal 1.5167183711772324e-21 -1 0
    outer loop
      vertex -25.388912372831363 -5.8983848397717685e-21 8.830351379684073
      vertex -25.254234778921596 -5.694116858902877e-21 8.911074022957369
      vertex -25.388912372831363 -5.8983848397717685e-21 16.16964862031593
    endloop
  endfacet
  facet normal 1.5167183711772294e-21 -1 0
    outer loop
      vertex -25.254234778921596 -5.694116858902877e-21 8.911074022957369
      vertex -25.112293491784143 -5.478831901072961e-21 8.97820725201806
      vertex -25.254234778921596 -5.694116858902877e-21 16.08892597704263
    endloop
  endfacet
  facet normal 1.516718371177237e-21 -1 0
    outer loop
      vertex -25.112293491784143 -5.478831901072961e-21 8.97820725201806
      vertex -24.96445548360714 -5.254603278112648e-21 9.031104537171535
      vertex -25.112293491784143 -5.478831901072961e-21 16.02179274798194
    endloop
  endfacet
  facet normal 1.5167183711772322e-21 -1 0
    outer loop
      vertex -24.96445548360714 -5.254603278112648e-21 9.031104537171535
      vertex -24.812144515225807 -5.0235904342368866e-21 9.069256448645168
      vertex -24.96445548360714 -5.254603278112648e-21 15.968895462828465
    endloop
  endfacet
  facet normal 1.5167183711772286e-21 -1 0
    outer loop
      vertex -24.812144515225807 -5.0235904342368866e-21 9.069256448645168
      vertex -24.656827424527297 -4.788018149416656e-21 9.092295562675515
      vertex -24.812144515225807 -5.0235904342368866e-21 15.930743551354832
    endloop
  endfacet
  facet normal 1.5167183711772358e-21 -1 0
    outer loop
      vertex -24.656827424527297 -4.788018149416656e-21 9.092295562675515
      vertex -24.5 -4.550155113531694e-21 9.1
      vertex -24.656827424527297 -4.788018149416656e-21 15.907704437324485
    endloop
  endfacet
  facet normal 0 1 0
    outer loop
      vertex -26.031104537171533 1.5 7.964455483607139
      vertex -26 1.5 16.948613158623452
      vertex -26 1.5 8.051386841376548
    endloop
  endfacet
  facet normal 0 1 0
    outer loop
      vertex -26 1.5 8.051386841376548
      vertex -25.97820725201806 1.5 16.887706508215857
      vertex -25.97820725201806 1.5 8.112293491784143
    endloop
  endfacet
  facet normal 0 1 0
    outer loop
      vertex -25.97820725201806 1.5 8.112293491784143
      vertex -25.91107402295737 1.5 16.745765221078404
      vertex -25.91107402295737 1.5 8.254234778921596
    endloop
  endfacet
  facet normal 0 1 0
    outer loop
      vertex -25.91107402295737 1.5 8.254234778921596
      vertex -25.83035137968407 1.5 16.611087627168637
      vertex -25.83035137968407 1.5 8.388912372831363
    endloop
  endfacet
  facet normal 0 1 0
    outer loop
      vertex -25.83035137968407 1.5 8.388912372831363
      vertex -25.73681672538038 1.5 16.484970745338167
      vertex -25.73681672538038 1.5 8.515029254661833
    endloop
  endfacet
  facet normal 0 1 0
    outer loop
      vertex -25.73681672538038 1.5 8.515029254661833
      vertex -25.631370849898477 1.5 16.368629150101523
      vertex -25.631370849898477 1.5 8.631370849898476
    endloop
  endfacet
  facet normal 0 1 0
    outer loop
      vertex -25.631370849898477 1.5 8.631370849898476
      vertex -25.515029254661833 1.5 16.26318327461962
      vertex -25.515029254661833 1.5 8.736816725380379
    endloop
  endfacet
  facet normal 0 1 0
    outer loop
      vertex -25.515029254661833 1.5 8.736816725380379
      vertex -25.388912372831363 1.5 16.16964862031593
      vertex -25.388912372831363 1.5 8.830351379684073
    endloop
  endfacet
  facet normal 0 1 0
    outer loop
      vertex -25.388912372831363 1.5 8.830351379684073
      vertex -25.254234778921596 1.5 16.08892597704263
      vertex -25.254234778921596 1.5 8.911074022957369
    endloop
  endfacet
  facet normal 0 1 0
    outer loop
      vertex -25.254234778921596 1.5 8.911074022957369
      vertex -25.112293491784143 1.5 16.02179274798194
      vertex -25.112293491784143 1.5 8.97820725201806
    endloop
  endfacet
  facet normal 0 1 0
    outer loop
      vertex -25.112293491784143 1.5 8.97820725201806
      vertex -24.96445548360714 1.5 15.968895462828465
      vertex -24.96445548360714 1.5 9.031104537171535
    endloop
  endfacet
  facet normal 0 1 0
    outer loop
      vertex -24.96445548360714 1.5 9.031104537171535
      vertex -24.812144515225807 1.5 15.930743551354832
      vertex -24.812144515225807 1.5 9.069256448645168
    endloop
  endfacet
  facet normal 0 1 0
    outer loop
      vertex -24.812144515225807 1.5 9.069256448645168
      vertex -24.656827424527297 1.5 15.907704437324485
      vertex -24.656827424527297 1.5 9.092295562675515
    endloop
  endfacet
  facet normal 0 1 0
    outer loop
      vertex -24.656827424527297 1.5 9.092295562675515
      vertex -24.5 1.5 15.9
      vertex -24.5 1.5 9.1
    endloop
  endfacet
  facet normal 1.516718371177233e-21 -1 -7.2659860322598e-37
    outer loop
      vertex -23.484970745338167 -3.0106415957037597e-21 8.736816725380379
      vertex -23.368629150101523 -2.8341841608762757e-21 8.631370849898476
      vertex -21.5 0 12.5
    endloop
  endfacet
  facet normal 1.5167183711772298e-21 -1 1.1395586473132213e-36
    outer loop
      vertex -23.887706508215857 -3.621478325990429e-21 8.97820725201806
      vertex -23.745765221078404 -3.4061933681605124e-21 8.911074022957369
      vertex -21.5 0 12.5
    endloop
  endfacet
  facet normal 1.5167183711772317e-21 -1 -1.4242708655159344e-37
    outer loop
      vertex -23.484970745338167 -3.0106415957037597e-21 8.736816725380379
      vertex -21.5 0 12.5
      vertex -23.611087627168637 -3.201925387291621e-21 8.830351379684073
    endloop
  endfacet
  facet normal 1.5167183711772322e-21 -1 -4.2447344644073714e-37
    outer loop
      vertex -23.745765221078404 -3.4061933681605124e-21 8.911074022957369
      vertex -23.611087627168637 -3.201925387291621e-21 8.830351379684073
      vertex -21.5 0 12.5
    endloop
  endfacet
  facet normal 1.5167183711772315e-21 -1 -2.907129847066716e-37
    outer loop
      vertex -23.887706508215857 -3.621478325990429e-21 8.97820725201806
      vertex -21.5 0 12.5
      vertex -24.03554451639286 -3.845706948950741e-21 9.031104537171535
    endloop
  endfacet
  facet normal 8.932409222157129e-22 -1 2.5321480757967644e-22
    outer loop
      vertex -23.08892597704263 -2.494384328549913e-21 8.254234778921596
      vertex -21.5 0 12.5
      vertex -23.16964862031593 -2.5323867358438877e-21 8.388912372831363
    endloop
  endfacet
  facet normal 1.5167183711772302e-21 -1 6.320923683270179e-37
    outer loop
      vertex -23.26318327461962 -2.6742524643680088e-21 8.515029254661833
      vertex -23.16964862031593 -2.5323867358438877e-21 8.388912372831363
      vertex -21.5 0 12.5
    endloop
  endfacet
  facet normal 1.5167183711772303e-21 -1 5.263433208292083e-37
    outer loop
      vertex -23.26318327461962 -2.6742524643680088e-21 8.515029254661833
      vertex -21.5 0 12.5
      vertex -23.368629150101523 -2.8341841608762757e-21 8.631370849898476
    endloop
  endfacet
  facet normal 2.2927170105980267e-22 -1 5.539269911006334e-22
    outer loop
      vertex -22.9 -2.6037612988161195e-21 7.5
      vertex -20.2 0 11.083013172929288
      vertex -21.0601806640625 0 11.439043998718262
    endloop
  endfacet
  facet normal 7.448128788838572e-22 -1 3.087621969173494e-22
    outer loop
      vertex -23.08892597704263 -2.494384328549913e-21 8.254234778921596
      vertex -21.0601806640625 0 11.439043998718262
      vertex -21.5 0 12.5
    endloop
  endfacet
  facet normal 0 1 0
    outer loop
      vertex -23.02179274798194 1.5 8.112293491784143
      vertex -23.08892597704263 1.5 8.254234778921596
      vertex -20.2 1.5 15.125
    endloop
  endfacet
  facet normal 0 1 0
    outer loop
      vertex -23.484970745338167 1.5 8.736816725380379
      vertex -20.2 1.5 15.125
      vertex -23.368629150101523 1.5 8.631370849898476
    endloop
  endfacet
  facet normal 0 1 0
    outer loop
      vertex -23.484970745338167 1.5 8.736816725380379
      vertex -23.611087627168637 1.5 8.830351379684073
      vertex -20.2 1.5 15.125
    endloop
  endfacet
  facet normal 0 1 0
    outer loop
      vertex -23.08892597704263 1.5 8.254234778921596
      vertex -23.16964862031593 1.5 8.388912372831363
      vertex -20.2 1.5 15.125
    endloop
  endfacet
  facet normal 0 1 0
    outer loop
      vertex -23.26318327461962 1.5 8.515029254661833
      vertex -20.2 1.5 15.125
      vertex -23.16964862031593 1.5 8.388912372831363
    endloop
  endfacet
  facet normal 0 1 0
    outer loop
      vertex -23.26318327461962 1.5 8.515029254661833
      vertex -23.368629150101523 1.5 8.631370849898476
      vertex -20.2 1.5 15.125
    endloop
  endfacet
  facet normal 1.5167183711772262e-21 -1 0
    outer loop
      vertex -24.5 -4.550155113531694e-21 9.1
      vertex -24.343172575472703 -4.312292077646733e-21 9.092295562675515
      vertex -24.5 -4.550155113531694e-21 15.9
    endloop
  endfacet
  facet normal 1.5167183711772335e-21 -1 0
    outer loop
      vertex -24.343172575472703 -4.312292077646733e-21 9.092295562675515
      vertex -24.187855484774193 -4.076719792826502e-21 9.069256448645168
      vertex -24.343172575472703 -4.312292077646733e-21 15.907704437324485
    endloop
  endfacet
  facet normal 1.5167183711772322e-21 -1 0
    outer loop
      vertex -24.187855484774193 -4.076719792826502e-21 9.069256448645168
      vertex -24.03554451639286 -3.845706948950741e-21 9.031104537171535
      vertex -24.187855484774193 -4.076719792826502e-21 15.930743551354832
    endloop
  endfacet
  facet normal 0 1 0
    outer loop
      vertex -23.887706508215857 1.5 8.97820725201806
      vertex -23.745765221078404 1.5 16.08892597704263
      vertex -23.745765221078404 1.5 8.911074022957369
    endloop
  endfacet
  facet normal 0 1 0
    outer loop
      vertex -23.745765221078404 1.5 8.911074022957369
      vertex -23.611087627168637 1.5 16.16964862031593
      vertex -23.611087627168637 1.5 8.830351379684073
    endloop
  endfacet
  facet normal 0 1 0
    outer loop
      vertex -24.5 1.5 9.1
      vertex -24.343172575472703 1.5 15.907704437324485
      vertex -24.343172575472703 1.5 9.092295562675515
    endloop
  endfacet
  facet normal 0 1 0
    outer loop
      vertex -24.343172575472703 1.5 9.092295562675515
      vertex -24.187855484774193 1.5 15.930743551354832
      vertex -24.187855484774193 1.5 9.069256448645168
    endloop
  endfacet
  facet normal 0 1 0
    outer loop
      vertex -24.187855484774193 1.5 9.069256448645168
      vertex -24.03554451639286 1.5 15.968895462828465
      vertex -24.03554451639286 1.5 9.031104537171535
    endloop
  endfacet
  facet normal 0 1 0
    outer loop
      vertex -23.887706508215857 1.5 8.97820725201806
      vertex -24.03554451639286 1.5 9.031104537171535
      vertex -23.887706508215857 1.5 16.02179274798194
    endloop
  endfacet
  facet normal 1 0 0
    outer loop
      vertex -20.2 1.5 2
      vertex -20.2 1.5 15.125
      vertex -20.2 0 11.083013172929288
    endloop
  endfacet
  facet normal 0 -1 0
    outer loop
      vertex -21.0601806640625 0 11.439043998718262
      vertex -20.2 0 11.083013172929288
      vertex -20.2 0 13.916986827070712
    endloop
  endfacet
  facet normal 0 0 -1
    outer loop
      vertex -27.560659408569336 0.439339816570282 0
      vertex -28 1.5 0
      vertex -26.5 51.5 0
    endloop
  endfacet
  facet normal 0 0 -1
    outer loop
      vertex -27.560659408569336 0.439339816570282 0
      vertex -26.5 51.5 0
      vertex -26.5 1.5 0
    endloop
  endfacet
  facet normal 1 0 0
    outer loop
      vertex -26.5 1.5 0
      vertex -26.5 51.5 0
      vertex -26.5 16 11.000232696533203
    endloop
  endfacet
  facet normal -1 0 0
    outer loop
      vertex -28 1.5 0
      vertex -28 14.939820289611816 11.439043998718262
      vertex -28 16 11.000232696533203
    endloop
  endfacet
  facet normal 1 0 0
    outer loop
      vertex -26.5 1.5 0
      vertex -26.5 16 11.000232696533203
      vertex -26.5 14.939820289611816 11.439043998718262
    endloop
  endfacet
  facet normal -1 0 0
    outer loop
      vertex -28 1.5 0
      vertex -28 16 11.000232696533203
      vertex -28 17.0601806640625 11.439043998718262
    endloop
  endfacet
  facet normal -1 0 0
    outer loop
      vertex -28 1.5 0
      vertex -28 14.5 12.5
      vertex -28 14.939820289611816 11.439043998718262
    endloop
  endfacet
  facet normal -1 0 0
    outer loop
      vertex -28 1.5 0
      vertex -28 14.939820289611816 13.560956001281738
      vertex -28 14.5 12.5
    endloop
  endfacet
  facet normal 1 0 0
    outer loop
      vertex -26.5 1.5 0
      vertex -26.5 14.939820289611816 11.439043998718262
      vertex -26.5 1.5 25
    endloop
  endfacet
  facet normal -1 0 0
    outer loop
      vertex -28 1.5 0
      vertex -28 17.0601806640625 11.439043998718262
      vertex -28 31.5 12.5
    endloop
  endfacet
  facet normal -1 0 0
    outer loop
      vertex -28 1.5 0
      vertex -28 31.9398193359375 11.439043998718262
      vertex -28 33 11.000232696533203
    endloop
  endfacet
  facet normal -1 0 0
    outer loop
      vertex -28 1.5 0
      vertex -28 31.5 12.5
      vertex -28 31.9398193359375 11.439043998718262
    endloop
  endfacet
  facet normal 0 0.3824382947820019 0.923981033725387
    outer loop
      vertex -28 14.939820289611816 11.439043998718262
      vertex -26.5 16 11.000232696533203
      vertex -28 16 11.000232696533203
    endloop
  endfacet
  facet normal 0 0.3824382947820019 0.923981033725387
    outer loop
      vertex -28 14.939820289611816 11.439043998718262
      vertex -26.5 14.939820289611816 11.439043998718262
      vertex -26.5 16 11.000232696533203
    endloop
  endfacet
  facet normal 0 0.9237693116329774 0.38294942079226985
    outer loop
      vertex -28 14.939820289611816 11.439043998718262
      vertex -28 14.5 12.5
      vertex -26.5 14.939820289611816 11.439043998718262
    endloop
  endfacet
  facet normal 0 0.9237693116329774 0.38294942079226985
    outer loop
      vertex -26.5 14.939820289611816 11.439043998718262
      vertex -28 14.5 12.5
      vertex -26.5 14.5 12.5
    endloop
  endfacet
  facet normal 0 -0.3824380010794096 0.9239811552896441
    outer loop
      vertex -28 16 11.000232696533203
      vertex -26.5 17.0601806640625 11.439043998718262
      vertex -28 17.0601806640625 11.439043998718262
    endloop
  endfacet
  facet normal 0 -0.3824380010794096 0.9239811552896441
    outer loop
      vertex -28 16 11.000232696533203
      vertex -26.5 16 11.000232696533203
      vertex -26.5 17.0601806640625 11.439043998718262
    endloop
  endfacet
  facet normal 0 -0.923769605378278 0.38294871220472915
    outer loop
      vertex -28 17.0601806640625 11.439043998718262
      vertex -26.5 17.5 12.5
      vertex -28 17.5 12.5
    endloop
  endfacet
  facet normal 0 -0.923769605378278 0.38294871220472915
    outer loop
      vertex -28 17.0601806640625 11.439043998718262
      vertex -26.5 17.0601806640625 11.439043998718262
      vertex -26.5 17.5 12.5
    endloop
  endfacet
  facet normal -1 0 0
    outer loop
      vertex -28 17.0601806640625 11.439043998718262
      vertex -28 17.5 12.5
      vertex -28 31.5 12.5
    endloop
  endfacet
  facet normal 0 0 -1
    outer loop
      vertex -26.5 -7.583591855886158e-21 0
      vertex -26.5 1.5 0
      vertex 26.5 1.5 0
    endloop
  endfacet
  facet normal 0 1 0
    outer loop
      vertex -26.5 1.5 0
      vertex -26 1.5 0.06604211735275559
      vertex 26 1.5 0.06604211735275554
    endloop
  endfacet
  facet normal 0 1 0
    outer loop
      vertex -26 1.5 0.06604211735275559
      vertex -20.2 1.5 2
      vertex 20.2 1.5 2
    endloop
  endfacet
  facet normal 0 -1 1.2309896682713483e-21
    outer loop
      vertex -26.5 -7.583591855886158e-21 0
      vertex 26.5 -7.583591855886158e-21 0
      vertex -20.2 -5.1216125193434615e-21 2
    endloop
  endfacet
  facet normal 0 0 1
    outer loop
      vertex -20.2 -5.1216125193434615e-21 2
      vertex 20.2 1.5 2
      vertex -20.2 1.5 2
    endloop
  endfacet
  facet normal 1.5167183711772527e-21 -1 5.131964691000255e-37
    outer loop
      vertex -26.1 -6.976904507415268e-21 7.5
      vertex -26.092295562675517 -6.965219045785638e-21 7.656827424527297
      vertex -26.5 -7.583591855886158e-21 25
    endloop
  endfacet
  facet normal 1.5167183711772318e-21 -1 0
    outer loop
      vertex -25.91107402295737 -6.690357007242098e-21 8.254234778921596
      vertex -25.91107402295737 -6.690357007242098e-21 16.745765221078404
      vertex -25.97820725201806 -6.792179209074897e-21 16.887706508215857
    endloop
  endfacet
  facet normal 1.516718371177229e-21 -1 0
    outer loop
      vertex -25.83035137968407 -6.567923491219502e-21 8.388912372831363
      vertex -25.83035137968407 -6.567923491219502e-21 16.611087627168637
      vertex -25.91107402295737 -6.690357007242098e-21 16.745765221078404
    endloop
  endfacet
  facet normal 1.516718371177224e-21 -1 0
    outer loop
      vertex -25.97820725201806 -6.792179209074897e-21 8.112293491784143
      vertex -25.97820725201806 -6.792179209074897e-21 16.887706508215857
      vertex -26.031104537171533 -6.872409493252571e-21 17.03554451639286
    endloop
  endfacet
  facet normal 1.5167183711772298e-21 -1 0
    outer loop
      vertex -25.631370849898477 -6.2661260661871135e-21 8.631370849898476
      vertex -25.631370849898477 -6.2661260661871135e-21 16.368629150101523
      vertex -25.73681672538038 -6.4260577626953804e-21 16.484970745338167
    endloop
  endfacet
  facet normal 1.5167183711772288e-21 -1 0
    outer loop
      vertex -25.388912372831363 -5.8983848397717685e-21 8.830351379684073
      vertex -25.388912372831363 -5.8983848397717685e-21 16.16964862031593
      vertex -25.515029254661833 -6.0896686313596295e-21 16.26318327461962
    endloop
  endfacet
  facet normal 1.5167183711772335e-21 -1 0
    outer loop
      vertex -25.515029254661833 -6.0896686313596295e-21 8.736816725380379
      vertex -25.515029254661833 -6.0896686313596295e-21 16.26318327461962
      vertex -25.631370849898477 -6.2661260661871135e-21 16.368629150101523
    endloop
  endfacet
  facet normal 1.5167183711772334e-21 -1 0
    outer loop
      vertex -25.73681672538038 -6.4260577626953804e-21 8.515029254661833
      vertex -25.73681672538038 -6.4260577626953804e-21 16.484970745338167
      vertex -25.83035137968407 -6.567923491219502e-21 16.611087627168637
    endloop
  endfacet
  facet normal 1.5167183711772322e-21 -1 0
    outer loop
      vertex -24.812144515225807 -5.0235904342368866e-21 9.069256448645168
      vertex -24.812144515225807 -5.0235904342368866e-21 15.930743551354832
      vertex -24.96445548360714 -5.254603278112648e-21 15.968895462828465
    endloop
  endfacet
  facet normal 1.5167183711772285e-21 -1 0
    outer loop
      vertex -24.656827424527297 -4.788018149416656e-21 9.092295562675515
      vertex -24.656827424527297 -4.788018149416656e-21 15.907704437324485
      vertex -24.812144515225807 -5.0235904342368866e-21 15.930743551354832
    endloop
  endfacet
  facet normal 1.5167183711772358e-21 -1 0
    outer loop
      vertex -24.5 -4.550155113531694e-21 9.1
      vertex -24.5 -4.550155113531694e-21 15.9
      vertex -24.656827424527297 -4.788018149416656e-21 15.907704437324485
    endloop
  endfacet
  facet normal 1.5167183711772324e-21 -1 0
    outer loop
      vertex -25.254234778921596 -5.694116858902877e-21 8.911074022957369
      vertex -25.254234778921596 -5.694116858902877e-21 16.08892597704263
      vertex -25.388912372831363 -5.8983848397717685e-21 16.16964862031593
    endloop
  endfacet
  facet normal 1.5167183711772294e-21 -1 0
    outer loop
      vertex -25.112293491784143 -5.478831901072961e-21 8.97820725201806
      vertex -25.112293491784143 -5.478831901072961e-21 16.02179274798194
      vertex -25.254234778921596 -5.694116858902877e-21 16.08892597704263
    endloop
  endfacet
  facet normal 1.516718371177237e-21 -1 0
    outer loop
      vertex -24.96445548360714 -5.254603278112648e-21 9.031104537171535
      vertex -24.96445548360714 -5.254603278112648e-21 15.968895462828465
      vertex -25.112293491784143 -5.478831901072961e-21 16.02179274798194
    endloop
  endfacet
  facet normal 0 1 0
    outer loop
      vertex -26.06925644864517 1.5 7.812144515225805
      vertex -26.06925644864517 1.5 17.187855484774193
      vertex -26.031104537171533 1.5 17.03554451639286
    endloop
  endfacet
  facet normal 0 1 0
    outer loop
      vertex -25.97820725201806 1.5 8.112293491784143
      vertex -25.97820725201806 1.5 16.887706508215857
      vertex -25.91107402295737 1.5 16.745765221078404
    endloop
  endfacet
  facet normal 0 1 0
    outer loop
      vertex -26 1.5 8.051386841376548
      vertex -26 1.5 16.948613158623452
      vertex -25.97820725201806 1.5 16.887706508215857
    endloop
  endfacet
  facet normal 0 1 0
    outer loop
      vertex -25.91107402295737 1.5 8.254234778921596
      vertex -25.91107402295737 1.5 16.745765221078404
      vertex -25.83035137968407 1.5 16.611087627168637
    endloop
  endfacet
  facet normal 0 1 0
    outer loop
      vertex -26.031104537171533 1.5 7.964455483607139
      vertex -26.031104537171533 1.5 17.03554451639286
      vertex -26 1.5 16.948613158623452
    endloop
  endfacet
  facet normal 0 1 0
    outer loop
      vertex -25.83035137968407 1.5 8.388912372831363
      vertex -25.83035137968407 1.5 16.611087627168637
      vertex -25.73681672538038 1.5 16.484970745338167
    endloop
  endfacet
  facet normal 0 1 0
    outer loop
      vertex -25.73681672538038 1.5 8.515029254661833
      vertex -25.73681672538038 1.5 16.484970745338167
      vertex -25.631370849898477 1.5 16.368629150101523
    endloop
  endfacet
  facet normal 0 1 0
    outer loop
      vertex -25.631370849898477 1.5 8.631370849898476
      vertex -25.631370849898477 1.5 16.368629150101523
      vertex -25.515029254661833 1.5 16.26318327461962
    endloop
  endfacet
  facet normal 0 1 0
    outer loop
      vertex -25.515029254661833 1.5 8.736816725380379
      vertex -25.515029254661833 1.5 16.26318327461962
      vertex -25.388912372831363 1.5 16.16964862031593
    endloop
  endfacet
  facet normal 0 1 0
    outer loop
      vertex -25.112293491784143 1.5 8.97820725201806
      vertex -25.112293491784143 1.5 16.02179274798194
      vertex -24.96445548360714 1.5 15.968895462828465
    endloop
  endfacet
  facet normal 0 1 0
    outer loop
      vertex -24.96445548360714 1.5 9.031104537171535
      vertex -24.96445548360714 1.5 15.968895462828465
      vertex -24.812144515225807 1.5 15.930743551354832
    endloop
  endfacet
  facet normal 0 1 0
    outer loop
      vertex -24.812144515225807 1.5 9.069256448645168
      vertex -24.812144515225807 1.5 15.930743551354832
      vertex -24.656827424527297 1.5 15.907704437324485
    endloop
  endfacet
  facet normal 0 1 0
    outer loop
      vertex -24.656827424527297 1.5 9.092295562675515
      vertex -24.656827424527297 1.5 15.907704437324485
      vertex -24.5 1.5 15.9
    endloop
  endfacet
  facet normal 0 1 0
    outer loop
      vertex -25.388912372831363 1.5 8.830351379684073
      vertex -25.388912372831363 1.5 16.16964862031593
      vertex -25.254234778921596 1.5 16.08892597704263
    endloop
  endfacet
  facet normal 0 1 0
    outer loop
      vertex -25.254234778921596 1.5 8.911074022957369
      vertex -25.254234778921596 1.5 16.08892597704263
      vertex -25.112293491784143 1.5 16.02179274798194
    endloop
  endfacet
  facet normal 1.5167183711772275e-21 -1 0
    outer loop
      vertex -26.031104537171533 -6.872409493252571e-21 7.964455483607139
      vertex -26.031104537171533 -6.872409493252571e-21 17.03554451639286
      vertex -26.06925644864517 -6.930275198280163e-21 17.187855484774193
    endloop
  endfacet
  facet normal 1.516718371177265e-21 -1 0
    outer loop
      vertex -26.06925644864517 -6.930275198280163e-21 7.812144515225805
      vertex -26.06925644864517 -6.930275198280163e-21 17.187855484774193
      vertex -26.092295562675517 -6.965219045785638e-21 17.343172575472703
    endloop
  endfacet
  facet normal 0 1 0
    outer loop
      vertex -26.092295562675517 1.5 7.656827424527297
      vertex -26.092295562675517 1.5 17.343172575472703
      vertex -26.06925644864517 1.5 17.187855484774193
    endloop
  endfacet
  facet normal 0 1 0
    outer loop
      vertex -26.1 1.5 7.5
      vertex -26.1 1.5 17.5
      vertex -26.092295562675517 1.5 17.343172575472703
    endloop
  endfacet
  facet normal 1.5167183711772315e-21 -1 0
    outer loop
      vertex -24.03554451639286 -3.845706948950741e-21 9.031104537171535
      vertex -21.5 0 12.5
      vertex -24.03554451639286 -3.845706948950741e-21 15.968895462828465
    endloop
  endfacet
  facet normal 1.5167183711772262e-21 -1 0
    outer loop
      vertex -24.343172575472703 -4.312292077646733e-21 9.092295562675515
      vertex -24.343172575472703 -4.312292077646733e-21 15.907704437324485
      vertex -24.5 -4.550155113531694e-21 15.9
    endloop
  endfacet
  facet normal 1.5167183711772334e-21 -1 0
    outer loop
      vertex -24.187855484774193 -4.076719792826502e-21 9.069256448645168
      vertex -24.187855484774193 -4.076719792826502e-21 15.930743551354832
      vertex -24.343172575472703 -4.312292077646733e-21 15.907704437324485
    endloop
  endfacet
  facet normal 1.5167183711772322e-21 -1 0
    outer loop
      vertex -24.03554451639286 -3.845706948950741e-21 9.031104537171535
      vertex -24.03554451639286 -3.845706948950741e-21 15.968895462828465
      vertex -24.187855484774193 -4.076719792826502e-21 15.930743551354832
    endloop
  endfacet
  facet normal 0 1 0
    outer loop
      vertex -24.5 1.5 9.1
      vertex -24.5 1.5 15.9
      vertex -24.343172575472703 1.5 15.907704437324485
    endloop
  endfacet
  facet normal 0 1 0
    outer loop
      vertex -24.343172575472703 1.5 9.092295562675515
      vertex -24.343172575472703 1.5 15.907704437324485
      vertex -24.187855484774193 1.5 15.930743551354832
    endloop
  endfacet
  facet normal 0 1 0
    outer loop
      vertex -24.187855484774193 1.5 9.069256448645168
      vertex -24.187855484774193 1.5 15.930743551354832
      vertex -24.03554451639286 1.5 15.968895462828465
    endloop
  endfacet
  facet normal 0 1 0
    outer loop
      vertex -24.03554451639286 1.5 9.031104537171535
      vertex -24.03554451639286 1.5 15.968895462828465
      vertex -23.887706508215857 1.5 16.02179274798194
    endloop
  endfacet
  facet normal 0 1 0
    outer loop
      vertex -23.887706508215857 1.5 8.97820725201806
      vertex -23.887706508215857 1.5 16.02179274798194
      vertex -23.745765221078404 1.5 16.08892597704263
    endloop
  endfacet
  facet normal 0 1 0
    outer loop
      vertex -23.745765221078404 1.5 8.911074022957369
      vertex -23.745765221078404 1.5 16.08892597704263
      vertex -23.611087627168637 1.5 16.16964862031593
    endloop
  endfacet
  facet normal 0 -1 0
    outer loop
      vertex -21.0601806640625 0 11.439043998718262
      vertex -21.0601806640625 0 13.560956001281738
      vertex -21.5 0 12.5
    endloop
  endfacet
  facet normal 0 1 0
    outer loop
      vertex -23.611087627168637 1.5 8.830351379684073
      vertex -23.611087627168637 1.5 16.16964862031593
      vertex -20.2 1.5 15.125
    endloop
  endfacet
  facet normal 1.5167183711772307e-21 -1 0
    outer loop
      vertex -21.5 0 12.5
      vertex -23.887706508215857 -3.621478325990429e-21 16.02179274798194
      vertex -24.03554451639286 -3.845706948950741e-21 15.968895462828465
    endloop
  endfacet
  facet normal 1.5167183711772318e-21 -1 -2.2791172946264442e-36
    outer loop
      vertex -21.5 0 12.5
      vertex -23.745765221078404 -3.4061933681605124e-21 16.08892597704263
      vertex -23.887706508215857 -3.621478325990429e-21 16.02179274798194
    endloop
  endfacet
  facet normal 1.5167183711772337e-21 -1 0
    outer loop
      vertex -21.5 0 12.5
      vertex -23.611087627168637 -3.201925387291621e-21 16.16964862031593
      vertex -23.745765221078404 -3.4061933681605124e-21 16.08892597704263
    endloop
  endfacet
  facet normal 1.5167183711772315e-21 -1 0
    outer loop
      vertex -21.5 0 12.5
      vertex -23.484970745338167 -3.0106415957037597e-21 16.26318327461962
      vertex -23.611087627168637 -3.201925387291621e-21 16.16964862031593
    endloop
  endfacet
  facet normal 1.516718371177232e-21 -1 1.1625577651615735e-36
    outer loop
      vertex -21.5 0 12.5
      vertex -23.368629150101523 -2.8341841608762757e-21 16.368629150101523
      vertex -23.484970745338167 -3.0106415957037597e-21 16.26318327461962
    endloop
  endfacet
  facet normal 7.5058142335387625e-22 -1 -3.111535471666195e-22
    outer loop
      vertex -21.5 0 12.5
      vertex -21.0601806640625 0 13.560956001281738
      vertex -23.16964862031593 -2.5323867358438877e-21 16.611087627168637
    endloop
  endfacet
  facet normal 1.5167183711772307e-21 -1 0
    outer loop
      vertex -21.5 0 12.5
      vertex -23.26318327461962 -2.6742524643680088e-21 16.484970745338167
      vertex -23.368629150101523 -2.8341841608762757e-21 16.368629150101523
    endloop
  endfacet
  facet normal 1.5167183711772307e-21 -1 0
    outer loop
      vertex -21.5 0 12.5
      vertex -23.16964862031593 -2.5323867358438877e-21 16.611087627168637
      vertex -23.26318327461962 -2.6742524643680088e-21 16.484970745338167
    endloop
  endfacet
  facet normal 2.315663903586991e-22 -1 -5.594710261166126e-22
    outer loop
      vertex -21.0601806640625 0 13.560956001281738
      vertex -20.2 0 13.916986827070712
      vertex -22.907704437324483 -2.5438649990340393e-21 17.343172575472703
    endloop
  endfacet
  facet normal -0.9238792989590684 -0.3826839962095364 0
    outer loop
      vertex -27.560659408569336 0.439339816570282 0
      vertex -27.560659408569336 0.439339816570282 25
      vertex -28 1.5 25
    endloop
  endfacet
  facet normal -0.3826836587419254 -0.9238794387428987 0
    outer loop
      vertex -26.5 -7.583591855886158e-21 0
      vertex -26.5 -7.583591855886158e-21 25
      vertex -27.560659408569336 0.439339816570282 25
    endloop
  endfacet
  facet normal 0.5956993044924275 0 0.8032075314806493
    outer loop
      vertex -25.388912372831363 -5.8983848397717685e-21 16.16964862031593
      vertex -25.388912372831363 1.5 16.16964862031593
      vertex -25.515029254661833 -6.0896686313596295e-21 16.26318327461962
    endloop
  endfacet
  facet normal 0.6715589548470102 0 0.7409511253549665
    outer loop
      vertex -25.631370849898477 -6.2661260661871135e-21 16.368629150101523
      vertex -25.515029254661833 -6.0896686313596295e-21 16.26318327461962
      vertex -25.515029254661833 1.5 16.26318327461962
    endloop
  endfacet
  facet normal 0.5956993044924275 0 0.8032075314806493
    outer loop
      vertex -25.515029254661833 -6.0896686313596295e-21 16.26318327461962
      vertex -25.388912372831363 1.5 16.16964862031593
      vertex -25.515029254661833 1.5 16.26318327461962
    endloop
  endfacet
  facet normal 0.6715589548470102 0 0.7409511253549665
    outer loop
      vertex -25.631370849898477 -6.2661260661871135e-21 16.368629150101523
      vertex -25.515029254661833 1.5 16.26318327461962
      vertex -25.631370849898477 1.5 16.368629150101523
    endloop
  endfacet
  facet normal 0.33688985339222133 0 0.9415440651830204
    outer loop
      vertex -24.96445548360714 -5.254603278112648e-21 15.968895462828465
      vertex -24.96445548360714 1.5 15.968895462828465
      vertex -25.112293491784143 -5.478831901072961e-21 16.02179274798194
    endloop
  endfacet
  facet normal 0.33688985339222133 0 0.9415440651830204
    outer loop
      vertex -25.112293491784143 -5.478831901072961e-21 16.02179274798194
      vertex -24.96445548360714 1.5 15.968895462828465
      vertex -25.112293491784143 1.5 16.02179274798194
    endloop
  endfacet
  facet normal 0.24298017990326093 0 0.9700312531945446
    outer loop
      vertex -24.96445548360714 -5.254603278112648e-21 15.968895462828465
      vertex -24.812144515225807 -5.0235904342368866e-21 15.930743551354832
      vertex -24.812144515225807 1.5 15.930743551354832
    endloop
  endfacet
  facet normal 0.1467304744553628 0 0.9891765099647809
    outer loop
      vertex -24.812144515225807 -5.0235904342368866e-21 15.930743551354832
      vertex -24.656827424527297 -4.788018149416656e-21 15.907704437324485
      vertex -24.656827424527297 1.5 15.907704437324485
    endloop
  endfacet
  facet normal 0.049067674327415406 0 0.9987954562051725
    outer loop
      vertex -24.656827424527297 -4.788018149416656e-21 15.907704437324485
      vertex -24.5 -4.550155113531694e-21 15.9
      vertex -24.5 1.5 15.9
    endloop
  endfacet
  facet normal 0.24298017990326093 0 0.9700312531945446
    outer loop
      vertex -24.96445548360714 -5.254603278112648e-21 15.968895462828465
      vertex -24.812144515225807 1.5 15.930743551354832
      vertex -24.96445548360714 1.5 15.968895462828465
    endloop
  endfacet
  facet normal 0.1467304744553628 0 0.9891765099647809
    outer loop
      vertex -24.812144515225807 -5.0235904342368866e-21 15.930743551354832
      vertex -24.656827424527297 1.5 15.907704437324485
      vertex -24.812144515225807 1.5 15.930743551354832
    endloop
  endfacet
  facet normal 0.049067674327415406 0 0.9987954562051725
    outer loop
      vertex -24.656827424527297 -4.788018149416656e-21 15.907704437324485
      vertex -24.5 1.5 15.9
      vertex -24.656827424527297 1.5 15.907704437324485
    endloop
  endfacet
  facet normal 0.427555093430281 0 0.9039892931234439
    outer loop
      vertex -25.254234778921596 -5.694116858902877e-21 16.08892597704263
      vertex -25.112293491784143 -5.478831901072961e-21 16.02179274798194
      vertex -25.112293491784143 1.5 16.02179274798194
    endloop
  endfacet
  facet normal 0.5141027441932297 0 0.8577286100002673
    outer loop
      vertex -25.388912372831363 -5.8983848397717685e-21 16.16964862031593
      vertex -25.254234778921596 -5.694116858902877e-21 16.08892597704263
      vertex -25.254234778921596 1.5 16.08892597704263
    endloop
  endfacet
  facet normal 0.427555093430281 0 0.9039892931234439
    outer loop
      vertex -25.254234778921596 -5.694116858902877e-21 16.08892597704263
      vertex -25.112293491784143 1.5 16.02179274798194
      vertex -25.254234778921596 1.5 16.08892597704263
    endloop
  endfacet
  facet normal 0.5141027441932297 0 0.8577286100002673
    outer loop
      vertex -25.388912372831363 -5.8983848397717685e-21 16.16964862031593
      vertex -25.254234778921596 1.5 16.08892597704263
      vertex -25.388912372831363 1.5 16.16964862031593
    endloop
  endfacet
  facet normal 1.516718371177231e-21 -1 0
    outer loop
      vertex -26.092295562675517 -6.965219045785638e-21 7.656827424527297
      vertex -26.092295562675517 -6.965219045785638e-21 17.343172575472703
      vertex -26.5 -7.583591855886158e-21 25
    endloop
  endfacet
  facet normal 0.8577286100002673 0 0.5141027441932297
    outer loop
      vertex -25.83035137968407 -6.567923491219502e-21 16.611087627168637
      vertex -25.83035137968407 1.5 16.611087627168637
      vertex -25.91107402295737 -6.690357007242098e-21 16.745765221078404
    endloop
  endfacet
  facet normal 0.9039892931234439 0 0.427555093430281
    outer loop
      vertex -25.91107402295737 -6.690357007242098e-21 16.745765221078404
      vertex -25.91107402295737 1.5 16.745765221078404
      vertex -25.97820725201806 -6.792179209074897e-21 16.887706508215857
    endloop
  endfacet
  facet normal 0.8577286100002673 0 0.5141027441932297
    outer loop
      vertex -25.91107402295737 -6.690357007242098e-21 16.745765221078404
      vertex -25.83035137968407 1.5 16.611087627168637
      vertex -25.91107402295737 1.5 16.745765221078404
    endloop
  endfacet
  facet normal 0.7409511253549665 0 0.6715589548470102
    outer loop
      vertex -25.631370849898477 -6.2661260661871135e-21 16.368629150101523
      vertex -25.631370849898477 1.5 16.368629150101523
      vertex -25.73681672538038 -6.4260577626953804e-21 16.484970745338167
    endloop
  endfacet
  facet normal 0.8032075314806493 0 0.5956993044924275
    outer loop
      vertex -25.83035137968407 -6.567923491219502e-21 16.611087627168637
      vertex -25.73681672538038 -6.4260577626953804e-21 16.484970745338167
      vertex -25.73681672538038 1.5 16.484970745338167
    endloop
  endfacet
  facet normal 0.7409511253549665 0 0.6715589548470102
    outer loop
      vertex -25.631370849898477 1.5 16.368629150101523
      vertex -25.73681672538038 1.5 16.484970745338167
      vertex -25.73681672538038 -6.4260577626953804e-21 16.484970745338167
    endloop
  endfacet
  facet normal 0.8032075314806493 0 0.5956993044924275
    outer loop
      vertex -25.83035137968407 -6.567923491219502e-21 16.611087627168637
      vertex -25.73681672538038 1.5 16.484970745338167
      vertex -25.83035137968407 1.5 16.611087627168637
    endloop
  endfacet
  facet normal 0.9415440651830239 0 0.33688985339221134
    outer loop
      vertex -25.97820725201806 -6.792179209074897e-21 16.887706508215857
      vertex -25.97820725201806 1.5 16.887706508215857
      vertex -26.031104537171533 -6.872409493252571e-21 17.03554451639286
    endloop
  endfacet
  facet normal 0.9700312531945394 0 0.24298017990328225
    outer loop
      vertex -26.031104537171533 -6.872409493252571e-21 17.03554451639286
      vertex -26.031104537171533 1.5 17.03554451639286
      vertex -26.06925644864517 -6.930275198280163e-21 17.187855484774193
    endloop
  endfacet
  facet normal 0.9039892931234439 0 0.427555093430281
    outer loop
      vertex -25.97820725201806 -6.792179209074897e-21 16.887706508215857
      vertex -25.91107402295737 1.5 16.745765221078404
      vertex -25.97820725201806 1.5 16.887706508215857
    endloop
  endfacet
  facet normal 0.9415440651830227 3.8437345813742455e-16 0.3368898533922148
    outer loop
      vertex -26.031104537171533 -6.872409493252571e-21 17.03554451639286
      vertex -25.97820725201806 1.5 16.887706508215857
      vertex -26 1.5 16.948613158623452
    endloop
  endfacet
  facet normal 0.9700312531945394 0 0.24298017990328225
    outer loop
      vertex -26.031104537171533 1.5 17.03554451639286
      vertex -26.06925644864517 1.5 17.187855484774193
      vertex -26.06925644864517 -6.930275198280163e-21 17.187855484774193
    endloop
  endfacet
  facet normal 0.9415440651830247 0 0.3368898533922089
    outer loop
      vertex -26.031104537171533 -6.872409493252571e-21 17.03554451639286
      vertex -26 1.5 16.948613158623452
      vertex -26.031104537171533 1.5 17.03554451639286
    endloop
  endfacet
  facet normal 0 1 0
    outer loop
      vertex -26.1 1.5 7.5
      vertex -26.5 1.5 25
      vertex -26.1 1.5 17.5
    endloop
  endfacet
  facet normal 0.9891765099647809 0 0.1467304744553628
    outer loop
      vertex -26.06925644864517 -6.930275198280163e-21 17.187855484774193
      vertex -26.06925644864517 1.5 17.187855484774193
      vertex -26.092295562675517 -6.965219045785638e-21 17.343172575472703
    endloop
  endfacet
  facet normal 0.9987954562051725 0 0.049067674327415406
    outer loop
      vertex -26.092295562675517 -6.965219045785638e-21 17.343172575472703
      vertex -26.092295562675517 1.5 17.343172575472703
      vertex -26.1 -6.976904507415268e-21 17.5
    endloop
  endfacet
  facet normal 0.9987954562051725 0 -0.049067674327415406
    outer loop
      vertex -26.1 -6.976904507415268e-21 17.5
      vertex -26.1 1.5 17.5
      vertex -26.092295562675517 -6.965219045785638e-21 17.656827424527297
    endloop
  endfacet
  facet normal 0.9891765099647809 0 0.1467304744553628
    outer loop
      vertex -26.092295562675517 -6.965219045785638e-21 17.343172575472703
      vertex -26.06925644864517 1.5 17.187855484774193
      vertex -26.092295562675517 1.5 17.343172575472703
    endloop
  endfacet
  facet normal 0.9987954562051725 0 0.049067674327415406
    outer loop
      vertex -26.1 -6.976904507415268e-21 17.5
      vertex -26.092295562675517 1.5 17.343172575472703
      vertex -26.1 1.5 17.5
    endloop
  endfacet
  facet normal 0.9891765099647809 0 -0.1467304744553628
    outer loop
      vertex -26.092295562675517 -6.965219045785638e-21 17.656827424527297
      vertex -26.092295562675517 1.5 17.656827424527297
      vertex -26.06925644864517 -6.930275198280163e-21 17.812144515225807
    endloop
  endfacet
  facet normal 0.9700312531945394 0 -0.24298017990328225
    outer loop
      vertex -26.06925644864517 -6.930275198280163e-21 17.812144515225807
      vertex -26.06925644864517 1.5 17.812144515225807
      vertex -26.031104537171533 -6.872409493252571e-21 17.96445548360714
    endloop
  endfacet
  facet normal 0.9987954562051725 0 -0.049067674327415406
    outer loop
      vertex -26.092295562675517 -6.965219045785638e-21 17.656827424527297
      vertex -26.1 1.5 17.5
      vertex -26.092295562675517 1.5 17.656827424527297
    endloop
  endfacet
  facet normal 0.9891765099647809 0 -0.1467304744553628
    outer loop
      vertex -26.06925644864517 -6.930275198280163e-21 17.812144515225807
      vertex -26.092295562675517 1.5 17.656827424527297
      vertex -26.06925644864517 1.5 17.812144515225807
    endloop
  endfacet
  facet normal 0.9700312531945394 0 -0.24298017990328225
    outer loop
      vertex -26.031104537171533 -6.872409493252571e-21 17.96445548360714
      vertex -26.06925644864517 1.5 17.812144515225807
      vertex -26.031104537171533 1.5 17.96445548360714
    endloop
  endfacet
  facet normal 0.9415440651830239 0 -0.33688985339221134
    outer loop
      vertex -26.031104537171533 -6.872409493252571e-21 17.96445548360714
      vertex -26.031104537171533 1.5 17.96445548360714
      vertex -25.97820725201806 -6.792179209074897e-21 18.112293491784143
    endloop
  endfacet
  facet normal 0.9039892931234439 0 -0.427555093430281
    outer loop
      vertex -25.97820725201806 -6.792179209074897e-21 18.112293491784143
      vertex -25.97820725201806 1.5 18.112293491784143
      vertex -25.91107402295737 -6.690357007242098e-21 18.254234778921596
    endloop
  endfacet
  facet normal 0.8577286100002673 0 -0.5141027441932297
    outer loop
      vertex -25.91107402295737 -6.690357007242098e-21 18.254234778921596
      vertex -25.91107402295737 1.5 18.254234778921596
      vertex -25.83035137968407 -6.567923491219502e-21 18.388912372831363
    endloop
  endfacet
  facet normal 0.9415440651830247 2.693032806738589e-16 -0.3368898533922089
    outer loop
      vertex -26.031104537171533 1.5 17.96445548360714
      vertex -26 1.5 18.051386841376548
      vertex -25.97820725201806 -6.792179209074897e-21 18.112293491784143
    endloop
  endfacet
  facet normal 0.9415440651830227 0 -0.3368898533922148
    outer loop
      vertex -25.97820725201806 -6.792179209074897e-21 18.112293491784143
      vertex -26 1.5 18.051386841376548
      vertex -25.97820725201806 1.5 18.112293491784143
    endloop
  endfacet
  facet normal 0.9039892931234439 0 -0.427555093430281
    outer loop
      vertex -25.91107402295737 -6.690357007242098e-21 18.254234778921596
      vertex -25.97820725201806 1.5 18.112293491784143
      vertex -25.91107402295737 1.5 18.254234778921596
    endloop
  endfacet
  facet normal 0.8577286100002673 0 -0.5141027441932297
    outer loop
      vertex -25.83035137968407 -6.567923491219502e-21 18.388912372831363
      vertex -25.91107402295737 1.5 18.254234778921596
      vertex -25.83035137968407 1.5 18.388912372831363
    endloop
  endfacet
  facet normal 0.8032075314806493 0 -0.5956993044924275
    outer loop
      vertex -25.83035137968407 -6.567923491219502e-21 18.388912372831363
      vertex -25.83035137968407 1.5 18.388912372831363
      vertex -25.73681672538038 -6.4260577626953804e-21 18.515029254661833
    endloop
  endfacet
  facet normal 0.7409511253549665 0 -0.6715589548470102
    outer loop
      vertex -25.73681672538038 -6.4260577626953804e-21 18.515029254661833
      vertex -25.73681672538038 1.5 18.515029254661833
      vertex -25.631370849898477 -6.2661260661871135e-21 18.631370849898477
    endloop
  endfacet
  facet normal 0.6715589548470102 0 -0.7409511253549665
    outer loop
      vertex -25.631370849898477 -6.2661260661871135e-21 18.631370849898477
      vertex -25.631370849898477 1.5 18.631370849898477
      vertex -25.515029254661833 -6.0896686313596295e-21 18.73681672538038
    endloop
  endfacet
  facet normal 0.8032075314806493 0 -0.5956993044924275
    outer loop
      vertex -25.73681672538038 -6.4260577626953804e-21 18.515029254661833
      vertex -25.83035137968407 1.5 18.388912372831363
      vertex -25.73681672538038 1.5 18.515029254661833
    endloop
  endfacet
  facet normal 0.7409511253549665 0 -0.6715589548470102
    outer loop
      vertex -25.631370849898477 -6.2661260661871135e-21 18.631370849898477
      vertex -25.73681672538038 1.5 18.515029254661833
      vertex -25.631370849898477 1.5 18.631370849898477
    endloop
  endfacet
  facet normal 0.6715589548470102 0 -0.7409511253549665
    outer loop
      vertex -25.515029254661833 -6.0896686313596295e-21 18.73681672538038
      vertex -25.631370849898477 1.5 18.631370849898477
      vertex -25.515029254661833 1.5 18.73681672538038
    endloop
  endfacet
  facet normal -0.049067674327415406 0 0.9987954562051725
    outer loop
      vertex -24.5 -4.550155113531694e-21 15.9
      vertex -24.343172575472703 -4.312292077646733e-21 15.907704437324485
      vertex -24.343172575472703 1.5 15.907704437324485
    endloop
  endfacet
  facet normal -0.1467304744553628 0 0.9891765099647809
    outer loop
      vertex -24.343172575472703 -4.312292077646733e-21 15.907704437324485
      vertex -24.187855484774193 -4.076719792826502e-21 15.930743551354832
      vertex -24.187855484774193 1.5 15.930743551354832
    endloop
  endfacet
  facet normal -0.24298017990326093 0 0.9700312531945446
    outer loop
      vertex -24.187855484774193 -4.076719792826502e-21 15.930743551354832
      vertex -24.03554451639286 -3.845706948950741e-21 15.968895462828465
      vertex -24.03554451639286 1.5 15.968895462828465
    endloop
  endfacet
  facet normal -0.049067674327415406 0 0.9987954562051725
    outer loop
      vertex -24.5 -4.550155113531694e-21 15.9
      vertex -24.343172575472703 1.5 15.907704437324485
      vertex -24.5 1.5 15.9
    endloop
  endfacet
  facet normal -0.1467304744553628 0 0.9891765099647809
    outer loop
      vertex -24.343172575472703 -4.312292077646733e-21 15.907704437324485
      vertex -24.187855484774193 1.5 15.930743551354832
      vertex -24.343172575472703 1.5 15.907704437324485
    endloop
  endfacet
  facet normal -0.24298017990326093 0 0.9700312531945446
    outer loop
      vertex -24.187855484774193 -4.076719792826502e-21 15.930743551354832
      vertex -24.03554451639286 1.5 15.968895462828465
      vertex -24.187855484774193 1.5 15.930743551354832
    endloop
  endfacet
  facet normal -0.33688985339222133 0 0.9415440651830204
    outer loop
      vertex -24.03554451639286 -3.845706948950741e-21 15.968895462828465
      vertex -23.887706508215857 -3.621478325990429e-21 16.02179274798194
      vertex -23.887706508215857 1.5 16.02179274798194
    endloop
  endfacet
  facet normal -0.33688985339222133 0 0.9415440651830204
    outer loop
      vertex -24.03554451639286 -3.845706948950741e-21 15.968895462828465
      vertex -23.887706508215857 1.5 16.02179274798194
      vertex -24.03554451639286 1.5 15.968895462828465
    endloop
  endfacet
  facet normal -0.427555093430281 0 0.9039892931234439
    outer loop
      vertex -23.887706508215857 -3.621478325990429e-21 16.02179274798194
      vertex -23.745765221078404 -3.4061933681605124e-21 16.08892597704263
      vertex -23.745765221078404 1.5 16.08892597704263
    endloop
  endfacet
  facet normal -0.5141027441932297 0 0.8577286100002673
    outer loop
      vertex -23.745765221078404 -3.4061933681605124e-21 16.08892597704263
      vertex -23.611087627168637 -3.201925387291621e-21 16.16964862031593
      vertex -23.611087627168637 1.5 16.16964862031593
    endloop
  endfacet
  facet normal -0.427555093430281 0 0.9039892931234439
    outer loop
      vertex -23.887706508215857 -3.621478325990429e-21 16.02179274798194
      vertex -23.745765221078404 1.5 16.08892597704263
      vertex -23.887706508215857 1.5 16.02179274798194
    endloop
  endfacet
  facet normal -0.5141027441932297 0 0.8577286100002673
    outer loop
      vertex -23.745765221078404 -3.4061933681605124e-21 16.08892597704263
      vertex -23.611087627168637 1.5 16.16964862031593
      vertex -23.745765221078404 1.5 16.08892597704263
    endloop
  endfacet
  facet normal -0.5956993044924275 0 0.8032075314806493
    outer loop
      vertex -23.611087627168637 -3.201925387291621e-21 16.16964862031593
      vertex -23.484970745338167 -3.0106415957037597e-21 16.26318327461962
      vertex -23.484970745338167 1.5 16.26318327461962
    endloop
  endfacet
  facet normal -0.6715589548470102 0 0.7409511253549665
    outer loop
      vertex -23.484970745338167 -3.0106415957037597e-21 16.26318327461962
      vertex -23.368629150101523 -2.8341841608762757e-21 16.368629150101523
      vertex -23.368629150101523 1.5 16.368629150101523
    endloop
  endfacet
  facet normal -0.5956993044924275 0 0.8032075314806493
    outer loop
      vertex -23.611087627168637 -3.201925387291621e-21 16.16964862031593
      vertex -23.484970745338167 1.5 16.26318327461962
      vertex -23.611087627168637 1.5 16.16964862031593
    endloop
  endfacet
  facet normal -0.6715589548470102 0 0.7409511253549665
    outer loop
      vertex -23.484970745338167 -3.0106415957037597e-21 16.26318327461962
      vertex -23.368629150101523 1.5 16.368629150101523
      vertex -23.484970745338167 1.5 16.26318327461962
    endloop
  endfacet
  facet normal -0.7409511253549665 0 0.6715589548470102
    outer loop
      vertex -23.368629150101523 -2.8341841608762757e-21 16.368629150101523
      vertex -23.26318327461962 -2.6742524643680088e-21 16.484970745338167
      vertex -23.26318327461962 1.5 16.484970745338167
    endloop
  endfacet
  facet normal -0.8032075314806493 0 0.5956993044924275
    outer loop
      vertex -23.26318327461962 -2.6742524643680088e-21 16.484970745338167
      vertex -23.16964862031593 -2.5323867358438877e-21 16.611087627168637
      vertex -23.16964862031593 1.5 16.611087627168637
    endloop
  endfacet
  facet normal -0.7409511253549665 0 0.6715589548470102
    outer loop
      vertex -23.368629150101523 -2.8341841608762757e-21 16.368629150101523
      vertex -23.26318327461962 1.5 16.484970745338167
      vertex -23.368629150101523 1.5 16.368629150101523
    endloop
  endfacet
  facet normal -0.8032075314806493 0 0.5956993044924275
    outer loop
      vertex -23.26318327461962 -2.6742524643680088e-21 16.484970745338167
      vertex -23.16964862031593 1.5 16.611087627168637
      vertex -23.26318327461962 1.5 16.484970745338167
    endloop
  endfacet
  facet normal -0.8577286100002673 0 0.5141027441932297
    outer loop
      vertex -23.16964862031593 -2.5323867358438877e-21 16.611087627168637
      vertex -23.08892597704263 -2.4943843285499126e-21 16.745765221078404
      vertex -23.08892597704263 1.5 16.745765221078404
    endloop
  endfacet
  facet normal -0.8577286100002673 0 0.5141027441932297
    outer loop
      vertex -23.16964862031593 -2.5323867358438877e-21 16.611087627168637
      vertex -23.08892597704263 1.5 16.745765221078404
      vertex -23.16964862031593 1.5 16.611087627168637
    endloop
  endfacet
  facet normal -0.9039892931234439 0 0.427555093430281
    outer loop
      vertex -23.08892597704263 -2.4943843285499126e-21 16.745765221078404
      vertex -23.02179274798194 1.5 16.887706508215857
      vertex -23.08892597704263 1.5 16.745765221078404
    endloop
  endfacet
  facet normal -0.9039892931234439 0 0.427555093430281
    outer loop
      vertex -23.08892597704263 -2.4943843285499126e-21 16.745765221078404
      vertex -23.02179274798194 -2.488208738594287e-21 16.887706508215857
      vertex -23.02179274798194 1.5 16.887706508215857
    endloop
  endfacet
  facet normal -0.9415440651830239 0 0.33688985339221134
    outer loop
      vertex -23.02179274798194 -2.488208738594287e-21 16.887706508215857
      vertex -22.968895462828467 -2.4944569475466044e-21 17.03554451639286
      vertex -22.968895462828467 1.5 17.03554451639286
    endloop
  endfacet
  facet normal -0.9700312531945394 0 0.24298017990328225
    outer loop
      vertex -22.968895462828467 -2.4944569475466044e-21 17.03554451639286
      vertex -22.93074355135483 -2.513068781739032e-21 17.187855484774193
      vertex -22.93074355135483 1.5 17.187855484774193
    endloop
  endfacet
  facet normal -0.9415440651830239 0 0.33688985339221134
    outer loop
      vertex -23.02179274798194 -2.488208738594287e-21 16.887706508215857
      vertex -22.968895462828467 1.5 17.03554451639286
      vertex -23.02179274798194 1.5 16.887706508215857
    endloop
  endfacet
  facet normal -0.9700312531945394 0 0.24298017990328225
    outer loop
      vertex -22.968895462828467 -2.4944569475466044e-21 17.03554451639286
      vertex -22.93074355135483 1.5 17.187855484774193
      vertex -22.968895462828467 1.5 17.03554451639286
    endloop
  endfacet
  facet normal 8.616954648962724e-22 -1 -2.3430718809995347e-22
    outer loop
      vertex -21.0601806640625 0 13.560956001281738
      vertex -23.08892597704263 -2.4943843285499126e-21 16.745765221078404
      vertex -23.16964862031593 -2.5323867358438877e-21 16.611087627168637
    endloop
  endfacet
  facet normal 7.448128788838532e-22 -1 -3.087621969173537e-22
    outer loop
      vertex -21.0601806640625 0 13.560956001281738
      vertex -23.02179274798194 -2.488208738594287e-21 16.887706508215857
      vertex -23.08892597704263 -2.4943843285499126e-21 16.745765221078404
    endloop
  endfacet
  facet normal 7.448128788838641e-22 -1 -3.0876219691734865e-22
    outer loop
      vertex -21.0601806640625 0 13.560956001281738
      vertex -22.968895462828467 -2.4944569475466044e-21 17.03554451639286
      vertex -23.02179274798194 -2.488208738594287e-21 16.887706508215857
    endloop
  endfacet
  facet normal 7.4481287888385745e-22 -1 -3.0876219691734874e-22
    outer loop
      vertex -21.0601806640625 0 13.560956001281738
      vertex -22.93074355135483 -2.513068781739032e-21 17.187855484774193
      vertex -22.968895462828467 -2.4944569475466044e-21 17.03554451639286
    endloop
  endfacet
  facet normal 7.4481287888385425e-22 -1 -3.087621969173505e-22
    outer loop
      vertex -21.0601806640625 0 13.560956001281738
      vertex -22.907704437324483 -2.5438649990340393e-21 17.343172575472703
      vertex -22.93074355135483 -2.513068781739032e-21 17.187855484774193
    endloop
  endfacet
  facet normal 0 1 0
    outer loop
      vertex -23.611087627168637 1.5 16.16964862031593
      vertex -23.484970745338167 1.5 16.26318327461962
      vertex -20.2 1.5 15.125
    endloop
  endfacet
  facet normal 0 1 0
    outer loop
      vertex -23.484970745338167 1.5 16.26318327461962
      vertex -23.368629150101523 1.5 16.368629150101523
      vertex -20.2 1.5 15.125
    endloop
  endfacet
  facet normal 0 1 0
    outer loop
      vertex -23.368629150101523 1.5 16.368629150101523
      vertex -23.26318327461962 1.5 16.484970745338167
      vertex -20.2 1.5 15.125
    endloop
  endfacet
  facet normal 0 1 0
    outer loop
      vertex -23.26318327461962 1.5 16.484970745338167
      vertex -23.16964862031593 1.5 16.611087627168637
      vertex -20.2 1.5 15.125
    endloop
  endfacet
  facet normal 0 1 0
    outer loop
      vertex -23.16964862031593 1.5 16.611087627168637
      vertex -23.08892597704263 1.5 16.745765221078404
      vertex -20.2 1.5 15.125
    endloop
  endfacet
  facet normal 0 1 0
    outer loop
      vertex -23.08892597704263 1.5 16.745765221078404
      vertex -23.02179274798194 1.5 16.887706508215857
      vertex -20.2 1.5 15.125
    endloop
  endfacet
  facet normal 0 1 0
    outer loop
      vertex -23.02179274798194 1.5 16.887706508215857
      vertex -22.968895462828467 1.5 17.03554451639286
      vertex -20.2 1.5 15.125
    endloop
  endfacet
  facet normal 0 1 0
    outer loop
      vertex -22.968895462828467 1.5 17.03554451639286
      vertex -22.93074355135483 1.5 17.187855484774193
      vertex -20.2 1.5 15.125
    endloop
  endfacet
  facet normal 0 1 0
    outer loop
      vertex -22.93074355135483 1.5 17.187855484774193
      vertex -22.907704437324483 1.5 17.343172575472703
      vertex -20.2 1.5 15.125
    endloop
  endfacet
  facet normal 0 1 0
    outer loop
      vertex -22.907704437324483 1.5 17.343172575472703
      vertex -22.9 1.5 17.5
      vertex -20.2 1.5 15.125
    endloop
  endfacet
  facet normal 0 1 0
    outer loop
      vertex -22.9 1.5 17.5
      vertex -22.907704437324483 1.5 17.656827424527297
      vertex -20.2 1.5 15.125
    endloop
  endfacet
  facet normal 0 1 0
    outer loop
      vertex -22.907704437324483 1.5 17.656827424527297
      vertex -22.93074355135483 1.5 17.812144515225807
      vertex -20.2 1.5 15.125
    endloop
  endfacet
  facet normal 0 1 0
    outer loop
      vertex -22.968895462828467 1.5 17.96445548360714
      vertex -20.2 1.5 15.125
      vertex -22.93074355135483 1.5 17.812144515225807
    endloop
  endfacet
  facet normal 0 1 0
    outer loop
      vertex -22.968895462828467 1.5 17.96445548360714
      vertex -23.02179274798194 1.5 18.112293491784143
      vertex -20.2 1.5 15.125
    endloop
  endfacet
  facet normal -0.9891765099647809 0 0.1467304744553628
    outer loop
      vertex -22.93074355135483 -2.513068781739032e-21 17.187855484774193
      vertex -22.907704437324483 -2.5438649990340393e-21 17.343172575472703
      vertex -22.907704437324483 1.5 17.343172575472703
    endloop
  endfacet
  facet normal -0.9987954562051725 0 0.049067674327415406
    outer loop
      vertex -22.907704437324483 -2.5438649990340393e-21 17.343172575472703
      vertex -22.9 -2.6037612988161203e-21 17.5
      vertex -22.9 1.5 17.5
    endloop
  endfacet
  facet normal -0.9891765099647809 0 0.1467304744553628
    outer loop
      vertex -22.93074355135483 -2.513068781739032e-21 17.187855484774193
      vertex -22.907704437324483 1.5 17.343172575472703
      vertex -22.93074355135483 1.5 17.187855484774193
    endloop
  endfacet
  facet normal -0.9987954562051725 0 0.049067674327415406
    outer loop
      vertex -22.907704437324483 -2.5438649990340393e-21 17.343172575472703
      vertex -22.9 1.5 17.5
      vertex -22.907704437324483 1.5 17.343172575472703
    endloop
  endfacet
  facet normal -0.9987954562051725 0 -0.049067674327415406
    outer loop
      vertex -22.9 -2.6037612988161203e-21 17.5
      vertex -22.907704437324483 1.5 17.656827424527297
      vertex -22.9 1.5 17.5
    endloop
  endfacet
  facet normal -0.9987954562051725 0 -0.049067674327415406
    outer loop
      vertex -22.9 -2.6037612988161203e-21 17.5
      vertex -22.907704437324483 -2.69239865165768e-21 17.656827424527297
      vertex -22.907704437324483 1.5 17.656827424527297
    endloop
  endfacet
  facet normal -0.9891765099647809 0 -0.1467304744553628
    outer loop
      vertex -22.907704437324483 -2.69239865165768e-21 17.656827424527297
      vertex -22.93074355135483 -2.7837151972394583e-21 17.812144515225807
      vertex -22.93074355135483 1.5 17.812144515225807
    endloop
  endfacet
  facet normal -0.9700312531945394 0 -0.24298017990328225
    outer loop
      vertex -22.968895462828467 -2.8768315073087975e-21 17.96445548360714
      vertex -22.968895462828467 1.5 17.96445548360714
      vertex -22.93074355135483 -2.7837151972394583e-21 17.812144515225807
    endloop
  endfacet
  facet normal -0.9891765099647809 0 -0.1467304744553628
    outer loop
      vertex -22.907704437324483 -2.69239865165768e-21 17.656827424527297
      vertex -22.93074355135483 1.5 17.812144515225807
      vertex -22.907704437324483 1.5 17.656827424527297
    endloop
  endfacet
  facet normal -0.9700312531945394 0 -0.24298017990328225
    outer loop
      vertex -22.93074355135483 -2.7837151972394583e-21 17.812144515225807
      vertex -22.968895462828467 1.5 17.96445548360714
      vertex -22.93074355135483 1.5 17.812144515225807
    endloop
  endfacet
  facet normal -0.9415440651830239 0 -0.33688985339221134
    outer loop
      vertex -22.968895462828467 -2.8768315073087975e-21 17.96445548360714
      vertex -23.02179274798194 -2.970850820897178e-21 18.112293491784143
      vertex -23.02179274798194 1.5 18.112293491784143
    endloop
  endfacet
  facet normal -0.9039892931234439 0 -0.427555093430281
    outer loop
      vertex -23.02179274798194 -2.970850820897178e-21 18.112293491784143
      vertex -23.08892597704263 -3.0648676806185606e-21 18.254234778921596
      vertex -23.08892597704263 1.5 18.254234778921596
    endloop
  endfacet
  facet normal -0.8577286100002673 0 -0.5141027441932297
    outer loop
      vertex -23.08892597704263 -3.0648676806185606e-21 18.254234778921596
      vertex -23.16964862031593 -3.1579766527189826e-21 18.388912372831363
      vertex -23.16964862031593 1.5 18.388912372831363
    endloop
  endfacet
  facet normal -0.9415440651830239 0 -0.33688985339221134
    outer loop
      vertex -22.968895462828467 -2.8768315073087975e-21 17.96445548360714
      vertex -23.02179274798194 1.5 18.112293491784143
      vertex -22.968895462828467 1.5 17.96445548360714
    endloop
  endfacet
  facet normal -0.9039892931234439 0 -0.427555093430281
    outer loop
      vertex -23.02179274798194 -2.970850820897178e-21 18.112293491784143
      vertex -23.08892597704263 1.5 18.254234778921596
      vertex -23.02179274798194 1.5 18.112293491784143
    endloop
  endfacet
  facet normal -0.8577286100002673 0 -0.5141027441932297
    outer loop
      vertex -23.08892597704263 -3.0648676806185606e-21 18.254234778921596
      vertex -23.16964862031593 1.5 18.388912372831363
      vertex -23.08892597704263 1.5 18.254234778921596
    endloop
  endfacet
  facet normal -0.8032075314806493 0 -0.5956993044924275
    outer loop
      vertex -23.26318327461962 -3.2492810468985776e-21 18.515029254661833
      vertex -23.26318327461962 1.5 18.515029254661833
      vertex -23.16964862031593 -3.1579766527189826e-21 18.388912372831363
    endloop
  endfacet
  facet normal -0.6715589548470102 0 -0.7409511253549665
    outer loop
      vertex -23.484970745338167 -3.422984703902913e-21 18.73681672538038
      vertex -23.484970745338167 1.5 18.73681672538038
      vertex -23.368629150101523 -3.337901551929335e-21 18.631370849898477
    endloop
  endfacet
  facet normal -0.7409511253549665 0 -0.6715589548470102
    outer loop
      vertex -23.26318327461962 -3.2492810468985776e-21 18.515029254661833
      vertex -23.368629150101523 -3.337901551929335e-21 18.631370849898477
      vertex -23.368629150101523 1.5 18.631370849898477
    endloop
  endfacet
  facet normal -0.8032075314806493 0 -0.5956993044924275
    outer loop
      vertex -23.16964862031593 -3.1579766527189826e-21 18.388912372831363
      vertex -23.26318327461962 1.5 18.515029254661833
      vertex -23.16964862031593 1.5 18.388912372831363
    endloop
  endfacet
  facet normal -0.7409511253549665 0 -0.6715589548470102
    outer loop
      vertex -23.26318327461962 -3.2492810468985776e-21 18.515029254661833
      vertex -23.368629150101523 1.5 18.631370849898477
      vertex -23.26318327461962 1.5 18.515029254661833
    endloop
  endfacet
  facet normal -0.6715589548470102 0 -0.7409511253549665
    outer loop
      vertex -23.368629150101523 -3.337901551929335e-21 18.631370849898477
      vertex -23.484970745338167 1.5 18.73681672538038
      vertex -23.368629150101523 1.5 18.631370849898477
    endloop
  endfacet
  facet normal 1.5526186573640048e-22 -1 -6.1977426566049855e-22
    outer loop
      vertex -22.907704437324483 -2.5438649990340393e-21 17.343172575472703
      vertex -20.2 0 13.916986827070712
      vertex -20.2 -5.629417819236884e-21 23
    endloop
  endfacet
  facet normal 0 1 0
    outer loop
      vertex -23.02179274798194 1.5 18.112293491784143
      vertex -20.2 1.5 23
      vertex -20.2 1.5 15.125
    endloop
  endfacet
  facet normal 0 -1 0
    outer loop
      vertex -21.0601806640625 0 11.439043998718262
      vertex -20.2 0 13.916986827070712
      vertex -21.0601806640625 0 13.560956001281738
    endloop
  endfacet
  facet normal 1 0 0
    outer loop
      vertex -20.2 0 11.083013172929288
      vertex -20.2 1.5 15.125
      vertex -20.2 0 13.916986827070712
    endloop
  endfacet
  facet normal 1 0 0
    outer loop
      vertex -20.2 0 13.916986827070712
      vertex -20.2 1.5 15.125
      vertex -20.2 -5.629417819236884e-21 23
    endloop
  endfacet
  facet normal 0.5956993044924275 0 -0.8032075314806493
    outer loop
      vertex -25.515029254661833 -6.0896686313596295e-21 18.73681672538038
      vertex -25.515029254661833 1.5 18.73681672538038
      vertex -25.388912372831363 -5.8983848397717685e-21 18.83035137968407
    endloop
  endfacet
  facet normal 0.5956993044924275 0 -0.8032075314806493
    outer loop
      vertex -25.515029254661833 1.5 18.73681672538038
      vertex -25.388912372831363 1.5 18.83035137968407
      vertex -25.388912372831363 -5.8983848397717685e-21 18.83035137968407
    endloop
  endfacet
  facet normal 0.5141027441932297 0 -0.8577286100002673
    outer loop
      vertex -25.388912372831363 -5.8983848397717685e-21 18.83035137968407
      vertex -25.388912372831363 1.5 18.83035137968407
      vertex -25.254234778921596 -5.694116858902877e-21 18.91107402295737
    endloop
  endfacet
  facet normal 0.427555093430281 0 -0.9039892931234439
    outer loop
      vertex -25.254234778921596 -5.694116858902877e-21 18.91107402295737
      vertex -25.254234778921596 1.5 18.91107402295737
      vertex -25.112293491784143 -5.478831901072961e-21 18.97820725201806
    endloop
  endfacet
  facet normal 0.33688985339221134 0 -0.9415440651830239
    outer loop
      vertex -25.112293491784143 -5.478831901072961e-21 18.97820725201806
      vertex -25.112293491784143 1.5 18.97820725201806
      vertex -24.96445548360714 -5.254603278112648e-21 19.031104537171533
    endloop
  endfacet
  facet normal 0.5141027441932297 0 -0.8577286100002673
    outer loop
      vertex -25.388912372831363 1.5 18.83035137968407
      vertex -25.254234778921596 1.5 18.91107402295737
      vertex -25.254234778921596 -5.694116858902877e-21 18.91107402295737
    endloop
  endfacet
  facet normal 0.427555093430281 0 -0.9039892931234439
    outer loop
      vertex -25.112293491784143 -5.478831901072961e-21 18.97820725201806
      vertex -25.254234778921596 1.5 18.91107402295737
      vertex -25.112293491784143 1.5 18.97820725201806
    endloop
  endfacet
  facet normal 0.33688985339221134 0 -0.9415440651830239
    outer loop
      vertex -24.96445548360714 -5.254603278112648e-21 19.031104537171533
      vertex -25.112293491784143 1.5 18.97820725201806
      vertex -24.96445548360714 1.5 19.031104537171533
    endloop
  endfacet
  facet normal 0.24298017990328225 0 -0.9700312531945394
    outer loop
      vertex -24.96445548360714 -5.254603278112648e-21 19.031104537171533
      vertex -24.96445548360714 1.5 19.031104537171533
      vertex -24.812144515225807 -5.0235904342368866e-21 19.06925644864517
    endloop
  endfacet
  facet normal 0.1467304744553628 0 -0.9891765099647809
    outer loop
      vertex -24.812144515225807 -5.0235904342368866e-21 19.06925644864517
      vertex -24.812144515225807 1.5 19.06925644864517
      vertex -24.656827424527297 -4.788018149416656e-21 19.092295562675517
    endloop
  endfacet
  facet normal 0.049067674327415406 0 -0.9987954562051725
    outer loop
      vertex -24.656827424527297 -4.788018149416656e-21 19.092295562675517
      vertex -24.656827424527297 1.5 19.092295562675517
      vertex -24.5 -4.550155113531694e-21 19.1
    endloop
  endfacet
  facet normal 0.24298017990328225 0 -0.9700312531945394
    outer loop
      vertex -24.812144515225807 -5.0235904342368866e-21 19.06925644864517
      vertex -24.96445548360714 1.5 19.031104537171533
      vertex -24.812144515225807 1.5 19.06925644864517
    endloop
  endfacet
  facet normal 0.1467304744553628 0 -0.9891765099647809
    outer loop
      vertex -24.656827424527297 -4.788018149416656e-21 19.092295562675517
      vertex -24.812144515225807 1.5 19.06925644864517
      vertex -24.656827424527297 1.5 19.092295562675517
    endloop
  endfacet
  facet normal 0.049067674327415406 0 -0.9987954562051725
    outer loop
      vertex -24.656827424527297 1.5 19.092295562675517
      vertex -24.5 1.5 19.1
      vertex -24.5 -4.550155113531694e-21 19.1
    endloop
  endfacet
  facet normal 1.5167183711768495e-21 -1 -2.034317151753359e-35
    outer loop
      vertex -26.092295562675517 -6.965219045785638e-21 17.343172575472703
      vertex -26.1 -6.976904507415268e-21 17.5
      vertex -26.5 -7.583591855886158e-21 25
    endloop
  endfacet
  facet normal 1.5167183711772461e-21 -1 8.412813254310207e-37
    outer loop
      vertex -26.1 -6.976904507415268e-21 17.5
      vertex -26.092295562675517 -6.965219045785638e-21 17.656827424527297
      vertex -26.5 -7.583591855886158e-21 25
    endloop
  endfacet
  facet normal 1.5167183711772555e-21 -1 1.3650687404112744e-36
    outer loop
      vertex -26.092295562675517 -6.965219045785638e-21 17.656827424527297
      vertex -26.06925644864517 -6.930275198280163e-21 17.812144515225807
      vertex -26.5 -7.583591855886158e-21 25
    endloop
  endfacet
  facet normal 1.516718371177228e-21 -1 -2.6807177171226104e-37
    outer loop
      vertex -26.06925644864517 -6.930275198280163e-21 17.812144515225807
      vertex -26.031104537171533 -6.872409493252571e-21 17.96445548360714
      vertex -26.5 -7.583591855886158e-21 25
    endloop
  endfacet
  facet normal 0 1 0
    outer loop
      vertex -26.1 1.5 17.5
      vertex -26.5 1.5 25
      vertex -26.092295562675517 1.5 17.656827424527297
    endloop
  endfacet
  facet normal 0 1 0
    outer loop
      vertex -26.092295562675517 1.5 17.656827424527297
      vertex -26.5 1.5 25
      vertex -26.06925644864517 1.5 17.812144515225807
    endloop
  endfacet
  facet normal 0 1 0
    outer loop
      vertex -26.06925644864517 1.5 17.812144515225807
      vertex -26.5 1.5 25
      vertex -26.031104537171533 1.5 17.96445548360714
    endloop
  endfacet
  facet normal 1.5167183711772253e-21 -1 -4.792700282658358e-37
    outer loop
      vertex -26.031104537171533 -6.872409493252571e-21 17.96445548360714
      vertex -25.97820725201806 -6.792179209074897e-21 18.112293491784143
      vertex -26.5 -7.583591855886158e-21 25
    endloop
  endfacet
  facet normal 1.5167183711772318e-21 -1 2.1912144874113694e-38
    outer loop
      vertex -25.97820725201806 -6.792179209074897e-21 18.112293491784143
      vertex -25.91107402295737 -6.690357007242098e-21 18.254234778921596
      vertex -26.5 -7.583591855886158e-21 25
    endloop
  endfacet
  facet normal 1.516718371177229e-21 -1 -2.072680030933293e-37
    outer loop
      vertex -25.91107402295737 -6.690357007242098e-21 18.254234778921596
      vertex -25.83035137968407 -6.567923491219502e-21 18.388912372831363
      vertex -26.5 -7.583591855886158e-21 25
    endloop
  endfacet
  facet normal 1.5167183711772332e-21 -1 1.8397942135154542e-37
    outer loop
      vertex -25.83035137968407 -6.567923491219502e-21 18.388912372831363
      vertex -25.73681672538038 -6.4260577626953804e-21 18.515029254661833
      vertex -26.5 -7.583591855886158e-21 25
    endloop
  endfacet
  facet normal 1.51671837117723e-21 -1 -1.8257663147114458e-37
    outer loop
      vertex -25.73681672538038 -6.4260577626953804e-21 18.515029254661833
      vertex -25.631370849898477 -6.2661260661871135e-21 18.631370849898477
      vertex -26.5 -7.583591855886158e-21 25
    endloop
  endfacet
  facet normal 1.5167183711772334e-21 -1 2.8239092462492924e-37
    outer loop
      vertex -25.631370849898477 -6.2661260661871135e-21 18.631370849898477
      vertex -25.515029254661833 -6.0896686313596295e-21 18.73681672538038
      vertex -26.5 -7.583591855886158e-21 25
    endloop
  endfacet
  facet normal 1.5167183711772294e-21 -1 -3.7316348362035536e-37
    outer loop
      vertex -25.515029254661833 -6.0896686313596295e-21 18.73681672538038
      vertex -25.388912372831363 -5.8983848397717685e-21 18.83035137968407
      vertex -26.5 -7.583591855886158e-21 25
    endloop
  endfacet
  facet normal 1.5167183711772324e-21 -1 2.0429981463389276e-37
    outer loop
      vertex -25.388912372831363 -5.8983848397717685e-21 18.83035137968407
      vertex -25.254234778921596 -5.694116858902877e-21 18.91107402295737
      vertex -26.5 -7.583591855886158e-21 25
    endloop
  endfacet
  facet normal 1.5167183711772294e-21 -1 -3.968322675085611e-37
    outer loop
      vertex -25.254234778921596 -5.694116858902877e-21 18.91107402295737
      vertex -25.112293491784143 -5.478831901072961e-21 18.97820725201806
      vertex -26.5 -7.583591855886158e-21 25
    endloop
  endfacet
  facet normal 1.5167183711772364e-21 -1 1.2198280847760393e-36
    outer loop
      vertex -25.112293491784143 -5.478831901072961e-21 18.97820725201806
      vertex -24.96445548360714 -5.254603278112648e-21 19.031104537171533
      vertex -26.5 -7.583591855886158e-21 25
    endloop
  endfacet
  facet normal 1.5167183711772322e-21 -1 9.717718493985234e-38
    outer loop
      vertex -24.96445548360714 -5.254603278112648e-21 19.031104537171533
      vertex -24.812144515225807 -5.0235904342368866e-21 19.06925644864517
      vertex -26.5 -7.583591855886158e-21 25
    endloop
  endfacet
  facet normal 1.5167183711772286e-21 -1 -8.81590890909091e-37
    outer loop
      vertex -24.812144515225807 -5.0235904342368866e-21 19.06925644864517
      vertex -24.656827424527297 -4.788018149416656e-21 19.092295562675517
      vertex -26.5 -7.583591855886158e-21 25
    endloop
  endfacet
  facet normal 1.5167183711772358e-21 -1 1.2995920462259632e-36
    outer loop
      vertex -24.656827424527297 -4.788018149416656e-21 19.092295562675517
      vertex -24.5 -4.550155113531694e-21 19.1
      vertex -26.5 -7.583591855886158e-21 25
    endloop
  endfacet
  facet normal 1.5167183711772262e-21 -1 -1.9637373024472396e-36
    outer loop
      vertex -24.5 -4.550155113531694e-21 19.1
      vertex -24.343172575472703 -4.312292077646733e-21 19.092295562675517
      vertex -26.5 -7.583591855886158e-21 25
    endloop
  endfacet
  facet normal 1.5167183711772335e-21 -1 7.584917443739653e-37
    outer loop
      vertex -24.343172575472703 -4.312292077646733e-21 19.092295562675517
      vertex -24.187855484774193 -4.076719792826502e-21 19.06925644864517
      vertex -26.5 -7.583591855886158e-21 25
    endloop
  endfacet
  facet normal 5.15709735800924e-22 -1 -4.160387932744609e-22
    outer loop
      vertex -23.484970745338167 -3.422984703902913e-21 18.73681672538038
      vertex -26.5 -7.583591855886158e-21 25
      vertex -23.611087627168637 -3.526938452417593e-21 18.83035137968407
    endloop
  endfacet
  facet normal 1.0848304721027519e-21 -1 -1.6837471193798885e-22
    outer loop
      vertex -24.187855484774193 -4.076719792826502e-21 19.06925644864517
      vertex -24.03554451639286 -3.905064395986697e-21 19.031104537171533
      vertex -26.5 -7.583591855886158e-21 25
    endloop
  endfacet
  facet normal 7.448128788838541e-22 -1 -3.0876219691735105e-22
    outer loop
      vertex -24.03554451639286 -3.905064395986697e-21 19.031104537171533
      vertex -23.887706508215857 -3.778620061532977e-21 18.97820725201806
      vertex -26.5 -7.583591855886158e-21 25
    endloop
  endfacet
  facet normal 7.448128788838639e-22 -1 -3.0876219691734644e-22
    outer loop
      vertex -23.745765221078404 -3.6521721595367175e-21 18.91107402295737
      vertex -23.611087627168637 -3.526938452417593e-21 18.83035137968407
      vertex -26.5 -7.583591855886158e-21 25
    endloop
  endfacet
  facet normal 7.448128788838496e-22 -1 -3.08762196917353e-22
    outer loop
      vertex -23.745765221078404 -3.6521721595367175e-21 18.91107402295737
      vertex -26.5 -7.583591855886158e-21 25
      vertex -23.887706508215857 -3.778620061532977e-21 18.97820725201806
    endloop
  endfacet
  facet normal 0 1 0
    outer loop
      vertex -26.031104537171533 1.5 17.96445548360714
      vertex -26.5 1.5 25
      vertex -26 1.5 18.051386841376548
    endloop
  endfacet
  facet normal 0 1 0
    outer loop
      vertex -26 1.5 18.051386841376548
      vertex -26 1.5 24.933957873650318
      vertex -25.97820725201806 1.5 18.112293491784143
    endloop
  endfacet
  facet normal 0 1 0
    outer loop
      vertex -25.97820725201806 1.5 18.112293491784143
      vertex -26 1.5 24.933957873650318
      vertex -25.91107402295737 1.5 18.254234778921596
    endloop
  endfacet
  facet normal 0 1 0
    outer loop
      vertex -25.91107402295737 1.5 18.254234778921596
      vertex -26 1.5 24.933957873650318
      vertex -25.83035137968407 1.5 18.388912372831363
    endloop
  endfacet
  facet normal 0 1 0
    outer loop
      vertex -25.83035137968407 1.5 18.388912372831363
      vertex -26 1.5 24.933957873650318
      vertex -25.73681672538038 1.5 18.515029254661833
    endloop
  endfacet
  facet normal 0 1 0
    outer loop
      vertex -25.73681672538038 1.5 18.515029254661833
      vertex -26 1.5 24.933957873650318
      vertex -25.631370849898477 1.5 18.631370849898477
    endloop
  endfacet
  facet normal 0 1 0
    outer loop
      vertex -25.631370849898477 1.5 18.631370849898477
      vertex -26 1.5 24.933957873650318
      vertex -25.515029254661833 1.5 18.73681672538038
    endloop
  endfacet
  facet normal 0 1 0
    outer loop
      vertex -25.515029254661833 1.5 18.73681672538038
      vertex -26 1.5 24.933957873650318
      vertex -25.388912372831363 1.5 18.83035137968407
    endloop
  endfacet
  facet normal 0 1 0
    outer loop
      vertex -25.388912372831363 1.5 18.83035137968407
      vertex -26 1.5 24.933957873650318
      vertex -25.254234778921596 1.5 18.91107402295737
    endloop
  endfacet
  facet normal 0 1 0
    outer loop
      vertex -25.254234778921596 1.5 18.91107402295737
      vertex -26 1.5 24.933957873650318
      vertex -25.112293491784143 1.5 18.97820725201806
    endloop
  endfacet
  facet normal 0 1 0
    outer loop
      vertex -25.112293491784143 1.5 18.97820725201806
      vertex -26 1.5 24.933957873650318
      vertex -24.96445548360714 1.5 19.031104537171533
    endloop
  endfacet
  facet normal 0 1 0
    outer loop
      vertex -24.96445548360714 1.5 19.031104537171533
      vertex -26 1.5 24.933957873650318
      vertex -24.812144515225807 1.5 19.06925644864517
    endloop
  endfacet
  facet normal 0 1 0
    outer loop
      vertex -24.812144515225807 1.5 19.06925644864517
      vertex -26 1.5 24.933957873650318
      vertex -24.656827424527297 1.5 19.092295562675517
    endloop
  endfacet
  facet normal 0 1 0
    outer loop
      vertex -24.656827424527297 1.5 19.092295562675517
      vertex -26 1.5 24.933957873650318
      vertex -24.5 1.5 19.1
    endloop
  endfacet
  facet normal -0.049067674327415406 0 -0.9987954562051725
    outer loop
      vertex -24.5 -4.550155113531694e-21 19.1
      vertex -24.5 1.5 19.1
      vertex -24.343172575472703 -4.312292077646733e-21 19.092295562675517
    endloop
  endfacet
  facet normal -0.1467304744553628 0 -0.9891765099647809
    outer loop
      vertex -24.343172575472703 -4.312292077646733e-21 19.092295562675517
      vertex -24.343172575472703 1.5 19.092295562675517
      vertex -24.187855484774193 -4.076719792826502e-21 19.06925644864517
    endloop
  endfacet
  facet normal -0.24298017990328225 0 -0.9700312531945394
    outer loop
      vertex -24.187855484774193 -4.076719792826502e-21 19.06925644864517
      vertex -24.187855484774193 1.5 19.06925644864517
      vertex -24.03554451639286 -3.905064395986697e-21 19.031104537171533
    endloop
  endfacet
  facet normal -0.049067674327415406 0 -0.9987954562051725
    outer loop
      vertex -24.343172575472703 -4.312292077646733e-21 19.092295562675517
      vertex -24.5 1.5 19.1
      vertex -24.343172575472703 1.5 19.092295562675517
    endloop
  endfacet
  facet normal -0.1467304744553628 0 -0.9891765099647809
    outer loop
      vertex -24.187855484774193 -4.076719792826502e-21 19.06925644864517
      vertex -24.343172575472703 1.5 19.092295562675517
      vertex -24.187855484774193 1.5 19.06925644864517
    endloop
  endfacet
  facet normal -0.24298017990328225 0 -0.9700312531945394
    outer loop
      vertex -24.03554451639286 -3.905064395986697e-21 19.031104537171533
      vertex -24.187855484774193 1.5 19.06925644864517
      vertex -24.03554451639286 1.5 19.031104537171533
    endloop
  endfacet
  facet normal -0.5141027441932297 0 -0.8577286100002673
    outer loop
      vertex -23.745765221078404 -3.6521721595367175e-21 18.91107402295737
      vertex -23.745765221078404 1.5 18.91107402295737
      vertex -23.611087627168637 -3.526938452417593e-21 18.83035137968407
    endloop
  endfacet
  facet normal -0.33688985339221134 0 -0.9415440651830239
    outer loop
      vertex -24.03554451639286 -3.905064395986697e-21 19.031104537171533
      vertex -24.03554451639286 1.5 19.031104537171533
      vertex -23.887706508215857 -3.778620061532977e-21 18.97820725201806
    endloop
  endfacet
  facet normal -0.427555093430281 0 -0.9039892931234439
    outer loop
      vertex -23.745765221078404 -3.6521721595367175e-21 18.91107402295737
      vertex -23.887706508215857 -3.778620061532977e-21 18.97820725201806
      vertex -23.887706508215857 1.5 18.97820725201806
    endloop
  endfacet
  facet normal -0.427555093430281 0 -0.9039892931234439
    outer loop
      vertex -23.745765221078404 -3.6521721595367175e-21 18.91107402295737
      vertex -23.887706508215857 1.5 18.97820725201806
      vertex -23.745765221078404 1.5 18.91107402295737
    endloop
  endfacet
  facet normal -0.5141027441932297 0 -0.8577286100002673
    outer loop
      vertex -23.745765221078404 1.5 18.91107402295737
      vertex -23.611087627168637 1.5 18.83035137968407
      vertex -23.611087627168637 -3.526938452417593e-21 18.83035137968407
    endloop
  endfacet
  facet normal -0.33688985339221134 0 -0.9415440651830239
    outer loop
      vertex -23.887706508215857 -3.778620061532977e-21 18.97820725201806
      vertex -24.03554451639286 1.5 19.031104537171533
      vertex -23.887706508215857 1.5 18.97820725201806
    endloop
  endfacet
  facet normal -0.5956993044924275 0 -0.8032075314806493
    outer loop
      vertex -23.484970745338167 -3.422984703902913e-21 18.73681672538038
      vertex -23.611087627168637 -3.526938452417593e-21 18.83035137968407
      vertex -23.611087627168637 1.5 18.83035137968407
    endloop
  endfacet
  facet normal -0.5956993044924275 0 -0.8032075314806493
    outer loop
      vertex -23.484970745338167 -3.422984703902913e-21 18.73681672538038
      vertex -23.611087627168637 1.5 18.83035137968407
      vertex -23.484970745338167 1.5 18.73681672538038
    endloop
  endfacet
  facet normal -3.807180168512655e-22 -1 -3.632214318040631e-22
    outer loop
      vertex -22.907704437324483 -2.5438649990340393e-21 17.343172575472703
      vertex -20.2 -5.629417819236884e-21 23
      vertex -22.9 -2.6037612988161203e-21 17.5
    endloop
  endfacet
  facet normal 2.7907439173063655e-23 -1 -5.638193829432791e-22
    outer loop
      vertex -22.9 -2.6037612988161203e-21 17.5
      vertex -20.2 -5.629417819236884e-21 23
      vertex -22.907704437324483 -2.69239865165768e-21 17.656827424527297
    endloop
  endfacet
  facet normal 5.8402488547009e-23 -1 -5.792730444786182e-22
    outer loop
      vertex -22.907704437324483 -2.69239865165768e-21 17.656827424527297
      vertex -20.2 -5.629417819236884e-21 23
      vertex -22.93074355135483 -2.7837151972394583e-21 17.812144515225807
    endloop
  endfacet
  facet normal 8.087046517509414e-23 -1 -5.910995655660315e-22
    outer loop
      vertex -22.968895462828467 -2.8768315073087975e-21 17.96445548360714
      vertex -22.93074355135483 -2.7837151972394583e-21 17.812144515225807
      vertex -20.2 -5.629417819236884e-21 23
    endloop
  endfacet
  facet normal 9.841663758118599e-23 -1 -6.007476814762519e-22
    outer loop
      vertex -22.968895462828467 -2.8768315073087975e-21 17.96445548360714
      vertex -20.2 -5.629417819236884e-21 23
      vertex -23.02179274798194 -2.970850820897178e-21 18.112293491784143
    endloop
  endfacet
  facet normal 1.1276425175646284e-22 -1 -6.090309107500608e-22
    outer loop
      vertex -23.02179274798194 -2.970850820897178e-21 18.112293491784143
      vertex -20.2 -5.629417819236884e-21 23
      vertex -23.08892597704263 -3.0648676806185606e-21 18.254234778921596
    endloop
  endfacet
  facet normal 0 1 0
    outer loop
      vertex -23.02179274798194 1.5 18.112293491784143
      vertex -23.08892597704263 1.5 18.254234778921596
      vertex -20.2 1.5 23
    endloop
  endfacet
  facet normal 0 1 0
    outer loop
      vertex -23.08892597704263 1.5 18.254234778921596
      vertex -23.16964862031593 1.5 18.388912372831363
      vertex -20.2 1.5 23
    endloop
  endfacet
  facet normal 0 1 0
    outer loop
      vertex -23.745765221078404 1.5 18.91107402295737
      vertex -23.887706508215857 1.5 18.97820725201806
      vertex -20.2 1.5 23
    endloop
  endfacet
  facet normal 0 1 0
    outer loop
      vertex -23.484970745338167 1.5 18.73681672538038
      vertex -23.611087627168637 1.5 18.83035137968407
      vertex -20.2 1.5 23
    endloop
  endfacet
  facet normal 0 1 0
    outer loop
      vertex -23.484970745338167 1.5 18.73681672538038
      vertex -20.2 1.5 23
      vertex -23.368629150101523 1.5 18.631370849898477
    endloop
  endfacet
  facet normal 0 1 0
    outer loop
      vertex -23.745765221078404 1.5 18.91107402295737
      vertex -20.2 1.5 23
      vertex -23.611087627168637 1.5 18.83035137968407
    endloop
  endfacet
  facet normal 0 1 0
    outer loop
      vertex -23.26318327461962 1.5 18.515029254661833
      vertex -20.2 1.5 23
      vertex -23.16964862031593 1.5 18.388912372831363
    endloop
  endfacet
  facet normal 0 1 0
    outer loop
      vertex -23.26318327461962 1.5 18.515029254661833
      vertex -23.368629150101523 1.5 18.631370849898477
      vertex -20.2 1.5 23
    endloop
  endfacet
  facet normal 2.2927170105982787e-22 -1 -5.539269911006207e-22
    outer loop
      vertex -23.26318327461962 -3.2492810468985776e-21 18.515029254661833
      vertex -23.16964862031593 -3.1579766527189826e-21 18.388912372831363
      vertex -26.5 -7.583591855886158e-21 25
    endloop
  endfacet
  facet normal 2.2927170105971695e-22 -1 -5.539269911006757e-22
    outer loop
      vertex -23.08892597704263 -3.0648676806185606e-21 18.254234778921596
      vertex -26.5 -7.583591855886158e-21 25
      vertex -23.16964862031593 -3.1579766527189826e-21 18.388912372831363
    endloop
  endfacet
  facet normal 2.2927170105979867e-22 -1 -5.539269911006351e-22
    outer loop
      vertex -23.484970745338167 -3.422984703902913e-21 18.73681672538038
      vertex -23.368629150101523 -3.337901551929335e-21 18.631370849898477
      vertex -26.5 -7.583591855886158e-21 25
    endloop
  endfacet
  facet normal 2.292717010597988e-22 -1 -5.539269911006348e-22
    outer loop
      vertex -23.26318327461962 -3.2492810468985776e-21 18.515029254661833
      vertex -26.5 -7.583591855886158e-21 25
      vertex -23.368629150101523 -3.337901551929335e-21 18.631370849898477
    endloop
  endfacet
  facet normal 0 1 0
    outer loop
      vertex -24.5 1.5 19.1
      vertex -20.2 1.5 23
      vertex -24.343172575472703 1.5 19.092295562675517
    endloop
  endfacet
  facet normal 0 1 0
    outer loop
      vertex -24.343172575472703 1.5 19.092295562675517
      vertex -20.2 1.5 23
      vertex -24.187855484774193 1.5 19.06925644864517
    endloop
  endfacet
  facet normal 0 1 0
    outer loop
      vertex -24.187855484774193 1.5 19.06925644864517
      vertex -20.2 1.5 23
      vertex -24.03554451639286 1.5 19.031104537171533
    endloop
  endfacet
  facet normal 0 1 0
    outer loop
      vertex -24.03554451639286 1.5 19.031104537171533
      vertex -20.2 1.5 23
      vertex -23.887706508215857 1.5 18.97820725201806
    endloop
  endfacet
  facet normal 0 1 0
    outer loop
      vertex -26 1.5 18.051386841376548
      vertex -26.5 1.5 25
      vertex -26 1.5 24.933957873650318
    endloop
  endfacet
  facet normal 1.161826107194246e-22 -1 -6.111117945584495e-22
    outer loop
      vertex -23.08892597704263 -3.0648676806185606e-21 18.254234778921596
      vertex -20.2 -5.629417819236884e-21 23
      vertex -26.5 -7.583591855886158e-21 25
    endloop
  endfacet
  facet normal 0 1 0
    outer loop
      vertex -24.5 1.5 19.1
      vertex -26 1.5 24.933957873650318
      vertex -20.2 1.5 23
    endloop
  endfacet
  facet normal 1 0 0
    outer loop
      vertex -20.2 1.5 15.125
      vertex -20.2 1.5 23
      vertex -20.2 -5.629417819236884e-21 23
    endloop
  endfacet
  facet normal -1 0 0
    outer loop
      vertex -28 1.5 0
      vertex -28 1.5 25
      vertex -28 14.939820289611816 13.560956001281738
    endloop
  endfacet
  facet normal 1 0 0
    outer loop
      vertex -26.5 14.939820289611816 11.439043998718262
      vertex -26.5 14.5 12.5
      vertex -26.5 1.5 25
    endloop
  endfacet
  facet normal 1 0 0
    outer loop
      vertex -26.5 14.5 12.5
      vertex -26.5 14.939820289611816 13.560956001281738
      vertex -26.5 1.5 25
    endloop
  endfacet
  facet normal -1 0 0
    outer loop
      vertex -28 14.939820289611816 13.560956001281738
      vertex -28 1.5 25
      vertex -28 16 13.999767303466797
    endloop
  endfacet
  facet normal 1 0 0
    outer loop
      vertex -26.5 14.939820289611816 13.560956001281738
      vertex -26.5 16 13.999767303466797
      vertex -26.5 1.5 25
    endloop
  endfacet
  facet normal 1 0 0
    outer loop
      vertex -26.5 1.5 25
      vertex -26.5 16 13.999767303466797
      vertex -26.5 17.0601806640625 13.560956001281738
    endloop
  endfacet
  facet normal 0 0.9237693116329774 -0.38294942079226985
    outer loop
      vertex -28 14.5 12.5
      vertex -28 14.939820289611816 13.560956001281738
      vertex -26.5 14.5 12.5
    endloop
  endfacet
  facet normal 0 0.9237693116329774 -0.38294942079226985
    outer loop
      vertex -26.5 14.5 12.5
      vertex -28 14.939820289611816 13.560956001281738
      vertex -26.5 14.939820289611816 13.560956001281738
    endloop
  endfacet
  facet normal 0 0.3824382947820019 -0.923981033725387
    outer loop
      vertex -28 14.939820289611816 13.560956001281738
      vertex -28 16 13.999767303466797
      vertex -26.5 14.939820289611816 13.560956001281738
    endloop
  endfacet
  facet normal 0 0.3824382947820019 -0.923981033725387
    outer loop
      vertex -26.5 14.939820289611816 13.560956001281738
      vertex -28 16 13.999767303466797
      vertex -26.5 16 13.999767303466797
    endloop
  endfacet
  facet normal 0 -0.923769605378278 -0.38294871220472915
    outer loop
      vertex -28 17.5 12.5
      vertex -26.5 17.0601806640625 13.560956001281738
      vertex -28 17.0601806640625 13.560956001281738
    endloop
  endfacet
  facet normal 0 -0.923769605378278 -0.38294871220472915
    outer loop
      vertex -28 17.5 12.5
      vertex -26.5 17.5 12.5
      vertex -26.5 17.0601806640625 13.560956001281738
    endloop
  endfacet
  facet normal 0 -0.3824380010794096 -0.9239811552896441
    outer loop
      vertex -28 16 13.999767303466797
      vertex -28 17.0601806640625 13.560956001281738
      vertex -26.5 16 13.999767303466797
    endloop
  endfacet
  facet normal 0 -0.3824380010794096 -0.9239811552896441
    outer loop
      vertex -28 17.0601806640625 13.560956001281738
      vertex -26.5 17.0601806640625 13.560956001281738
      vertex -26.5 16 13.999767303466797
    endloop
  endfacet
  facet normal 1 0 0
    outer loop
      vertex -26.5 17.5 12.5
      vertex -26.5 31.5 12.5
      vertex -26.5 17.0601806640625 13.560956001281738
    endloop
  endfacet
  facet normal 1 0 0
    outer loop
      vertex -26.5 1.5 25
      vertex -26.5 17.0601806640625 13.560956001281738
      vertex -26.5 31.5 12.5
    endloop
  endfacet
  facet normal 1 0 0
    outer loop
      vertex -26.5 1.5 25
      vertex -26.5 31.5 12.5
      vertex -26.5 31.9398193359375 13.560956001281738
    endloop
  endfacet
  facet normal 1 0 0
    outer loop
      vertex -26.5 1.5 25
      vertex -26.5 31.9398193359375 13.560956001281738
      vertex -26.5 33 13.999767303466797
    endloop
  endfacet
  facet normal -1 0 0
    outer loop
      vertex -28 1.5 25
      vertex -28 51.5 25
      vertex -28 16 13.999767303466797
    endloop
  endfacet
  facet normal 0 0 1
    outer loop
      vertex -27.560659408569336 0.439339816570282 25
      vertex -26.5 -7.583591855886158e-21 25
      vertex -28 51.5 25
    endloop
  endfacet
  facet normal 0 0 1
    outer loop
      vertex -27.560659408569336 0.439339816570282 25
      vertex -28 51.5 25
      vertex -28 1.5 25
    endloop
  endfacet
  facet normal 0 0 1
    outer loop
      vertex -26.5 -7.583591855886158e-21 25
      vertex -26.5 1.5 25
      vertex -28 51.5 25
    endloop
  endfacet
  facet normal 1.2569436720765249e-23 -1 -9.374932926542262e-22
    outer loop
      vertex -26.5 -7.583591855886158e-21 25
      vertex -20.2 -5.629417819236884e-21 23
      vertex 20.2 -5.121612575717968e-21 23
    endloop
  endfacet
  facet normal 0 0 1
    outer loop
      vertex -26.5 -7.583591855886158e-21 25
      vertex 26.5 -7.583591855886158e-21 25
      vertex -26.5 1.5 25
    endloop
  endfacet
  facet normal 0 1 0
    outer loop
      vertex -26.5 1.5 25
      vertex 26.5 1.5 25
      vertex -26 1.5 24.933957873650318
    endloop
  endfacet
  facet normal 0 0 -1
    outer loop
      vertex -20.2 -5.629417819236884e-21 23
      vertex -20.2 1.5 23
      vertex 20.2 -5.121612575717968e-21 23
    endloop
  endfacet
  facet normal 0 1 0
    outer loop
      vertex -26 1.5 24.933957873650318
      vertex 26 1.5 24.933957873650318
      vertex -20.2 1.5 23
    endloop
  endfacet
  facet normal -1 0 0
    outer loop
      vertex -28 1.5 0
      vertex -28 49.14833068847656 9.264436721801758
      vertex -28 50.0002326965332 5
    endloop
  endfacet
  facet normal 0 0 -1
    outer loop
      vertex -28 1.5 0
      vertex -28 51.5 0
      vertex -26.5 51.5 0
    endloop
  endfacet
  facet normal -1 0 0
    outer loop
      vertex -28 1.5 0
      vertex -28 51.5 3.5
      vertex -28 51.5 0
    endloop
  endfacet
  facet normal -1 0 0
    outer loop
      vertex -28 1.5 0
      vertex -28 50.43904495239258 3.9398200511932373
      vertex -28 51.5 3.5
    endloop
  endfacet
  facet normal -1 0 0
    outer loop
      vertex -28 1.5 0
      vertex -28 50.0002326965332 5
      vertex -28 50.43904495239258 3.9398200511932373
    endloop
  endfacet
  facet normal 1 0 0
    outer loop
      vertex -26.5 16 11.000232696533203
      vertex -26.5 51.5 0
      vertex -26.5 17.0601806640625 11.439043998718262
    endloop
  endfacet
  facet normal -1 0 0
    outer loop
      vertex -28 1.5 0
      vertex -28 33 11.000232696533203
      vertex -28 42.5 12.5
    endloop
  endfacet
  facet normal 1 0 0
    outer loop
      vertex -26.5 17.0601806640625 11.439043998718262
      vertex -26.5 51.5 0
      vertex -26.5 17.5 12.5
    endloop
  endfacet
  facet normal -1 0 0
    outer loop
      vertex -28 1.5 0
      vertex -28 42.9398193359375 11.439043998718262
      vertex -28 44 11.000232696533203
    endloop
  endfacet
  facet normal -1 0 0
    outer loop
      vertex -28 1.5 0
      vertex -28 44 11.000232696533203
      vertex -28 47.69586944580078 11.264345169067383
    endloop
  endfacet
  facet normal -1 0 0
    outer loop
      vertex -28 1.5 0
      vertex -28 48.264434814453125 10.148329734802246
      vertex -28 49.14833068847656 9.264436721801758
    endloop
  endfacet
  facet normal -1 0 0
    outer loop
      vertex -28 1.5 0
      vertex -28 47.69586944580078 11.264345169067383
      vertex -28 48.264434814453125 10.148329734802246
    endloop
  endfacet
  facet normal -1 0 0
    outer loop
      vertex -28 1.5 0
      vertex -28 42.5 12.5
      vertex -28 42.9398193359375 11.439043998718262
    endloop
  endfacet
  facet normal 1 0 0
    outer loop
      vertex -26.5 31.9398193359375 11.439043998718262
      vertex -26.5 17.5 12.5
      vertex -26.5 51.5 0
    endloop
  endfacet
  facet normal 1 0 0
    outer loop
      vertex -26.5 31.9398193359375 11.439043998718262
      vertex -26.5 31.5 12.5
      vertex -26.5 17.5 12.5
    endloop
  endfacet
  facet normal 0 0.3824380010794096 0.9239811552896441
    outer loop
      vertex -28 31.9398193359375 11.439043998718262
      vertex -26.5 33 11.000232696533203
      vertex -28 33 11.000232696533203
    endloop
  endfacet
  facet normal 0 -0.3824380010794096 0.9239811552896441
    outer loop
      vertex -28 33 11.000232696533203
      vertex -26.5 34.0601806640625 11.439043998718262
      vertex -28 34.0601806640625 11.439043998718262
    endloop
  endfacet
  facet normal 0 0.3824380010794096 0.9239811552896441
    outer loop
      vertex -28 31.9398193359375 11.439043998718262
      vertex -26.5 31.9398193359375 11.439043998718262
      vertex -26.5 33 11.000232696533203
    endloop
  endfacet
  facet normal 0 -0.3824380010794096 0.9239811552896441
    outer loop
      vertex -28 33 11.000232696533203
      vertex -26.5 33 11.000232696533203
      vertex -26.5 34.0601806640625 11.439043998718262
    endloop
  endfacet
  facet normal 0 0.923769605378278 0.38294871220472915
    outer loop
      vertex -28 31.9398193359375 11.439043998718262
      vertex -28 31.5 12.5
      vertex -26.5 31.9398193359375 11.439043998718262
    endloop
  endfacet
  facet normal 0 0.923769605378278 0.38294871220472915
    outer loop
      vertex -26.5 31.9398193359375 11.439043998718262
      vertex -28 31.5 12.5
      vertex -26.5 31.5 12.5
    endloop
  endfacet
  facet normal 1 0 0
    outer loop
      vertex -26.5 31.9398193359375 11.439043998718262
      vertex -26.5 51.5 0
      vertex -26.5 33 11.000232696533203
    endloop
  endfacet
  facet normal 1 0 0
    outer loop
      vertex -26.5 33 11.000232696533203
      vertex -26.5 51.5 0
      vertex -26.5 34.0601806640625 11.439043998718262
    endloop
  endfacet
  facet normal 1 0 0
    outer loop
      vertex -26.5 34.0601806640625 11.439043998718262
      vertex -26.5 51.5 0
      vertex -26.5 34.5 12.5
    endloop
  endfacet
  facet normal 1 0 0
    outer loop
      vertex -26.5 42.9398193359375 11.439043998718262
      vertex -26.5 34.5 12.5
      vertex -26.5 51.5 0
    endloop
  endfacet
  facet normal 0 -0.923769605378278 0.38294871220472915
    outer loop
      vertex -28 34.0601806640625 11.439043998718262
      vertex -26.5 34.5 12.5
      vertex -28 34.5 12.5
    endloop
  endfacet
  facet normal 0 -0.923769605378278 0.38294871220472915
    outer loop
      vertex -28 34.0601806640625 11.439043998718262
      vertex -26.5 34.0601806640625 11.439043998718262
      vertex -26.5 34.5 12.5
    endloop
  endfacet
  facet normal -1 0 0
    outer loop
      vertex -28 33 11.000232696533203
      vertex -28 34.0601806640625 11.439043998718262
      vertex -28 42.5 12.5
    endloop
  endfacet
  facet normal -1 0 0
    outer loop
      vertex -28 34.0601806640625 11.439043998718262
      vertex -28 34.5 12.5
      vertex -28 42.5 12.5
    endloop
  endfacet
  facet normal 1 0 0
    outer loop
      vertex -26.5 42.9398193359375 11.439043998718262
      vertex -26.5 42.5 12.5
      vertex -26.5 34.5 12.5
    endloop
  endfacet
  facet normal 0 0.3824380010794096 0.9239811552896441
    outer loop
      vertex -28 42.9398193359375 11.439043998718262
      vertex -26.5 44 11.000232696533203
      vertex -28 44 11.000232696533203
    endloop
  endfacet
  facet normal 0 0.3824380010794096 0.9239811552896441
    outer loop
      vertex -28 42.9398193359375 11.439043998718262
      vertex -26.5 42.9398193359375 11.439043998718262
      vertex -26.5 44 11.000232696533203
    endloop
  endfacet
  facet normal 0 0.923769605378278 0.38294871220472915
    outer loop
      vertex -28 42.9398193359375 11.439043998718262
      vertex -28 42.5 12.5
      vertex -26.5 42.9398193359375 11.439043998718262
    endloop
  endfacet
  facet normal 0 0.923769605378278 0.38294871220472915
    outer loop
      vertex -26.5 42.9398193359375 11.439043998718262
      vertex -28 42.5 12.5
      vertex -26.5 42.5 12.5
    endloop
  endfacet
  facet normal 0 0.19510647158889363 -0.9807820679152592
    outer loop
      vertex -28 51.5 0
      vertex -28 56.282958984375 0.9514715671539307
      vertex -26.5 51.5 0
    endloop
  endfacet
  facet normal 1 0 0
    outer loop
      vertex -26.5 51.5 0
      vertex -26.5 56.282958984375 0.9514715671539307
      vertex -26.5 51.5 3.5
    endloop
  endfacet
  facet normal 1 0 0
    outer loop
      vertex -26.5 51.5 0
      vertex -26.5 51.5 3.5
      vertex -26.5 50.43904495239258 3.9398200511932373
    endloop
  endfacet
  facet normal 1 0 0
    outer loop
      vertex -26.5 51.5 0
      vertex -26.5 50.43904495239258 3.9398200511932373
      vertex -26.5 50.0002326965332 5
    endloop
  endfacet
  facet normal -1 0 0
    outer loop
      vertex -28 51.5 0
      vertex -28 51.5 3.5
      vertex -28 52.56095504760742 3.9398200511932373
    endloop
  endfacet
  facet normal -1 0 0
    outer loop
      vertex -28 51.5 0
      vertex -28 52.56095504760742 3.9398200511932373
      vertex -28 52.9997673034668 5
    endloop
  endfacet
  facet normal 1 0 0
    outer loop
      vertex -26.5 51.5 3.5
      vertex -26.5 56.282958984375 0.9514715671539307
      vertex -26.5 52.56095504760742 3.9398200511932373
    endloop
  endfacet
  facet normal 0 0.3829495373910438 0.9237692632968395
    outer loop
      vertex -28 51.5 3.5
      vertex -28 50.43904495239258 3.9398200511932373
      vertex -26.5 51.5 3.5
    endloop
  endfacet
  facet normal 0 0.3829495373910438 0.9237692632968395
    outer loop
      vertex -26.5 51.5 3.5
      vertex -28 50.43904495239258 3.9398200511932373
      vertex -26.5 50.43904495239258 3.9398200511932373
    endloop
  endfacet
  facet normal 0 0.9239807704136029 0.38243893094961545
    outer loop
      vertex -28 50.43904495239258 3.9398200511932373
      vertex -28 50.0002326965332 5
      vertex -26.5 50.43904495239258 3.9398200511932373
    endloop
  endfacet
  facet normal 0 0.9239807704136029 0.38243893094961545
    outer loop
      vertex -26.5 50.43904495239258 3.9398200511932373
      vertex -28 50.0002326965332 5
      vertex -26.5 50.0002326965332 5
    endloop
  endfacet
  facet normal 0 -0.3829495373910438 0.9237692632968395
    outer loop
      vertex -28 51.5 3.5
      vertex -26.5 52.56095504760742 3.9398200511932373
      vertex -28 52.56095504760742 3.9398200511932373
    endloop
  endfacet
  facet normal 0 -0.3829495373910438 0.9237692632968395
    outer loop
      vertex -28 51.5 3.5
      vertex -26.5 51.5 3.5
      vertex -26.5 52.56095504760742 3.9398200511932373
    endloop
  endfacet
  facet normal 1 0 0
    outer loop
      vertex -26.5 52.56095504760742 3.9398200511932373
      vertex -26.5 56.282958984375 0.9514715671539307
      vertex -26.5 52.9997673034668 5
    endloop
  endfacet
  facet normal 0 -0.9239807704136029 0.38243893094961545
    outer loop
      vertex -28 52.56095504760742 3.9398200511932373
      vertex -26.5 52.9997673034668 5
      vertex -28 52.9997673034668 5
    endloop
  endfacet
  facet normal 0 -0.9239807704136029 0.38243893094961545
    outer loop
      vertex -28 52.56095504760742 3.9398200511932373
      vertex -26.5 52.56095504760742 3.9398200511932373
      vertex -26.5 52.9997673034668 5
    endloop
  endfacet
  facet normal 0 0.9239807400224094 -0.3824390043753918
    outer loop
      vertex -28 50.0002326965332 5
      vertex -28 50.43904495239258 6.060179710388184
      vertex -26.5 50.0002326965332 5
    endloop
  endfacet
  facet normal 1 0 0
    outer loop
      vertex -26.5 51.5 0
      vertex -26.5 50.0002326965332 5
      vertex -26.5 48.264434814453125 10.148329734802246
    endloop
  endfacet
  facet normal 0 0.3829497145379548 -0.9237691898603779
    outer loop
      vertex -28 50.43904495239258 6.060179710388184
      vertex -28 51.5 6.5
      vertex -26.5 50.43904495239258 6.060179710388184
    endloop
  endfacet
  facet normal 0 0.9239807400224094 -0.3824390043753918
    outer loop
      vertex -26.5 50.0002326965332 5
      vertex -28 50.43904495239258 6.060179710388184
      vertex -26.5 50.43904495239258 6.060179710388184
    endloop
  endfacet
  facet normal -1 0 0
    outer loop
      vertex -28 51.5 0
      vertex -28 52.9997673034668 5
      vertex -28 54.735565185546875 10.148329734802246
    endloop
  endfacet
  facet normal 0 -0.9239807400224094 -0.3824390043753918
    outer loop
      vertex -28 52.9997673034668 5
      vertex -26.5 52.9997673034668 5
      vertex -26.5 52.56095504760742 6.060179710388184
    endloop
  endfacet
  facet normal 0 -0.9239807400224094 -0.3824390043753918
    outer loop
      vertex -28 52.9997673034668 5
      vertex -26.5 52.56095504760742 6.060179710388184
      vertex -28 52.56095504760742 6.060179710388184
    endloop
  endfacet
  facet normal 0 -0.3829497145379548 -0.9237691898603779
    outer loop
      vertex -28 52.56095504760742 6.060179710388184
      vertex -26.5 52.56095504760742 6.060179710388184
      vertex -26.5 51.5 6.5
    endloop
  endfacet
  facet normal 0 0.19510647158889363 -0.9807820679152592
    outer loop
      vertex -26.5 51.5 0
      vertex -28 56.282958984375 0.9514715671539307
      vertex -26.5 56.282958984375 0.9514715671539307
    endloop
  endfacet
  facet normal 0 0.5555696101074005 -0.8314700285188343
    outer loop
      vertex -28 56.282958984375 0.9514715671539307
      vertex -28 60.33937454223633 3.661877393722534
      vertex -26.5 56.282958984375 0.9514715671539307
    endloop
  endfacet
  facet normal 0 0.5555696101074005 -0.8314700285188343
    outer loop
      vertex -26.5 56.282958984375 0.9514715671539307
      vertex -28 60.33937454223633 3.661877393722534
      vertex -26.5 60.33937454223633 3.661877393722534
    endloop
  endfacet
  facet normal -1 0 0
    outer loop
      vertex -28 51.5 0
      vertex -28 55.30413055419922 11.264345169067383
      vertex -28 56.282958984375 0.9514715671539307
    endloop
  endfacet
  facet normal 1 0 0
    outer loop
      vertex -26.5 52.9997673034668 5
      vertex -26.5 56.282958984375 0.9514715671539307
      vertex -26.5 53.85166931152344 9.264436721801758
    endloop
  endfacet
  facet normal -1 0 0
    outer loop
      vertex -28 56.282958984375 0.9514715671539307
      vertex -28 60.0601806640625 11.439043998718262
      vertex -28 60.33937454223633 3.661877393722534
    endloop
  endfacet
  facet normal 1 0 0
    outer loop
      vertex -26.5 56.282958984375 0.9514715671539307
      vertex -26.5 60.33937454223633 3.661877393722534
      vertex -26.5 57.5 12.5
    endloop
  endfacet
  facet normal 0 0.8314630998903225 -0.5555799794096035
    outer loop
      vertex -28 60.33937454223633 3.661877393722534
      vertex -28 63.048160552978516 7.71575927734375
      vertex -26.5 60.33937454223633 3.661877393722534
    endloop
  endfacet
  facet normal 1 0 0
    outer loop
      vertex -26.5 42.9398193359375 11.439043998718262
      vertex -26.5 51.5 0
      vertex -26.5 44 11.000232696533203
    endloop
  endfacet
  facet normal 1 0 0
    outer loop
      vertex -26.5 44 11.000232696533203
      vertex -26.5 51.5 0
      vertex -26.5 45.0601806640625 11.439043998718262
    endloop
  endfacet
  facet normal 1 0 0
    outer loop
      vertex -26.5 45.0601806640625 11.439043998718262
      vertex -26.5 51.5 0
      vertex -26.5 45.5 12.5
    endloop
  endfacet
  facet normal 1 0 0
    outer loop
      vertex -26.5 47.69586944580078 11.264345169067383
      vertex -26.5 45.5 12.5
      vertex -26.5 51.5 0
    endloop
  endfacet
  facet normal -1 0 0
    outer loop
      vertex -28 50.0002326965332 5
      vertex -28 50.26434326171875 8.695869445800781
      vertex -28 50.43904495239258 6.060179710388184
    endloop
  endfacet
  facet normal -1 0 0
    outer loop
      vertex -28 50.43904495239258 6.060179710388184
      vertex -28 51.5 8.5
      vertex -28 51.5 6.5
    endloop
  endfacet
  facet normal 0 0.3829497145379548 -0.9237691898603779
    outer loop
      vertex -26.5 50.43904495239258 6.060179710388184
      vertex -28 51.5 6.5
      vertex -26.5 51.5 6.5
    endloop
  endfacet
  facet normal 1 0 0
    outer loop
      vertex -26.5 50.0002326965332 5
      vertex -26.5 50.43904495239258 6.060179710388184
      vertex -26.5 50.26434326171875 8.695869445800781
    endloop
  endfacet
  facet normal -1 0 0
    outer loop
      vertex -28 50.0002326965332 5
      vertex -28 49.14833068847656 9.264436721801758
      vertex -28 50.26434326171875 8.695869445800781
    endloop
  endfacet
  facet normal -1 0 0
    outer loop
      vertex -28 50.43904495239258 6.060179710388184
      vertex -28 50.26434326171875 8.695869445800781
      vertex -28 51.5 8.5
    endloop
  endfacet
  facet normal 1 0 0
    outer loop
      vertex -26.5 47.69586944580078 11.264345169067383
      vertex -26.5 51.5 0
      vertex -26.5 48.264434814453125 10.148329734802246
    endloop
  endfacet
  facet normal 1 0 0
    outer loop
      vertex -26.5 50.0002326965332 5
      vertex -26.5 50.26434326171875 8.695869445800781
      vertex -26.5 49.14833068847656 9.264436721801758
    endloop
  endfacet
  facet normal 1 0 0
    outer loop
      vertex -26.5 50.43904495239258 6.060179710388184
      vertex -26.5 51.5 6.5
      vertex -26.5 50.26434326171875 8.695869445800781
    endloop
  endfacet
  facet normal 0 -0.3829497145379548 -0.9237691898603779
    outer loop
      vertex -28 52.56095504760742 6.060179710388184
      vertex -26.5 51.5 6.5
      vertex -28 51.5 6.5
    endloop
  endfacet
  facet normal -1 0 0
    outer loop
      vertex -28 52.9997673034668 5
      vertex -28 52.56095504760742 6.060179710388184
      vertex -28 52.73565673828125 8.695869445800781
    endloop
  endfacet
  facet normal 1 0 0
    outer loop
      vertex -26.5 52.56095504760742 6.060179710388184
      vertex -26.5 51.5 8.5
      vertex -26.5 51.5 6.5
    endloop
  endfacet
  facet normal 1 0 0
    outer loop
      vertex -26.5 52.9997673034668 5
      vertex -26.5 52.73565673828125 8.695869445800781
      vertex -26.5 52.56095504760742 6.060179710388184
    endloop
  endfacet
  facet normal -1 0 0
    outer loop
      vertex -28 52.56095504760742 6.060179710388184
      vertex -28 51.5 6.5
      vertex -28 52.73565673828125 8.695869445800781
    endloop
  endfacet
  facet normal -1 0 0
    outer loop
      vertex -28 51.5 0
      vertex -28 54.735565185546875 10.148329734802246
      vertex -28 55.30413055419922 11.264345169067383
    endloop
  endfacet
  facet normal -1 0 0
    outer loop
      vertex -28 52.9997673034668 5
      vertex -28 52.73565673828125 8.695869445800781
      vertex -28 53.85166931152344 9.264436721801758
    endloop
  endfacet
  facet normal 1 0 0
    outer loop
      vertex -26.5 52.56095504760742 6.060179710388184
      vertex -26.5 52.73565673828125 8.695869445800781
      vertex -26.5 51.5 8.5
    endloop
  endfacet
  facet normal 1 0 0
    outer loop
      vertex -26.5 52.9997673034668 5
      vertex -26.5 53.85166931152344 9.264436721801758
      vertex -26.5 52.73565673828125 8.695869445800781
    endloop
  endfacet
  facet normal 0 0.15655972599709364 0.9876684930662286
    outer loop
      vertex -28 51.5 8.5
      vertex -28 50.26434326171875 8.695869445800781
      vertex -26.5 51.5 8.5
    endloop
  endfacet
  facet normal 1 0 0
    outer loop
      vertex -26.5 50.0002326965332 5
      vertex -26.5 49.14833068847656 9.264436721801758
      vertex -26.5 48.264434814453125 10.148329734802246
    endloop
  endfacet
  facet normal 1 0 0
    outer loop
      vertex -26.5 51.5 6.5
      vertex -26.5 51.5 8.5
      vertex -26.5 50.26434326171875 8.695869445800781
    endloop
  endfacet
  facet normal 0 0.4539464265136624 0.8910289792456114
    outer loop
      vertex -28 49.14833068847656 9.264436721801758
      vertex -26.5 50.26434326171875 8.695869445800781
      vertex -28 50.26434326171875 8.695869445800781
    endloop
  endfacet
  facet normal 0 0.4539464265136624 0.8910289792456114
    outer loop
      vertex -28 49.14833068847656 9.264436721801758
      vertex -26.5 49.14833068847656 9.264436721801758
      vertex -26.5 50.26434326171875 8.695869445800781
    endloop
  endfacet
  facet normal 0 0.15655972599709364 0.9876684930662286
    outer loop
      vertex -26.5 51.5 8.5
      vertex -28 50.26434326171875 8.695869445800781
      vertex -26.5 50.26434326171875 8.695869445800781
    endloop
  endfacet
  facet normal -1 0 0
    outer loop
      vertex -28 51.5 6.5
      vertex -28 51.5 8.5
      vertex -28 52.73565673828125 8.695869445800781
    endloop
  endfacet
  facet normal -1 0 0
    outer loop
      vertex -28 52.9997673034668 5
      vertex -28 53.85166931152344 9.264436721801758
      vertex -28 54.735565185546875 10.148329734802246
    endloop
  endfacet
  facet normal 0 -0.15655972599709364 0.9876684930662286
    outer loop
      vertex -28 51.5 8.5
      vertex -26.5 51.5 8.5
      vertex -26.5 52.73565673828125 8.695869445800781
    endloop
  endfacet
  facet normal 0 -0.15655972599709364 0.9876684930662286
    outer loop
      vertex -28 51.5 8.5
      vertex -26.5 52.73565673828125 8.695869445800781
      vertex -28 52.73565673828125 8.695869445800781
    endloop
  endfacet
  facet normal 0 -0.4539464265136624 0.8910289792456114
    outer loop
      vertex -28 52.73565673828125 8.695869445800781
      vertex -26.5 53.85166931152344 9.264436721801758
      vertex -28 53.85166931152344 9.264436721801758
    endloop
  endfacet
  facet normal 0 -0.4539464265136624 0.8910289792456114
    outer loop
      vertex -28 52.73565673828125 8.695869445800781
      vertex -26.5 52.73565673828125 8.695869445800781
      vertex -26.5 53.85166931152344 9.264436721801758
    endloop
  endfacet
  facet normal 0 0.7071056367906412 0.7071079255806018
    outer loop
      vertex -28 49.14833068847656 9.264436721801758
      vertex -28 48.264434814453125 10.148329734802246
      vertex -26.5 49.14833068847656 9.264436721801758
    endloop
  endfacet
  facet normal 0 0.7071056367906412 0.7071079255806018
    outer loop
      vertex -26.5 49.14833068847656 9.264436721801758
      vertex -28 48.264434814453125 10.148329734802246
      vertex -26.5 48.264434814453125 10.148329734802246
    endloop
  endfacet
  facet normal 0 0.8910300659068301 0.4539442935538127
    outer loop
      vertex -28 47.69586944580078 11.264345169067383
      vertex -26.5 48.264434814453125 10.148329734802246
      vertex -28 48.264434814453125 10.148329734802246
    endloop
  endfacet
  facet normal 0 0.8910300659068301 0.4539442935538127
    outer loop
      vertex -28 47.69586944580078 11.264345169067383
      vertex -26.5 47.69586944580078 11.264345169067383
      vertex -26.5 48.264434814453125 10.148329734802246
    endloop
  endfacet
  facet normal 0 -0.3824380010794096 0.9239811552896441
    outer loop
      vertex -28 44 11.000232696533203
      vertex -26.5 45.0601806640625 11.439043998718262
      vertex -28 45.0601806640625 11.439043998718262
    endloop
  endfacet
  facet normal -1 0 0
    outer loop
      vertex -28 44 11.000232696533203
      vertex -28 45.0601806640625 11.439043998718262
      vertex -28 47.69586944580078 11.264345169067383
    endloop
  endfacet
  facet normal 0 -0.3824380010794096 0.9239811552896441
    outer loop
      vertex -28 44 11.000232696533203
      vertex -26.5 44 11.000232696533203
      vertex -26.5 45.0601806640625 11.439043998718262
    endloop
  endfacet
  facet normal -1 0 0
    outer loop
      vertex -28 45.0601806640625 11.439043998718262
      vertex -28 45.5 12.5
      vertex -28 47.5 12.5
    endloop
  endfacet
  facet normal 0 -0.923769605378278 0.38294871220472915
    outer loop
      vertex -28 45.0601806640625 11.439043998718262
      vertex -26.5 45.5 12.5
      vertex -28 45.5 12.5
    endloop
  endfacet
  facet normal 0 -0.923769605378278 0.38294871220472915
    outer loop
      vertex -28 45.0601806640625 11.439043998718262
      vertex -26.5 45.0601806640625 11.439043998718262
      vertex -26.5 45.5 12.5
    endloop
  endfacet
  facet normal 0 0.9876684556978267 0.15655996173821152
    outer loop
      vertex -28 47.69586944580078 11.264345169067383
      vertex -28 47.5 12.5
      vertex -26.5 47.69586944580078 11.264345169067383
    endloop
  endfacet
  facet normal -1 0 0
    outer loop
      vertex -28 45.0601806640625 11.439043998718262
      vertex -28 47.5 12.5
      vertex -28 47.69586944580078 11.264345169067383
    endloop
  endfacet
  facet normal 0 0.9876684556978267 0.15655996173821152
    outer loop
      vertex -26.5 47.69586944580078 11.264345169067383
      vertex -28 47.5 12.5
      vertex -26.5 47.5 12.5
    endloop
  endfacet
  facet normal 1 0 0
    outer loop
      vertex -26.5 47.69586944580078 11.264345169067383
      vertex -26.5 47.5 12.5
      vertex -26.5 45.5 12.5
    endloop
  endfacet
  facet normal 1 0 0
    outer loop
      vertex -26.5 56.282958984375 0.9514715671539307
      vertex -26.5 54.735565185546875 10.148329734802246
      vertex -26.5 53.85166931152344 9.264436721801758
    endloop
  endfacet
  facet normal 1 0 0
    outer loop
      vertex -26.5 56.282958984375 0.9514715671539307
      vertex -26.5 55.30413055419922 11.264345169067383
      vertex -26.5 54.735565185546875 10.148329734802246
    endloop
  endfacet
  facet normal -1 0 0
    outer loop
      vertex -28 56.282958984375 0.9514715671539307
      vertex -28 57.9398193359375 11.439043998718262
      vertex -28 59 11.000232696533203
    endloop
  endfacet
  facet normal -1 0 0
    outer loop
      vertex -28 56.282958984375 0.9514715671539307
      vertex -28 59 11.000232696533203
      vertex -28 60.0601806640625 11.439043998718262
    endloop
  endfacet
  facet normal -1 0 0
    outer loop
      vertex -28 56.282958984375 0.9514715671539307
      vertex -28 55.30413055419922 11.264345169067383
      vertex -28 55.5 12.5
    endloop
  endfacet
  facet normal 1 0 0
    outer loop
      vertex -26.5 56.282958984375 0.9514715671539307
      vertex -26.5 55.5 12.5
      vertex -26.5 55.30413055419922 11.264345169067383
    endloop
  endfacet
  facet normal -1 0 0
    outer loop
      vertex -28 56.282958984375 0.9514715671539307
      vertex -28 57.5 12.5
      vertex -28 57.9398193359375 11.439043998718262
    endloop
  endfacet
  facet normal 1 0 0
    outer loop
      vertex -26.5 60.33937454223633 3.661877393722534
      vertex -26.5 57.9398193359375 11.439043998718262
      vertex -26.5 57.5 12.5
    endloop
  endfacet
  facet normal 0 0.8314630998903225 -0.5555799794096035
    outer loop
      vertex -26.5 60.33937454223633 3.661877393722534
      vertex -28 63.048160552978516 7.71575927734375
      vertex -26.5 63.048160552978516 7.71575927734375
    endloop
  endfacet
  facet normal 1 0 0
    outer loop
      vertex -26.5 60.33937454223633 3.661877393722534
      vertex -26.5 63.048160552978516 7.71575927734375
      vertex -26.5 60.5 12.5
    endloop
  endfacet
  facet normal -1 0 0
    outer loop
      vertex -28 60.33937454223633 3.661877393722534
      vertex -28 60.0601806640625 11.439043998718262
      vertex -28 60.5 12.5
    endloop
  endfacet
  facet normal 1 0 0
    outer loop
      vertex -26.5 60.33937454223633 3.661877393722534
      vertex -26.5 59 11.000232696533203
      vertex -26.5 57.9398193359375 11.439043998718262
    endloop
  endfacet
  facet normal 1 0 0
    outer loop
      vertex -26.5 60.33937454223633 3.661877393722534
      vertex -26.5 60.0601806640625 11.439043998718262
      vertex -26.5 59 11.000232696533203
    endloop
  endfacet
  facet normal 1 0 0
    outer loop
      vertex -26.5 60.33937454223633 3.661877393722534
      vertex -26.5 60.5 12.5
      vertex -26.5 60.0601806640625 11.439043998718262
    endloop
  endfacet
  facet normal 0 0.9807861684234775 -0.19508585758376726
    outer loop
      vertex -28 63.048160552978516 7.71575927734375
      vertex -28 63.99978256225586 12.5
      vertex -26.5 63.048160552978516 7.71575927734375
    endloop
  endfacet
  facet normal 0 -0.7071056367906412 0.7071079255806018
    outer loop
      vertex -28 53.85166931152344 9.264436721801758
      vertex -26.5 54.735565185546875 10.148329734802246
      vertex -28 54.735565185546875 10.148329734802246
    endloop
  endfacet
  facet normal 0 -0.7071056367906412 0.7071079255806018
    outer loop
      vertex -28 53.85166931152344 9.264436721801758
      vertex -26.5 53.85166931152344 9.264436721801758
      vertex -26.5 54.735565185546875 10.148329734802246
    endloop
  endfacet
  facet normal 0 -0.8910300659068301 0.4539442935538127
    outer loop
      vertex -28 54.735565185546875 10.148329734802246
      vertex -26.5 55.30413055419922 11.264345169067383
      vertex -28 55.30413055419922 11.264345169067383
    endloop
  endfacet
  facet normal 0 -0.8910300659068301 0.4539442935538127
    outer loop
      vertex -28 54.735565185546875 10.148329734802246
      vertex -26.5 54.735565185546875 10.148329734802246
      vertex -26.5 55.30413055419922 11.264345169067383
    endloop
  endfacet
  facet normal 0 -0.9876684556978267 0.15655996173821152
    outer loop
      vertex -28 55.30413055419922 11.264345169067383
      vertex -26.5 55.30413055419922 11.264345169067383
      vertex -26.5 55.5 12.5
    endloop
  endfacet
  facet normal 0 -0.9876684556978267 0.15655996173821152
    outer loop
      vertex -28 55.30413055419922 11.264345169067383
      vertex -26.5 55.5 12.5
      vertex -28 55.5 12.5
    endloop
  endfacet
  facet normal 0 0.3824380010794096 0.9239811552896441
    outer loop
      vertex -28 57.9398193359375 11.439043998718262
      vertex -26.5 59 11.000232696533203
      vertex -28 59 11.000232696533203
    endloop
  endfacet
  facet normal 0 0.3824380010794096 0.9239811552896441
    outer loop
      vertex -28 57.9398193359375 11.439043998718262
      vertex -26.5 57.9398193359375 11.439043998718262
      vertex -26.5 59 11.000232696533203
    endloop
  endfacet
  facet normal 0 0.923769605378278 0.38294871220472915
    outer loop
      vertex -28 57.9398193359375 11.439043998718262
      vertex -28 57.5 12.5
      vertex -26.5 57.9398193359375 11.439043998718262
    endloop
  endfacet
  facet normal 0 0.923769605378278 0.38294871220472915
    outer loop
      vertex -26.5 57.9398193359375 11.439043998718262
      vertex -28 57.5 12.5
      vertex -26.5 57.5 12.5
    endloop
  endfacet
  facet normal -1 0 0
    outer loop
      vertex -28 60.33937454223633 3.661877393722534
      vertex -28 63.048160552978516 17.28424072265625
      vertex -28 63.048160552978516 7.71575927734375
    endloop
  endfacet
  facet normal 0 0.9807861684234775 -0.19508585758376726
    outer loop
      vertex -26.5 63.048160552978516 7.71575927734375
      vertex -28 63.99978256225586 12.5
      vertex -26.5 63.99978256225586 12.5
    endloop
  endfacet
  facet normal 0 -0.3824380010794096 0.9239811552896441
    outer loop
      vertex -28 59 11.000232696533203
      vertex -26.5 60.0601806640625 11.439043998718262
      vertex -28 60.0601806640625 11.439043998718262
    endloop
  endfacet
  facet normal -1 0 0
    outer loop
      vertex -28 60.33937454223633 3.661877393722534
      vertex -28 60.5 12.5
      vertex -28 63.048160552978516 17.28424072265625
    endloop
  endfacet
  facet normal 0 -0.3824380010794096 0.9239811552896441
    outer loop
      vertex -28 59 11.000232696533203
      vertex -26.5 59 11.000232696533203
      vertex -26.5 60.0601806640625 11.439043998718262
    endloop
  endfacet
  facet normal 0 -0.923769605378278 0.38294871220472915
    outer loop
      vertex -28 60.0601806640625 11.439043998718262
      vertex -26.5 60.5 12.5
      vertex -28 60.5 12.5
    endloop
  endfacet
  facet normal 0 -0.923769605378278 0.38294871220472915
    outer loop
      vertex -28 60.0601806640625 11.439043998718262
      vertex -26.5 60.0601806640625 11.439043998718262
      vertex -26.5 60.5 12.5
    endloop
  endfacet
  facet normal -1 0 0
    outer loop
      vertex -28 17.5 12.5
      vertex -28 31.9398193359375 13.560956001281738
      vertex -28 31.5 12.5
    endloop
  endfacet
  facet normal 0 0.923769605378278 -0.38294871220472915
    outer loop
      vertex -28 31.5 12.5
      vertex -28 31.9398193359375 13.560956001281738
      vertex -26.5 31.5 12.5
    endloop
  endfacet
  facet normal 0 0.923769605378278 -0.38294871220472915
    outer loop
      vertex -26.5 31.5 12.5
      vertex -28 31.9398193359375 13.560956001281738
      vertex -26.5 31.9398193359375 13.560956001281738
    endloop
  endfacet
  facet normal 0 0.3824380010794096 -0.9239811552896441
    outer loop
      vertex -28 31.9398193359375 13.560956001281738
      vertex -28 33 13.999767303466797
      vertex -26.5 31.9398193359375 13.560956001281738
    endloop
  endfacet
  facet normal 0 -0.3824380010794096 -0.9239811552896441
    outer loop
      vertex -28 33 13.999767303466797
      vertex -28 34.0601806640625 13.560956001281738
      vertex -26.5 33 13.999767303466797
    endloop
  endfacet
  facet normal 0 0.3824380010794096 -0.9239811552896441
    outer loop
      vertex -26.5 31.9398193359375 13.560956001281738
      vertex -28 33 13.999767303466797
      vertex -26.5 33 13.999767303466797
    endloop
  endfacet
  facet normal 0 -0.3824380010794096 -0.9239811552896441
    outer loop
      vertex -26.5 33 13.999767303466797
      vertex -28 34.0601806640625 13.560956001281738
      vertex -26.5 34.0601806640625 13.560956001281738
    endloop
  endfacet
  facet normal 1 0 0
    outer loop
      vertex -26.5 1.5 25
      vertex -26.5 33 13.999767303466797
      vertex -26.5 42.5 12.5
    endloop
  endfacet
  facet normal -1 0 0
    outer loop
      vertex -28 17.5 12.5
      vertex -28 17.0601806640625 13.560956001281738
      vertex -28 51.5 25
    endloop
  endfacet
  facet normal -1 0 0
    outer loop
      vertex -28 16 13.999767303466797
      vertex -28 51.5 25
      vertex -28 17.0601806640625 13.560956001281738
    endloop
  endfacet
  facet normal 1 0 0
    outer loop
      vertex -26.5 1.5 25
      vertex -26.5 42.5 12.5
      vertex -26.5 42.9398193359375 13.560956001281738
    endloop
  endfacet
  facet normal -1 0 0
    outer loop
      vertex -28 17.5 12.5
      vertex -28 51.5 25
      vertex -28 31.9398193359375 13.560956001281738
    endloop
  endfacet
  facet normal 1 0 0
    outer loop
      vertex -26.5 1.5 25
      vertex -26.5 42.9398193359375 13.560956001281738
      vertex -26.5 44 13.999767303466797
    endloop
  endfacet
  facet normal 1 0 0
    outer loop
      vertex -26.5 1.5 25
      vertex -26.5 44 13.999767303466797
      vertex -26.5 47.69586944580078 13.735654830932617
    endloop
  endfacet
  facet normal 1 0 0
    outer loop
      vertex -26.5 1.5 25
      vertex -26.5 47.69586944580078 13.735654830932617
      vertex -26.5 48.264434814453125 14.851670265197754
    endloop
  endfacet
  facet normal 1 0 0
    outer loop
      vertex -26.5 1.5 25
      vertex -26.5 48.264434814453125 14.851670265197754
      vertex -26.5 49.14833068847656 15.735563278198242
    endloop
  endfacet
  facet normal 0 -0.923769605378278 -0.38294871220472915
    outer loop
      vertex -28 34.5 12.5
      vertex -26.5 34.0601806640625 13.560956001281738
      vertex -28 34.0601806640625 13.560956001281738
    endloop
  endfacet
  facet normal 0 -0.923769605378278 -0.38294871220472915
    outer loop
      vertex -28 34.5 12.5
      vertex -26.5 34.5 12.5
      vertex -26.5 34.0601806640625 13.560956001281738
    endloop
  endfacet
  facet normal 1 0 0
    outer loop
      vertex -26.5 34.5 12.5
      vertex -26.5 42.5 12.5
      vertex -26.5 34.0601806640625 13.560956001281738
    endloop
  endfacet
  facet normal 1 0 0
    outer loop
      vertex -26.5 33 13.999767303466797
      vertex -26.5 34.0601806640625 13.560956001281738
      vertex -26.5 42.5 12.5
    endloop
  endfacet
  facet normal -1 0 0
    outer loop
      vertex -28 34.5 12.5
      vertex -28 42.9398193359375 13.560956001281738
      vertex -28 42.5 12.5
    endloop
  endfacet
  facet normal 0 0.923769605378278 -0.38294871220472915
    outer loop
      vertex -28 42.5 12.5
      vertex -28 42.9398193359375 13.560956001281738
      vertex -26.5 42.5 12.5
    endloop
  endfacet
  facet normal 0 0.923769605378278 -0.38294871220472915
    outer loop
      vertex -26.5 42.5 12.5
      vertex -28 42.9398193359375 13.560956001281738
      vertex -26.5 42.9398193359375 13.560956001281738
    endloop
  endfacet
  facet normal 0 0.3824380010794096 -0.9239811552896441
    outer loop
      vertex -28 42.9398193359375 13.560956001281738
      vertex -28 44 13.999767303466797
      vertex -26.5 42.9398193359375 13.560956001281738
    endloop
  endfacet
  facet normal 0 0.3824380010794096 -0.9239811552896441
    outer loop
      vertex -26.5 42.9398193359375 13.560956001281738
      vertex -28 44 13.999767303466797
      vertex -26.5 44 13.999767303466797
    endloop
  endfacet
  facet normal -1 0 0
    outer loop
      vertex -28 31.9398193359375 13.560956001281738
      vertex -28 51.5 25
      vertex -28 33 13.999767303466797
    endloop
  endfacet
  facet normal -1 0 0
    outer loop
      vertex -28 34.5 12.5
      vertex -28 34.0601806640625 13.560956001281738
      vertex -28 51.5 25
    endloop
  endfacet
  facet normal -1 0 0
    outer loop
      vertex -28 34.5 12.5
      vertex -28 51.5 25
      vertex -28 42.9398193359375 13.560956001281738
    endloop
  endfacet
  facet normal -1 0 0
    outer loop
      vertex -28 33 13.999767303466797
      vertex -28 51.5 25
      vertex -28 34.0601806640625 13.560956001281738
    endloop
  endfacet
  facet normal 1 0 0
    outer loop
      vertex -26.5 1.5 25
      vertex -26.5 49.14833068847656 15.735563278198242
      vertex -26.5 50.0002326965332 20
    endloop
  endfacet
  facet normal 1 0 0
    outer loop
      vertex -26.5 1.5 25
      vertex -26.5 50.0002326965332 20
      vertex -26.5 50.43904495239258 21.0601806640625
    endloop
  endfacet
  facet normal 1 0 0
    outer loop
      vertex -26.5 1.5 25
      vertex -26.5 50.43904495239258 21.0601806640625
      vertex -26.5 51.5 21.5
    endloop
  endfacet
  facet normal 1 0 0
    outer loop
      vertex -26.5 1.5 25
      vertex -26.5 51.5 21.5
      vertex -26.5 51.5 25
    endloop
  endfacet
  facet normal 0 0 1
    outer loop
      vertex -26.5 1.5 25
      vertex -26.5 51.5 25
      vertex -28 51.5 25
    endloop
  endfacet
  facet normal 0 -0.923769605378278 -0.38294871220472915
    outer loop
      vertex -28 45.5 12.5
      vertex -26.5 45.0601806640625 13.560956001281738
      vertex -28 45.0601806640625 13.560956001281738
    endloop
  endfacet
  facet normal 0 -0.923769605378278 -0.38294871220472915
    outer loop
      vertex -28 45.5 12.5
      vertex -26.5 45.5 12.5
      vertex -26.5 45.0601806640625 13.560956001281738
    endloop
  endfacet
  facet normal 1 0 0
    outer loop
      vertex -26.5 45.5 12.5
      vertex -26.5 47.5 12.5
      vertex -26.5 45.0601806640625 13.560956001281738
    endloop
  endfacet
  facet normal 0 -0.3824380010794096 -0.9239811552896441
    outer loop
      vertex -28 44 13.999767303466797
      vertex -28 45.0601806640625 13.560956001281738
      vertex -26.5 44 13.999767303466797
    endloop
  endfacet
  facet normal 0 -0.3824380010794096 -0.9239811552896441
    outer loop
      vertex -28 45.0601806640625 13.560956001281738
      vertex -26.5 45.0601806640625 13.560956001281738
      vertex -26.5 44 13.999767303466797
    endloop
  endfacet
  facet normal 1 0 0
    outer loop
      vertex -26.5 44 13.999767303466797
      vertex -26.5 45.0601806640625 13.560956001281738
      vertex -26.5 47.69586944580078 13.735654830932617
    endloop
  endfacet
  facet normal -1 0 0
    outer loop
      vertex -28 45.5 12.5
      vertex -28 47.69586944580078 13.735654830932617
      vertex -28 47.5 12.5
    endloop
  endfacet
  facet normal 0 0.9876684556978267 -0.15655996173821152
    outer loop
      vertex -28 47.5 12.5
      vertex -28 47.69586944580078 13.735654830932617
      vertex -26.5 47.5 12.5
    endloop
  endfacet
  facet normal 1 0 0
    outer loop
      vertex -26.5 45.0601806640625 13.560956001281738
      vertex -26.5 47.5 12.5
      vertex -26.5 47.69586944580078 13.735654830932617
    endloop
  endfacet
  facet normal 0 0.9876684556978267 -0.15655996173821152
    outer loop
      vertex -26.5 47.5 12.5
      vertex -28 47.69586944580078 13.735654830932617
      vertex -26.5 47.69586944580078 13.735654830932617
    endloop
  endfacet
  facet normal 0 0.8910300659068301 -0.4539442935538127
    outer loop
      vertex -28 47.69586944580078 13.735654830932617
      vertex -28 48.264434814453125 14.851670265197754
      vertex -26.5 47.69586944580078 13.735654830932617
    endloop
  endfacet
  facet normal 0 0.8910300659068301 -0.4539442935538127
    outer loop
      vertex -26.5 47.69586944580078 13.735654830932617
      vertex -28 48.264434814453125 14.851670265197754
      vertex -26.5 48.264434814453125 14.851670265197754
    endloop
  endfacet
  facet normal 0 0.7071056367906412 -0.7071079255806018
    outer loop
      vertex -28 48.264434814453125 14.851670265197754
      vertex -28 49.14833068847656 15.735563278198242
      vertex -26.5 48.264434814453125 14.851670265197754
    endloop
  endfacet
  facet normal 0 0.7071056367906412 -0.7071079255806018
    outer loop
      vertex -26.5 48.264434814453125 14.851670265197754
      vertex -28 49.14833068847656 15.735563278198242
      vertex -26.5 49.14833068847656 15.735563278198242
    endloop
  endfacet
  facet normal -1 0 0
    outer loop
      vertex -28 45.5 12.5
      vertex -28 45.0601806640625 13.560956001281738
      vertex -28 51.5 25
    endloop
  endfacet
  facet normal -1 0 0
    outer loop
      vertex -28 45.5 12.5
      vertex -28 51.5 25
      vertex -28 47.69586944580078 13.735654830932617
    endloop
  endfacet
  facet normal -1 0 0
    outer loop
      vertex -28 42.9398193359375 13.560956001281738
      vertex -28 51.5 25
      vertex -28 44 13.999767303466797
    endloop
  endfacet
  facet normal -1 0 0
    outer loop
      vertex -28 44 13.999767303466797
      vertex -28 51.5 25
      vertex -28 45.0601806640625 13.560956001281738
    endloop
  endfacet
  facet normal 0 0.4539464265136624 -0.8910289792456114
    outer loop
      vertex -28 49.14833068847656 15.735563278198242
      vertex -28 50.26434326171875 16.30413055419922
      vertex -26.5 49.14833068847656 15.735563278198242
    endloop
  endfacet
  facet normal 0 0.15655972599709364 -0.9876684930662286
    outer loop
      vertex -28 50.26434326171875 16.30413055419922
      vertex -28 51.5 16.5
      vertex -26.5 50.26434326171875 16.30413055419922
    endloop
  endfacet
  facet normal 0 0.4539464265136624 -0.8910289792456114
    outer loop
      vertex -26.5 49.14833068847656 15.735563278198242
      vertex -28 50.26434326171875 16.30413055419922
      vertex -26.5 50.26434326171875 16.30413055419922
    endloop
  endfacet
  facet normal -1 0 0
    outer loop
      vertex -28 48.264434814453125 14.851670265197754
      vertex -28 50.0002326965332 20
      vertex -28 49.14833068847656 15.735563278198242
    endloop
  endfacet
  facet normal -1 0 0
    outer loop
      vertex -28 50.26434326171875 16.30413055419922
      vertex -28 51.5 18.5
      vertex -28 51.5 16.5
    endloop
  endfacet
  facet normal 0 0.15655972599709364 -0.9876684930662286
    outer loop
      vertex -26.5 50.26434326171875 16.30413055419922
      vertex -28 51.5 16.5
      vertex -26.5 51.5 16.5
    endloop
  endfacet
  facet normal 0 -0.4539464265136624 -0.8910289792456114
    outer loop
      vertex -28 52.73565673828125 16.30413055419922
      vertex -28 53.85166931152344 15.735563278198242
      vertex -26.5 52.73565673828125 16.30413055419922
    endloop
  endfacet
  facet normal 0 -0.15655972599709364 -0.9876684930662286
    outer loop
      vertex -26.5 51.5 16.5
      vertex -28 52.73565673828125 16.30413055419922
      vertex -26.5 52.73565673828125 16.30413055419922
    endloop
  endfacet
  facet normal 0 -0.4539464265136624 -0.8910289792456114
    outer loop
      vertex -28 53.85166931152344 15.735563278198242
      vertex -26.5 53.85166931152344 15.735563278198242
      vertex -26.5 52.73565673828125 16.30413055419922
    endloop
  endfacet
  facet normal 0 -0.15655972599709364 -0.9876684930662286
    outer loop
      vertex -28 51.5 16.5
      vertex -28 52.73565673828125 16.30413055419922
      vertex -26.5 51.5 16.5
    endloop
  endfacet
  facet normal 1 0 0
    outer loop
      vertex -26.5 51.5 16.5
      vertex -26.5 52.73565673828125 16.30413055419922
      vertex -26.5 51.5 18.5
    endloop
  endfacet
  facet normal 1 0 0
    outer loop
      vertex -26.5 54.735565185546875 14.851670265197754
      vertex -26.5 52.9997673034668 20
      vertex -26.5 53.85166931152344 15.735563278198242
    endloop
  endfacet
  facet normal -1 0 0
    outer loop
      vertex -28 49.14833068847656 15.735563278198242
      vertex -28 50.0002326965332 20
      vertex -28 50.26434326171875 16.30413055419922
    endloop
  endfacet
  facet normal -1 0 0
    outer loop
      vertex -28 47.69586944580078 13.735654830932617
      vertex -28 51.5 25
      vertex -28 48.264434814453125 14.851670265197754
    endloop
  endfacet
  facet normal -1 0 0
    outer loop
      vertex -28 50.26434326171875 16.30413055419922
      vertex -28 50.43904495239258 18.9398193359375
      vertex -28 51.5 18.5
    endloop
  endfacet
  facet normal 1 0 0
    outer loop
      vertex -26.5 49.14833068847656 15.735563278198242
      vertex -26.5 50.26434326171875 16.30413055419922
      vertex -26.5 50.0002326965332 20
    endloop
  endfacet
  facet normal 1 0 0
    outer loop
      vertex -26.5 50.26434326171875 16.30413055419922
      vertex -26.5 51.5 16.5
      vertex -26.5 50.43904495239258 18.9398193359375
    endloop
  endfacet
  facet normal -1 0 0
    outer loop
      vertex -28 50.26434326171875 16.30413055419922
      vertex -28 50.0002326965332 20
      vertex -28 50.43904495239258 18.9398193359375
    endloop
  endfacet
  facet normal 0 0.3829490059500573 0.9237694836060903
    outer loop
      vertex -28 51.5 18.5
      vertex -28 50.43904495239258 18.9398193359375
      vertex -26.5 51.5 18.5
    endloop
  endfacet
  facet normal 1 0 0
    outer loop
      vertex -26.5 51.5 16.5
      vertex -26.5 51.5 18.5
      vertex -26.5 50.43904495239258 18.9398193359375
    endloop
  endfacet
  facet normal 1 0 0
    outer loop
      vertex -26.5 50.26434326171875 16.30413055419922
      vertex -26.5 50.43904495239258 18.9398193359375
      vertex -26.5 50.0002326965332 20
    endloop
  endfacet
  facet normal -1 0 0
    outer loop
      vertex -28 51.5 16.5
      vertex -28 52.56095504760742 18.9398193359375
      vertex -28 52.73565673828125 16.30413055419922
    endloop
  endfacet
  facet normal -1 0 0
    outer loop
      vertex -28 52.73565673828125 16.30413055419922
      vertex -28 52.9997673034668 20
      vertex -28 53.85166931152344 15.735563278198242
    endloop
  endfacet
  facet normal 1 0 0
    outer loop
      vertex -26.5 51.5 18.5
      vertex -26.5 52.73565673828125 16.30413055419922
      vertex -26.5 52.56095504760742 18.9398193359375
    endloop
  endfacet
  facet normal 1 0 0
    outer loop
      vertex -26.5 52.73565673828125 16.30413055419922
      vertex -26.5 53.85166931152344 15.735563278198242
      vertex -26.5 52.9997673034668 20
    endloop
  endfacet
  facet normal 1 0 0
    outer loop
      vertex -26.5 55.30413055419922 13.735654830932617
      vertex -26.5 51.5 25
      vertex -26.5 54.735565185546875 14.851670265197754
    endloop
  endfacet
  facet normal -1 0 0
    outer loop
      vertex -28 51.5 16.5
      vertex -28 51.5 18.5
      vertex -28 52.56095504760742 18.9398193359375
    endloop
  endfacet
  facet normal -1 0 0
    outer loop
      vertex -28 52.73565673828125 16.30413055419922
      vertex -28 52.56095504760742 18.9398193359375
      vertex -28 52.9997673034668 20
    endloop
  endfacet
  facet normal 0 -0.3829490059500573 0.9237694836060903
    outer loop
      vertex -28 51.5 18.5
      vertex -26.5 51.5 18.5
      vertex -26.5 52.56095504760742 18.9398193359375
    endloop
  endfacet
  facet normal 1 0 0
    outer loop
      vertex -26.5 52.73565673828125 16.30413055419922
      vertex -26.5 52.9997673034668 20
      vertex -26.5 52.56095504760742 18.9398193359375
    endloop
  endfacet
  facet normal -1 0 0
    outer loop
      vertex -28 56.282958984375 0.9514715671539307
      vertex -28 55.5 12.5
      vertex -28 56.282958984375 24.04852867126465
    endloop
  endfacet
  facet normal 1 0 0
    outer loop
      vertex -26.5 56.282958984375 0.9514715671539307
      vertex -26.5 56.282958984375 24.04852867126465
      vertex -26.5 55.5 12.5
    endloop
  endfacet
  facet normal 0 -0.9876684556978267 -0.15655996173821152
    outer loop
      vertex -28 55.5 12.5
      vertex -26.5 55.5 12.5
      vertex -26.5 55.30413055419922 13.735654830932617
    endloop
  endfacet
  facet normal 0 -0.9876684556978267 -0.15655996173821152
    outer loop
      vertex -28 55.5 12.5
      vertex -26.5 55.30413055419922 13.735654830932617
      vertex -28 55.30413055419922 13.735654830932617
    endloop
  endfacet
  facet normal -1 0 0
    outer loop
      vertex -28 56.282958984375 0.9514715671539307
      vertex -28 56.282958984375 24.04852867126465
      vertex -28 57.5 12.5
    endloop
  endfacet
  facet normal 0 0.923769605378278 -0.38294871220472915
    outer loop
      vertex -28 57.5 12.5
      vertex -28 57.9398193359375 13.560956001281738
      vertex -26.5 57.5 12.5
    endloop
  endfacet
  facet normal 1 0 0
    outer loop
      vertex -26.5 56.282958984375 0.9514715671539307
      vertex -26.5 57.5 12.5
      vertex -26.5 56.282958984375 24.04852867126465
    endloop
  endfacet
  facet normal 0 0.923769605378278 -0.38294871220472915
    outer loop
      vertex -26.5 57.5 12.5
      vertex -28 57.9398193359375 13.560956001281738
      vertex -26.5 57.9398193359375 13.560956001281738
    endloop
  endfacet
  facet normal 0 0.3824380010794096 -0.9239811552896441
    outer loop
      vertex -28 57.9398193359375 13.560956001281738
      vertex -28 59 13.999767303466797
      vertex -26.5 57.9398193359375 13.560956001281738
    endloop
  endfacet
  facet normal 0 0.3824380010794096 -0.9239811552896441
    outer loop
      vertex -26.5 57.9398193359375 13.560956001281738
      vertex -28 59 13.999767303466797
      vertex -26.5 59 13.999767303466797
    endloop
  endfacet
  facet normal 0 -0.8910300659068301 -0.4539442935538127
    outer loop
      vertex -28 55.30413055419922 13.735654830932617
      vertex -26.5 54.735565185546875 14.851670265197754
      vertex -28 54.735565185546875 14.851670265197754
    endloop
  endfacet
  facet normal 0 -0.8910300659068301 -0.4539442935538127
    outer loop
      vertex -28 55.30413055419922 13.735654830932617
      vertex -26.5 55.30413055419922 13.735654830932617
      vertex -26.5 54.735565185546875 14.851670265197754
    endloop
  endfacet
  facet normal 0 -0.7071056367906412 -0.7071079255806018
    outer loop
      vertex -28 54.735565185546875 14.851670265197754
      vertex -26.5 53.85166931152344 15.735563278198242
      vertex -28 53.85166931152344 15.735563278198242
    endloop
  endfacet
  facet normal 0 -0.7071056367906412 -0.7071079255806018
    outer loop
      vertex -28 54.735565185546875 14.851670265197754
      vertex -26.5 54.735565185546875 14.851670265197754
      vertex -26.5 53.85166931152344 15.735563278198242
    endloop
  endfacet
  facet normal 0 -0.923769605378278 -0.38294871220472915
    outer loop
      vertex -28 60.5 12.5
      vertex -26.5 60.0601806640625 13.560956001281738
      vertex -28 60.0601806640625 13.560956001281738
    endloop
  endfacet
  facet normal 0 -0.923769605378278 -0.38294871220472915
    outer loop
      vertex -28 60.5 12.5
      vertex -26.5 60.5 12.5
      vertex -26.5 60.0601806640625 13.560956001281738
    endloop
  endfacet
  facet normal 0 -0.3824380010794096 -0.9239811552896441
    outer loop
      vertex -28 59 13.999767303466797
      vertex -28 60.0601806640625 13.560956001281738
      vertex -26.5 59 13.999767303466797
    endloop
  endfacet
  facet normal 0 -0.3824380010794096 -0.9239811552896441
    outer loop
      vertex -26.5 59 13.999767303466797
      vertex -28 60.0601806640625 13.560956001281738
      vertex -26.5 60.0601806640625 13.560956001281738
    endloop
  endfacet
  facet normal 1 0 0
    outer loop
      vertex -26.5 63.048160552978516 7.71575927734375
      vertex -26.5 60.33937454223633 21.338123321533203
      vertex -26.5 60.5 12.5
    endloop
  endfacet
  facet normal -1 0 0
    outer loop
      vertex -28 63.048160552978516 7.71575927734375
      vertex -28 63.048160552978516 17.28424072265625
      vertex -28 63.99978256225586 12.5
    endloop
  endfacet
  facet normal 1 0 0
    outer loop
      vertex -26.5 63.048160552978516 7.71575927734375
      vertex -26.5 63.99978256225586 12.5
      vertex -26.5 63.048160552978516 17.28424072265625
    endloop
  endfacet
  facet normal 0 0.9807861684234775 0.19508585758376726
    outer loop
      vertex -28 63.99978256225586 12.5
      vertex -28 63.048160552978516 17.28424072265625
      vertex -26.5 63.99978256225586 12.5
    endloop
  endfacet
  facet normal 1 0 0
    outer loop
      vertex -26.5 63.048160552978516 7.71575927734375
      vertex -26.5 63.048160552978516 17.28424072265625
      vertex -26.5 60.33937454223633 21.338123321533203
    endloop
  endfacet
  facet normal -1 0 0
    outer loop
      vertex -28 55.5 12.5
      vertex -28 55.30413055419922 13.735654830932617
      vertex -28 56.282958984375 24.04852867126465
    endloop
  endfacet
  facet normal 1 0 0
    outer loop
      vertex -26.5 55.5 12.5
      vertex -26.5 56.282958984375 24.04852867126465
      vertex -26.5 55.30413055419922 13.735654830932617
    endloop
  endfacet
  facet normal -1 0 0
    outer loop
      vertex -28 57.5 12.5
      vertex -28 60.33937454223633 21.338123321533203
      vertex -28 57.9398193359375 13.560956001281738
    endloop
  endfacet
  facet normal 1 0 0
    outer loop
      vertex -26.5 57.5 12.5
      vertex -26.5 57.9398193359375 13.560956001281738
      vertex -26.5 56.282958984375 24.04852867126465
    endloop
  endfacet
  facet normal -1 0 0
    outer loop
      vertex -28 55.30413055419922 13.735654830932617
      vertex -28 54.735565185546875 14.851670265197754
      vertex -28 56.282958984375 24.04852867126465
    endloop
  endfacet
  facet normal -1 0 0
    outer loop
      vertex -28 54.735565185546875 14.851670265197754
      vertex -28 53.85166931152344 15.735563278198242
      vertex -28 56.282958984375 24.04852867126465
    endloop
  endfacet
  facet normal 1 0 0
    outer loop
      vertex -26.5 57.9398193359375 13.560956001281738
      vertex -26.5 59 13.999767303466797
      vertex -26.5 56.282958984375 24.04852867126465
    endloop
  endfacet
  facet normal 1 0 0
    outer loop
      vertex -26.5 59 13.999767303466797
      vertex -26.5 60.0601806640625 13.560956001281738
      vertex -26.5 56.282958984375 24.04852867126465
    endloop
  endfacet
  facet normal -1 0 0
    outer loop
      vertex -28 57.9398193359375 13.560956001281738
      vertex -28 60.33937454223633 21.338123321533203
      vertex -28 59 13.999767303466797
    endloop
  endfacet
  facet normal -1 0 0
    outer loop
      vertex -28 59 13.999767303466797
      vertex -28 60.33937454223633 21.338123321533203
      vertex -28 60.0601806640625 13.560956001281738
    endloop
  endfacet
  facet normal -1 0 0
    outer loop
      vertex -28 60.5 12.5
      vertex -28 60.0601806640625 13.560956001281738
      vertex -28 60.33937454223633 21.338123321533203
    endloop
  endfacet
  facet normal 1 0 0
    outer loop
      vertex -26.5 60.5 12.5
      vertex -26.5 60.33937454223633 21.338123321533203
      vertex -26.5 60.0601806640625 13.560956001281738
    endloop
  endfacet
  facet normal -1 0 0
    outer loop
      vertex -28 60.5 12.5
      vertex -28 60.33937454223633 21.338123321533203
      vertex -28 63.048160552978516 17.28424072265625
    endloop
  endfacet
  facet normal 0 0.9807861684234775 0.19508585758376726
    outer loop
      vertex -26.5 63.99978256225586 12.5
      vertex -28 63.048160552978516 17.28424072265625
      vertex -26.5 63.048160552978516 17.28424072265625
    endloop
  endfacet
  facet normal 0 0.8314631451723992 0.5555799116419005
    outer loop
      vertex -28 63.048160552978516 17.28424072265625
      vertex -28 60.33937454223633 21.338123321533203
      vertex -26.5 63.048160552978516 17.28424072265625
    endloop
  endfacet
  facet normal 0 0.9239808615870789 0.38243871067244123
    outer loop
      vertex -28 50.43904495239258 18.9398193359375
      vertex -28 50.0002326965332 20
      vertex -26.5 50.43904495239258 18.9398193359375
    endloop
  endfacet
  facet normal 0 0.3829490059500573 0.9237694836060903
    outer loop
      vertex -26.5 51.5 18.5
      vertex -28 50.43904495239258 18.9398193359375
      vertex -26.5 50.43904495239258 18.9398193359375
    endloop
  endfacet
  facet normal -1 0 0
    outer loop
      vertex -28 48.264434814453125 14.851670265197754
      vertex -28 51.5 25
      vertex -28 50.0002326965332 20
    endloop
  endfacet
  facet normal 0 0.9239808615870789 0.38243871067244123
    outer loop
      vertex -26.5 50.43904495239258 18.9398193359375
      vertex -28 50.0002326965332 20
      vertex -26.5 50.0002326965332 20
    endloop
  endfacet
  facet normal 0 -0.3829490059500573 0.9237694836060903
    outer loop
      vertex -28 51.5 18.5
      vertex -26.5 52.56095504760742 18.9398193359375
      vertex -28 52.56095504760742 18.9398193359375
    endloop
  endfacet
  facet normal 0 -0.9239808615870789 0.38243871067244123
    outer loop
      vertex -28 52.56095504760742 18.9398193359375
      vertex -26.5 52.56095504760742 18.9398193359375
      vertex -26.5 52.9997673034668 20
    endloop
  endfacet
  facet normal 0 -0.9239808615870789 0.38243871067244123
    outer loop
      vertex -28 52.56095504760742 18.9398193359375
      vertex -26.5 52.9997673034668 20
      vertex -28 52.9997673034668 20
    endloop
  endfacet
  facet normal 1 0 0
    outer loop
      vertex -26.5 54.735565185546875 14.851670265197754
      vertex -26.5 51.5 25
      vertex -26.5 52.9997673034668 20
    endloop
  endfacet
  facet normal 0 0.9239808615870789 -0.38243871067244123
    outer loop
      vertex -28 50.0002326965332 20
      vertex -28 50.43904495239258 21.0601806640625
      vertex -26.5 50.0002326965332 20
    endloop
  endfacet
  facet normal 0 0.9239808615870789 -0.38243871067244123
    outer loop
      vertex -26.5 50.0002326965332 20
      vertex -28 50.43904495239258 21.0601806640625
      vertex -26.5 50.43904495239258 21.0601806640625
    endloop
  endfacet
  facet normal 0 0.3829490059500573 -0.9237694836060903
    outer loop
      vertex -28 50.43904495239258 21.0601806640625
      vertex -28 51.5 21.5
      vertex -26.5 50.43904495239258 21.0601806640625
    endloop
  endfacet
  facet normal 0 0.3829490059500573 -0.9237694836060903
    outer loop
      vertex -26.5 50.43904495239258 21.0601806640625
      vertex -28 51.5 21.5
      vertex -26.5 51.5 21.5
    endloop
  endfacet
  facet normal 0 -0.9239808615870789 -0.38243871067244123
    outer loop
      vertex -28 52.9997673034668 20
      vertex -26.5 52.56095504760742 21.0601806640625
      vertex -28 52.56095504760742 21.0601806640625
    endloop
  endfacet
  facet normal 0 -0.9239808615870789 -0.38243871067244123
    outer loop
      vertex -28 52.9997673034668 20
      vertex -26.5 52.9997673034668 20
      vertex -26.5 52.56095504760742 21.0601806640625
    endloop
  endfacet
  facet normal 0 -0.3829490059500573 -0.9237694836060903
    outer loop
      vertex -28 51.5 21.5
      vertex -28 52.56095504760742 21.0601806640625
      vertex -26.5 51.5 21.5
    endloop
  endfacet
  facet normal -1 0 0
    outer loop
      vertex -28 52.9997673034668 20
      vertex -28 52.56095504760742 21.0601806640625
      vertex -28 56.282958984375 24.04852867126465
    endloop
  endfacet
  facet normal 0 -0.3829490059500573 -0.9237694836060903
    outer loop
      vertex -26.5 51.5 21.5
      vertex -28 52.56095504760742 21.0601806640625
      vertex -26.5 52.56095504760742 21.0601806640625
    endloop
  endfacet
  facet normal -1 0 0
    outer loop
      vertex -28 50.0002326965332 20
      vertex -28 51.5 25
      vertex -28 50.43904495239258 21.0601806640625
    endloop
  endfacet
  facet normal -1 0 0
    outer loop
      vertex -28 50.43904495239258 21.0601806640625
      vertex -28 51.5 25
      vertex -28 51.5 21.5
    endloop
  endfacet
  facet normal -1 0 0
    outer loop
      vertex -28 51.5 21.5
      vertex -28 56.282958984375 24.04852867126465
      vertex -28 52.56095504760742 21.0601806640625
    endloop
  endfacet
  facet normal 1 0 0
    outer loop
      vertex -26.5 52.9997673034668 20
      vertex -26.5 51.5 25
      vertex -26.5 52.56095504760742 21.0601806640625
    endloop
  endfacet
  facet normal 1 0 0
    outer loop
      vertex -26.5 51.5 21.5
      vertex -26.5 52.56095504760742 21.0601806640625
      vertex -26.5 51.5 25
    endloop
  endfacet
  facet normal -1 0 0
    outer loop
      vertex -28 51.5 21.5
      vertex -28 51.5 25
      vertex -28 56.282958984375 24.04852867126465
    endloop
  endfacet
  facet normal 0 0.1951064245604079 0.9807820772706105
    outer loop
      vertex -28 51.5 25
      vertex -26.5 51.5 25
      vertex -26.5 56.282958984375 24.04852867126465
    endloop
  endfacet
  facet normal -1 0 0
    outer loop
      vertex -28 53.85166931152344 15.735563278198242
      vertex -28 52.9997673034668 20
      vertex -28 56.282958984375 24.04852867126465
    endloop
  endfacet
  facet normal -1 0 0
    outer loop
      vertex -28 57.5 12.5
      vertex -28 56.282958984375 24.04852867126465
      vertex -28 60.33937454223633 21.338123321533203
    endloop
  endfacet
  facet normal 1 0 0
    outer loop
      vertex -26.5 60.0601806640625 13.560956001281738
      vertex -26.5 60.33937454223633 21.338123321533203
      vertex -26.5 56.282958984375 24.04852867126465
    endloop
  endfacet
  facet normal 1 0 0
    outer loop
      vertex -26.5 55.30413055419922 13.735654830932617
      vertex -26.5 56.282958984375 24.04852867126465
      vertex -26.5 51.5 25
    endloop
  endfacet
  facet normal 0 0.8314631451723992 0.5555799116419005
    outer loop
      vertex -26.5 63.048160552978516 17.28424072265625
      vertex -28 60.33937454223633 21.338123321533203
      vertex -26.5 60.33937454223633 21.338123321533203
    endloop
  endfacet
  facet normal 0 0.5555695425352899 0.8314700736689978
    outer loop
      vertex -26.5 60.33937454223633 21.338123321533203
      vertex -28 56.282958984375 24.04852867126465
      vertex -26.5 56.282958984375 24.04852867126465
    endloop
  endfacet
  facet normal 0 0.1951064245604079 0.9807820772706105
    outer loop
      vertex -28 51.5 25
      vertex -26.5 56.282958984375 24.04852867126465
      vertex -28 56.282958984375 24.04852867126465
    endloop
  endfacet
  facet normal 0 0.5555695425352899 0.8314700736689978
    outer loop
      vertex -28 60.33937454223633 21.338123321533203
      vertex -28 56.282958984375 24.04852867126465
      vertex -26.5 60.33937454223633 21.338123321533203
    endloop
  endfacet
  facet normal 0 1 0
    outer loop
      vertex -26 1.5 0.06604211735275559
      vertex 20.2 1.5 2
      vertex 26 1.5 0.06604211735275554
    endloop
  endfacet
  facet normal 0 0 1
    outer loop
      vertex -20.2 -5.1216125193434615e-21 2
      vertex 20.2 -5.629417819236884e-21 2
      vertex 20.2 1.5 2
    endloop
  endfacet
  facet normal 0 1 0
    outer loop
      vertex -26.5 1.5 0
      vertex 26 1.5 0.06604211735275554
      vertex 26.5 1.5 0
    endloop
  endfacet
  facet normal 0 0 -1
    outer loop
      vertex -26.5 -7.583591855886158e-21 0
      vertex 26.5 1.5 0
      vertex 26.5 -7.583591855886158e-21 0
    endloop
  endfacet
  facet normal -1.2569438116173822e-23 -1 9.374932882586893e-22
    outer loop
      vertex -20.2 -5.1216125193434615e-21 2
      vertex 26.5 -7.583591855886158e-21 0
      vertex 20.2 -5.629417819236884e-21 2
    endloop
  endfacet
  facet normal -1 0 0
    outer loop
      vertex 20.2 -5.629417819236884e-21 2
      vertex 20.2 1.5 9.875
      vertex 20.2 1.5 2
    endloop
  endfacet
  facet normal -1.1618261071942453e-22 -1 6.111117945584496e-22
    outer loop
      vertex 20.2 -5.629417819236884e-21 2
      vertex 26.5 -7.583591855886158e-21 0
      vertex 23.08892597704263 -3.06486768061856e-21 6.745765221078404
    endloop
  endfacet
  facet normal 0 1 0
    outer loop
      vertex 20.2 1.5 2
      vertex 24.5 1.5 5.9
      vertex 26 1.5 0.06604211735275554
    endloop
  endfacet
  facet normal 0 1 0
    outer loop
      vertex 26 1.5 0.06604211735275554
      vertex 26 1.5 6.948613158623453
      vertex 26.5 1.5 0
    endloop
  endfacet
  facet normal 0 1 0
    outer loop
      vertex 20.2 1.5 2
      vertex 23.887706508215857 1.5 6.021792747981941
      vertex 24.03554451639286 1.5 5.968895462828466
    endloop
  endfacet
  facet normal -2.2927170105980624e-22 -1 5.539269911006247e-22
    outer loop
      vertex 26.5 -7.583591855886158e-21 0
      vertex 23.368629150101523 -3.3379015519293344e-21 6.3686291501015235
      vertex 23.26318327461962 -3.2492810468985772e-21 6.484970745338167
    endloop
  endfacet
  facet normal -2.2927170105979943e-22 -1 5.539269911006384e-22
    outer loop
      vertex 26.5 -7.583591855886158e-21 0
      vertex 23.484970745338167 -3.422984703902913e-21 6.263183274619621
      vertex 23.368629150101523 -3.3379015519293344e-21 6.3686291501015235
    endloop
  endfacet
  facet normal -2.292717010597913e-22 -1 5.539269911006468e-22
    outer loop
      vertex 26.5 -7.583591855886158e-21 0
      vertex 23.16964862031593 -3.157976652718983e-21 6.6110876271686365
      vertex 23.08892597704263 -3.06486768061856e-21 6.745765221078404
    endloop
  endfacet
  facet normal -2.2927170105980624e-22 -1 5.539269911006515e-22
    outer loop
      vertex 26.5 -7.583591855886158e-21 0
      vertex 23.26318327461962 -3.2492810468985772e-21 6.484970745338167
      vertex 23.16964862031593 -3.157976652718983e-21 6.6110876271686365
    endloop
  endfacet
  facet normal 0 1 0
    outer loop
      vertex 20.2 1.5 2
      vertex 24.03554451639286 1.5 5.968895462828466
      vertex 24.187855484774193 1.5 5.930743551354832
    endloop
  endfacet
  facet normal 0 1 0
    outer loop
      vertex 20.2 1.5 2
      vertex 24.187855484774193 1.5 5.930743551354832
      vertex 24.343172575472703 1.5 5.907704437324485
    endloop
  endfacet
  facet normal 0 1 0
    outer loop
      vertex 20.2 1.5 2
      vertex 24.343172575472703 1.5 5.907704437324485
      vertex 24.5 1.5 5.9
    endloop
  endfacet
  facet normal -1.1276425175645807e-22 -1 6.090309107500576e-22
    outer loop
      vertex 20.2 -5.629417819236884e-21 2
      vertex 23.08892597704263 -3.06486768061856e-21 6.745765221078404
      vertex 23.02179274798194 -2.970850820897178e-21 6.887706508215857
    endloop
  endfacet
  facet normal -9.841663758119105e-23 -1 6.0074768147625785e-22
    outer loop
      vertex 20.2 -5.629417819236884e-21 2
      vertex 23.02179274798194 -2.970850820897178e-21 6.887706508215857
      vertex 22.968895462828467 -2.8768315073087968e-21 7.035544516392861
    endloop
  endfacet
  facet normal -8.087046517509137e-23 -1 5.910995655660269e-22
    outer loop
      vertex 20.2 -5.629417819236884e-21 2
      vertex 22.968895462828467 -2.8768315073087968e-21 7.035544516392861
      vertex 22.93074355135483 -2.7837151972394572e-21 7.187855484774195
    endloop
  endfacet
  facet normal -5.840248854700477e-23 -1 5.792730444786173e-22
    outer loop
      vertex 20.2 -5.629417819236884e-21 2
      vertex 22.93074355135483 -2.7837151972394572e-21 7.187855484774195
      vertex 22.907704437324483 -2.69239865165768e-21 7.343172575472703
    endloop
  endfacet
  facet normal -2.790743917307073e-23 -1 5.638193829432827e-22
    outer loop
      vertex 20.2 -5.629417819236884e-21 2
      vertex 22.907704437324483 -2.69239865165768e-21 7.343172575472703
      vertex 22.9 -2.6037612988161195e-21 7.5
    endloop
  endfacet
  facet normal 3.8071801685127573e-22 -1 3.6322143180405865e-22
    outer loop
      vertex 20.2 -5.629417819236884e-21 2
      vertex 22.9 -2.6037612988161195e-21 7.5
      vertex 22.907704437324483 -2.5438649990340393e-21 7.656827424527297
    endloop
  endfacet
  facet normal 0 1 0
    outer loop
      vertex 20.2 1.5 2
      vertex 23.26318327461962 1.5 6.484970745338167
      vertex 23.368629150101523 1.5 6.3686291501015235
    endloop
  endfacet
  facet normal 0 1 0
    outer loop
      vertex 20.2 1.5 2
      vertex 23.16964862031593 1.5 6.6110876271686365
      vertex 23.26318327461962 1.5 6.484970745338167
    endloop
  endfacet
  facet normal 0 1 0
    outer loop
      vertex 20.2 1.5 2
      vertex 23.611087627168637 1.5 6.169648620315927
      vertex 23.745765221078404 1.5 6.088925977042631
    endloop
  endfacet
  facet normal 0 1 0
    outer loop
      vertex 20.2 1.5 2
      vertex 23.368629150101523 1.5 6.3686291501015235
      vertex 23.484970745338167 1.5 6.263183274619621
    endloop
  endfacet
  facet normal 0 1 0
    outer loop
      vertex 20.2 1.5 2
      vertex 23.484970745338167 1.5 6.263183274619621
      vertex 23.611087627168637 1.5 6.169648620315927
    endloop
  endfacet
  facet normal 0 1 0
    outer loop
      vertex 20.2 1.5 2
      vertex 23.745765221078404 1.5 6.088925977042631
      vertex 23.887706508215857 1.5 6.021792747981941
    endloop
  endfacet
  facet normal 0 1 0
    outer loop
      vertex 20.2 1.5 2
      vertex 23.08892597704263 1.5 6.745765221078404
      vertex 23.16964862031593 1.5 6.6110876271686365
    endloop
  endfacet
  facet normal 0 1 0
    outer loop
      vertex 20.2 1.5 2
      vertex 23.02179274798194 1.5 6.887706508215857
      vertex 23.08892597704263 1.5 6.745765221078404
    endloop
  endfacet
  facet normal 0.5956993044924348 0 0.8032075314806438
    outer loop
      vertex 23.611087627168637 -3.526938452417594e-21 6.169648620315927
      vertex 23.611087627168637 1.5 6.169648620315927
      vertex 23.484970745338167 -3.422984703902913e-21 6.263183274619621
    endloop
  endfacet
  facet normal 0.5956993044924348 0 0.8032075314806438
    outer loop
      vertex 23.611087627168637 1.5 6.169648620315927
      vertex 23.484970745338167 1.5 6.263183274619621
      vertex 23.484970745338167 -3.422984703902913e-21 6.263183274619621
    endloop
  endfacet
  facet normal 0.427555093430281 0 0.9039892931234439
    outer loop
      vertex 23.887706508215857 -3.778620061532977e-21 6.021792747981941
      vertex 23.887706508215857 1.5 6.021792747981941
      vertex 23.745765221078404 -3.652172159536717e-21 6.088925977042631
    endloop
  endfacet
  facet normal 0.33688985339221633 0 0.9415440651830221
    outer loop
      vertex 23.887706508215857 -3.778620061532977e-21 6.021792747981941
      vertex 24.03554451639286 -3.9050643959866975e-21 5.968895462828466
      vertex 24.03554451639286 1.5 5.968895462828466
    endloop
  endfacet
  facet normal 0.5141027441932213 0 0.8577286100002722
    outer loop
      vertex 23.611087627168637 -3.526938452417594e-21 6.169648620315927
      vertex 23.745765221078404 -3.652172159536717e-21 6.088925977042631
      vertex 23.745765221078404 1.5 6.088925977042631
    endloop
  endfacet
  facet normal 0.33688985339221633 0 0.9415440651830221
    outer loop
      vertex 23.887706508215857 -3.778620061532977e-21 6.021792747981941
      vertex 24.03554451639286 1.5 5.968895462828466
      vertex 23.887706508215857 1.5 6.021792747981941
    endloop
  endfacet
  facet normal 0.5141027441932213 0 0.8577286100002722
    outer loop
      vertex 23.611087627168637 -3.526938452417594e-21 6.169648620315927
      vertex 23.745765221078404 1.5 6.088925977042631
      vertex 23.611087627168637 1.5 6.169648620315927
    endloop
  endfacet
  facet normal 0.427555093430281 0 0.9039892931234439
    outer loop
      vertex 23.745765221078404 -3.652172159536717e-21 6.088925977042631
      vertex 23.887706508215857 1.5 6.021792747981941
      vertex 23.745765221078404 1.5 6.088925977042631
    endloop
  endfacet
  facet normal 0.24298017990326629 0 0.9700312531945434
    outer loop
      vertex 24.03554451639286 -3.9050643959866975e-21 5.968895462828466
      vertex 24.187855484774193 -4.076719792826502e-21 5.930743551354832
      vertex 24.187855484774193 1.5 5.930743551354832
    endloop
  endfacet
  facet normal 0.1467304744553628 0 0.9891765099647809
    outer loop
      vertex 24.187855484774193 -4.076719792826502e-21 5.930743551354832
      vertex 24.343172575472703 -4.312292077646733e-21 5.907704437324485
      vertex 24.343172575472703 1.5 5.907704437324485
    endloop
  endfacet
  facet normal 0.049067674327415406 0 0.9987954562051725
    outer loop
      vertex 24.343172575472703 -4.312292077646733e-21 5.907704437324485
      vertex 24.5 -4.550155113531694e-21 5.9
      vertex 24.5 1.5 5.9
    endloop
  endfacet
  facet normal 0.24298017990326629 0 0.9700312531945434
    outer loop
      vertex 24.03554451639286 -3.9050643959866975e-21 5.968895462828466
      vertex 24.187855484774193 1.5 5.930743551354832
      vertex 24.03554451639286 1.5 5.968895462828466
    endloop
  endfacet
  facet normal 0.1467304744553628 0 0.9891765099647809
    outer loop
      vertex 24.187855484774193 -4.076719792826502e-21 5.930743551354832
      vertex 24.343172575472703 1.5 5.907704437324485
      vertex 24.187855484774193 1.5 5.930743551354832
    endloop
  endfacet
  facet normal 0.049067674327415406 0 0.9987954562051725
    outer loop
      vertex 24.343172575472703 -4.312292077646733e-21 5.907704437324485
      vertex 24.5 1.5 5.9
      vertex 24.343172575472703 1.5 5.907704437324485
    endloop
  endfacet
  facet normal -7.448128788838593e-22 -1 3.0876219691735138e-22
    outer loop
      vertex 26.5 -7.583591855886158e-21 0
      vertex 23.887706508215857 -3.778620061532977e-21 6.021792747981941
      vertex 23.745765221078404 -3.652172159536717e-21 6.088925977042631
    endloop
  endfacet
  facet normal -7.448128788838506e-22 -1 3.0876219691734907e-22
    outer loop
      vertex 26.5 -7.583591855886158e-21 0
      vertex 23.745765221078404 -3.652172159536717e-21 6.088925977042631
      vertex 23.611087627168637 -3.526938452417594e-21 6.169648620315927
    endloop
  endfacet
  facet normal -7.44812878883861e-22 -1 3.087621969173486e-22
    outer loop
      vertex 26.5 -7.583591855886158e-21 0
      vertex 24.03554451639286 -3.9050643959866975e-21 5.968895462828466
      vertex 23.887706508215857 -3.778620061532977e-21 6.021792747981941
    endloop
  endfacet
  facet normal -1.0848304721027502e-21 -1 1.683747119379882e-22
    outer loop
      vertex 26.5 -7.583591855886158e-21 0
      vertex 24.187855484774193 -4.076719792826502e-21 5.930743551354832
      vertex 24.03554451639286 -3.9050643959866975e-21 5.968895462828466
    endloop
  endfacet
  facet normal -5.157097358009265e-22 -1 4.160387932744612e-22
    outer loop
      vertex 26.5 -7.583591855886158e-21 0
      vertex 23.611087627168637 -3.526938452417594e-21 6.169648620315927
      vertex 23.484970745338167 -3.422984703902913e-21 6.263183274619621
    endloop
  endfacet
  facet normal -1.5167183711772326e-21 -1 0
    outer loop
      vertex 26.5 -7.583591855886158e-21 0
      vertex 24.343172575472703 -4.312292077646733e-21 5.907704437324485
      vertex 24.187855484774193 -4.076719792826502e-21 5.930743551354832
    endloop
  endfacet
  facet normal -1.5167183711772302e-21 -1 1.6536735178503078e-36
    outer loop
      vertex 26.5 -7.583591855886158e-21 0
      vertex 24.5 -4.550155113531694e-21 5.9
      vertex 24.343172575472703 -4.312292077646733e-21 5.907704437324485
    endloop
  endfacet
  facet normal -1.5167183711772345e-21 -1 -1.59949790304734e-36
    outer loop
      vertex 26.5 -7.583591855886158e-21 0
      vertex 24.656827424527297 -4.788018149416656e-21 5.907704437324485
      vertex 24.5 -4.550155113531694e-21 5.9
    endloop
  endfacet
  facet normal -1.5167183711772264e-21 -1 7.836363474747465e-37
    outer loop
      vertex 26.5 -7.583591855886158e-21 0
      vertex 24.812144515225807 -5.0235904342368866e-21 5.930743551354832
      vertex 24.656827424527297 -4.788018149416656e-21 5.907704437324485
    endloop
  endfacet
  facet normal -1.5167183711772305e-21 -1 0
    outer loop
      vertex 26.5 -7.583591855886158e-21 0
      vertex 24.96445548360714 -5.254603278112648e-21 5.968895462828466
      vertex 24.812144515225807 -5.0235904342368866e-21 5.930743551354832
    endloop
  endfacet
  facet normal -1.5167183711772375e-21 -1 -1.1710349613849965e-36
    outer loop
      vertex 26.5 -7.583591855886158e-21 0
      vertex 25.112293491784143 -5.478831901072961e-21 6.021792747981941
      vertex 24.96445548360714 -5.254603278112648e-21 5.968895462828466
    endloop
  endfacet
  facet normal -1.5167183711772309e-21 -1 3.968322675085613e-37
    outer loop
      vertex 26.5 -7.583591855886158e-21 0
      vertex 25.254234778921596 -5.694116858902877e-21 6.088925977042631
      vertex 25.112293491784143 -5.478831901072961e-21 6.021792747981941
    endloop
  endfacet
  facet normal -1.5167183711772317e-21 -1 -4.085996292677864e-37
    outer loop
      vertex 26.5 -7.583591855886158e-21 0
      vertex 25.388912372831363 -5.8983848397717685e-21 6.169648620315927
      vertex 25.254234778921596 -5.694116858902877e-21 6.088925977042631
    endloop
  endfacet
  facet normal -1.51671837117723e-21 -1 4.264725527089767e-37
    outer loop
      vertex 26.5 -7.583591855886158e-21 0
      vertex 25.515029254661833 -6.0896686313596295e-21 6.263183274619621
      vertex 25.388912372831363 -5.8983848397717685e-21 6.169648620315927
    endloop
  endfacet
  facet normal -1.5167183711772322e-21 -1 -4.518254793998862e-37
    outer loop
      vertex 26.5 -7.583591855886158e-21 0
      vertex 25.631370849898477 -6.2661260661871135e-21 6.3686291501015235
      vertex 25.515029254661833 -6.0896686313596295e-21 6.263183274619621
    endloop
  endfacet
  facet normal -1.5167183711772294e-21 -1 0
    outer loop
      vertex 26.5 -7.583591855886158e-21 0
      vertex 25.73681672538038 -6.4260577626953804e-21 6.484970745338167
      vertex 25.631370849898477 -6.2661260661871135e-21 6.3686291501015235
    endloop
  endfacet
  facet normal -1.5167183711772324e-21 -1 -1.3380321552839666e-37
    outer loop
      vertex 26.5 -7.583591855886158e-21 0
      vertex 25.83035137968407 -6.567923491219502e-21 6.6110876271686365
      vertex 25.73681672538038 -6.4260577626953804e-21 6.484970745338167
    endloop
  endfacet
  facet normal -1.5167183711772285e-21 -1 1.5074036588605755e-37
    outer loop
      vertex 26.5 -7.583591855886158e-21 0
      vertex 25.91107402295737 -6.690357007242098e-21 6.745765221078404
      vertex 25.83035137968407 -6.567923491219502e-21 6.6110876271686365
    endloop
  endfacet
  facet normal -1.5167183711772302e-21 -1 0
    outer loop
      vertex 26.5 -7.583591855886158e-21 0
      vertex 25.97820725201806 -6.792179209074897e-21 6.887706508215857
      vertex 25.91107402295737 -6.690357007242098e-21 6.745765221078404
    endloop
  endfacet
  facet normal -1.5167183711772241e-21 -1 5.325222536287063e-37
    outer loop
      vertex 26.5 -7.583591855886158e-21 0
      vertex 26.031104537171533 -6.872409493252571e-21 7.035544516392861
      vertex 25.97820725201806 -6.792179209074897e-21 6.887706508215857
    endloop
  endfacet
  facet normal 0 1 0
    outer loop
      vertex 26 1.5 0.06604211735275554
      vertex 24.5 1.5 5.9
      vertex 24.656827424527297 1.5 5.907704437324485
    endloop
  endfacet
  facet normal 0 1 0
    outer loop
      vertex 26 1.5 0.06604211735275554
      vertex 24.656827424527297 1.5 5.907704437324485
      vertex 24.812144515225807 1.5 5.930743551354832
    endloop
  endfacet
  facet normal 0 1 0
    outer loop
      vertex 26 1.5 0.06604211735275554
      vertex 24.812144515225807 1.5 5.930743551354832
      vertex 24.96445548360714 1.5 5.968895462828466
    endloop
  endfacet
  facet normal 0 1 0
    outer loop
      vertex 26 1.5 0.06604211735275554
      vertex 24.96445548360714 1.5 5.968895462828466
      vertex 25.112293491784143 1.5 6.021792747981941
    endloop
  endfacet
  facet normal 0 1 0
    outer loop
      vertex 26 1.5 0.06604211735275554
      vertex 25.112293491784143 1.5 6.021792747981941
      vertex 25.254234778921596 1.5 6.088925977042631
    endloop
  endfacet
  facet normal 0 1 0
    outer loop
      vertex 26 1.5 0.06604211735275554
      vertex 25.254234778921596 1.5 6.088925977042631
      vertex 25.388912372831363 1.5 6.169648620315927
    endloop
  endfacet
  facet normal 0 1 0
    outer loop
      vertex 26 1.5 0.06604211735275554
      vertex 25.388912372831363 1.5 6.169648620315927
      vertex 25.515029254661833 1.5 6.263183274619621
    endloop
  endfacet
  facet normal 0 1 0
    outer loop
      vertex 26 1.5 0.06604211735275554
      vertex 25.515029254661833 1.5 6.263183274619621
      vertex 25.631370849898477 1.5 6.3686291501015235
    endloop
  endfacet
  facet normal 0 1 0
    outer loop
      vertex 26 1.5 0.06604211735275554
      vertex 25.631370849898477 1.5 6.3686291501015235
      vertex 25.73681672538038 1.5 6.484970745338167
    endloop
  endfacet
  facet normal 0 1 0
    outer loop
      vertex 26 1.5 0.06604211735275554
      vertex 25.73681672538038 1.5 6.484970745338167
      vertex 25.83035137968407 1.5 6.6110876271686365
    endloop
  endfacet
  facet normal 0 1 0
    outer loop
      vertex 26 1.5 0.06604211735275554
      vertex 25.83035137968407 1.5 6.6110876271686365
      vertex 25.91107402295737 1.5 6.745765221078404
    endloop
  endfacet
  facet normal 0 1 0
    outer loop
      vertex 26 1.5 0.06604211735275554
      vertex 25.91107402295737 1.5 6.745765221078404
      vertex 25.97820725201806 1.5 6.887706508215857
    endloop
  endfacet
  facet normal 0 1 0
    outer loop
      vertex 26 1.5 0.06604211735275554
      vertex 25.97820725201806 1.5 6.887706508215857
      vertex 26 1.5 6.948613158623453
    endloop
  endfacet
  facet normal 0 1 0
    outer loop
      vertex 26.5 1.5 0
      vertex 26 1.5 6.948613158623453
      vertex 26.031104537171533 1.5 7.035544516392861
    endloop
  endfacet
  facet normal -1.5167183711772292e-21 -1 2.767192482191074e-37
    outer loop
      vertex 26.5 -7.583591855886158e-21 0
      vertex 26.06925644864517 -6.930275198280163e-21 7.187855484774195
      vertex 26.031104537171533 -6.872409493252571e-21 7.035544516392861
    endloop
  endfacet
  facet normal -1.516718371177257e-21 -1 -1.2133944359211374e-36
    outer loop
      vertex 26.5 -7.583591855886158e-21 0
      vertex 26.092295562675517 -6.965219045785638e-21 7.343172575472703
      vertex 26.06925644864517 -6.930275198280163e-21 7.187855484774195
    endloop
  endfacet
  facet normal -1.5167183711772486e-21 -1 -7.80318910544715e-37
    outer loop
      vertex 26.5 -7.583591855886158e-21 0
      vertex 26.1 -6.976904507415268e-21 7.5
      vertex 26.092295562675517 -6.965219045785638e-21 7.343172575472703
    endloop
  endfacet
  facet normal -1.5167183711769053e-21 -1 1.900675879010451e-35
    outer loop
      vertex 26.5 -7.583591855886158e-21 0
      vertex 26.092295562675517 -6.965219045785638e-21 7.656827424527297
      vertex 26.1 -6.976904507415268e-21 7.5
    endloop
  endfacet
  facet normal -0.049067674327415406 0 0.9987954562051725
    outer loop
      vertex 24.5 -4.550155113531694e-21 5.9
      vertex 24.656827424527297 -4.788018149416656e-21 5.907704437324485
      vertex 24.656827424527297 1.5 5.907704437324485
    endloop
  endfacet
  facet normal -0.1467304744553628 0 0.9891765099647809
    outer loop
      vertex 24.656827424527297 -4.788018149416656e-21 5.907704437324485
      vertex 24.812144515225807 -5.0235904342368866e-21 5.930743551354832
      vertex 24.812144515225807 1.5 5.930743551354832
    endloop
  endfacet
  facet normal -0.24298017990326629 0 0.9700312531945434
    outer loop
      vertex 24.812144515225807 -5.0235904342368866e-21 5.930743551354832
      vertex 24.96445548360714 -5.254603278112648e-21 5.968895462828466
      vertex 24.96445548360714 1.5 5.968895462828466
    endloop
  endfacet
  facet normal -0.049067674327415406 0 0.9987954562051725
    outer loop
      vertex 24.5 -4.550155113531694e-21 5.9
      vertex 24.656827424527297 1.5 5.907704437324485
      vertex 24.5 1.5 5.9
    endloop
  endfacet
  facet normal -0.1467304744553628 0 0.9891765099647809
    outer loop
      vertex 24.656827424527297 -4.788018149416656e-21 5.907704437324485
      vertex 24.812144515225807 1.5 5.930743551354832
      vertex 24.656827424527297 1.5 5.907704437324485
    endloop
  endfacet
  facet normal -0.24298017990326629 0 0.9700312531945434
    outer loop
      vertex 24.812144515225807 -5.0235904342368866e-21 5.930743551354832
      vertex 24.96445548360714 1.5 5.968895462828466
      vertex 24.812144515225807 1.5 5.930743551354832
    endloop
  endfacet
  facet normal -0.33688985339221633 0 0.9415440651830221
    outer loop
      vertex 24.96445548360714 -5.254603278112648e-21 5.968895462828466
      vertex 25.112293491784143 -5.478831901072961e-21 6.021792747981941
      vertex 25.112293491784143 1.5 6.021792747981941
    endloop
  endfacet
  facet normal -0.427555093430281 0 0.9039892931234439
    outer loop
      vertex 25.112293491784143 -5.478831901072961e-21 6.021792747981941
      vertex 25.254234778921596 -5.694116858902877e-21 6.088925977042631
      vertex 25.254234778921596 1.5 6.088925977042631
    endloop
  endfacet
  facet normal -0.5141027441932213 0 0.8577286100002722
    outer loop
      vertex 25.254234778921596 -5.694116858902877e-21 6.088925977042631
      vertex 25.388912372831363 -5.8983848397717685e-21 6.169648620315927
      vertex 25.388912372831363 1.5 6.169648620315927
    endloop
  endfacet
  facet normal -0.33688985339221633 0 0.9415440651830221
    outer loop
      vertex 24.96445548360714 -5.254603278112648e-21 5.968895462828466
      vertex 25.112293491784143 1.5 6.021792747981941
      vertex 24.96445548360714 1.5 5.968895462828466
    endloop
  endfacet
  facet normal -0.427555093430281 0 0.9039892931234439
    outer loop
      vertex 25.112293491784143 -5.478831901072961e-21 6.021792747981941
      vertex 25.254234778921596 1.5 6.088925977042631
      vertex 25.112293491784143 1.5 6.021792747981941
    endloop
  endfacet
  facet normal -0.5141027441932213 0 0.8577286100002722
    outer loop
      vertex 25.254234778921596 -5.694116858902877e-21 6.088925977042631
      vertex 25.388912372831363 1.5 6.169648620315927
      vertex 25.254234778921596 1.5 6.088925977042631
    endloop
  endfacet
  facet normal -0.5956993044924348 0 0.8032075314806438
    outer loop
      vertex 25.388912372831363 -5.8983848397717685e-21 6.169648620315927
      vertex 25.515029254661833 -6.0896686313596295e-21 6.263183274619621
      vertex 25.515029254661833 1.5 6.263183274619621
    endloop
  endfacet
  facet normal -0.5956993044924348 0 0.8032075314806438
    outer loop
      vertex 25.388912372831363 -5.8983848397717685e-21 6.169648620315927
      vertex 25.515029254661833 1.5 6.263183274619621
      vertex 25.388912372831363 1.5 6.169648620315927
    endloop
  endfacet
  facet normal 0 1 0
    outer loop
      vertex 26.5 1.5 0
      vertex 26.031104537171533 1.5 7.035544516392861
      vertex 26.06925644864517 1.5 7.187855484774195
    endloop
  endfacet
  facet normal 0 1 0
    outer loop
      vertex 26.5 1.5 0
      vertex 26.06925644864517 1.5 7.187855484774195
      vertex 26.092295562675517 1.5 7.343172575472703
    endloop
  endfacet
  facet normal 0 1 0
    outer loop
      vertex 26.5 1.5 0
      vertex 26.092295562675517 1.5 7.343172575472703
      vertex 26.1 1.5 7.5
    endloop
  endfacet
  facet normal -1 0 0
    outer loop
      vertex 20.2 -5.629417819236884e-21 2
      vertex 20.2 0 11.083013172929288
      vertex 20.2 1.5 9.875
    endloop
  endfacet
  facet normal -1 0 0
    outer loop
      vertex 20.2 1.5 9.875
      vertex 20.2 0 11.083013172929288
      vertex 20.2 0 13.916986827070712
    endloop
  endfacet
  facet normal 0 -1 0
    outer loop
      vertex 20.2 0 11.083013172929288
      vertex 21.0601806640625 0 11.439043998718262
      vertex 21.0601806640625 0 13.560956001281738
    endloop
  endfacet
  facet normal -1.5526186573640057e-22 -1 6.197742656604985e-22
    outer loop
      vertex 20.2 -5.629417819236884e-21 2
      vertex 22.907704437324483 -2.5438649990340393e-21 7.656827424527297
      vertex 20.2 0 11.083013172929288
    endloop
  endfacet
  facet normal 0 1 0
    outer loop
      vertex 20.2 1.5 2
      vertex 20.2 1.5 9.875
      vertex 23.02179274798194 1.5 6.887706508215857
    endloop
  endfacet
  facet normal 0.740951125354964 0 0.6715589548470131
    outer loop
      vertex 23.368629150101523 -3.3379015519293344e-21 6.3686291501015235
      vertex 23.368629150101523 1.5 6.3686291501015235
      vertex 23.26318327461962 -3.2492810468985772e-21 6.484970745338167
    endloop
  endfacet
  facet normal 0.6715589548470133 0 0.7409511253549637
    outer loop
      vertex 23.368629150101523 -3.3379015519293344e-21 6.3686291501015235
      vertex 23.484970745338167 -3.422984703902913e-21 6.263183274619621
      vertex 23.484970745338167 1.5 6.263183274619621
    endloop
  endfacet
  facet normal 0.8032075314806493 0 0.5956993044924275
    outer loop
      vertex 23.16964862031593 -3.157976652718983e-21 6.6110876271686365
      vertex 23.26318327461962 -3.2492810468985772e-21 6.484970745338167
      vertex 23.26318327461962 1.5 6.484970745338167
    endloop
  endfacet
  facet normal 0.6715589548470133 0 0.7409511253549637
    outer loop
      vertex 23.368629150101523 -3.3379015519293344e-21 6.3686291501015235
      vertex 23.484970745338167 1.5 6.263183274619621
      vertex 23.368629150101523 1.5 6.3686291501015235
    endloop
  endfacet
  facet normal 0.740951125354964 0 0.6715589548470131
    outer loop
      vertex 23.26318327461962 -3.2492810468985772e-21 6.484970745338167
      vertex 23.368629150101523 1.5 6.3686291501015235
      vertex 23.26318327461962 1.5 6.484970745338167
    endloop
  endfacet
  facet normal 0.8032075314806493 0 0.5956993044924275
    outer loop
      vertex 23.16964862031593 -3.157976652718983e-21 6.6110876271686365
      vertex 23.26318327461962 1.5 6.484970745338167
      vertex 23.16964862031593 1.5 6.6110876271686365
    endloop
  endfacet
  facet normal 0.8577286100002673 0 0.5141027441932297
    outer loop
      vertex 23.16964862031593 -3.157976652718983e-21 6.6110876271686365
      vertex 23.16964862031593 1.5 6.6110876271686365
      vertex 23.08892597704263 -3.06486768061856e-21 6.745765221078404
    endloop
  endfacet
  facet normal 0.9039892931234439 0 0.427555093430281
    outer loop
      vertex 23.08892597704263 -3.06486768061856e-21 6.745765221078404
      vertex 23.08892597704263 1.5 6.745765221078404
      vertex 23.02179274798194 -2.970850820897178e-21 6.887706508215857
    endloop
  endfacet
  facet normal 0.9415440651830239 0 0.33688985339221134
    outer loop
      vertex 23.02179274798194 -2.970850820897178e-21 6.887706508215857
      vertex 23.02179274798194 1.5 6.887706508215857
      vertex 22.968895462828467 -2.8768315073087968e-21 7.035544516392861
    endloop
  endfacet
  facet normal 0.8577286100002673 0 0.5141027441932297
    outer loop
      vertex 23.08892597704263 -3.06486768061856e-21 6.745765221078404
      vertex 23.16964862031593 1.5 6.6110876271686365
      vertex 23.08892597704263 1.5 6.745765221078404
    endloop
  endfacet
  facet normal 0.9039892931234439 0 0.427555093430281
    outer loop
      vertex 23.02179274798194 -2.970850820897178e-21 6.887706508215857
      vertex 23.08892597704263 1.5 6.745765221078404
      vertex 23.02179274798194 1.5 6.887706508215857
    endloop
  endfacet
  facet normal 0.9415440651830239 0 0.33688985339221134
    outer loop
      vertex 23.02179274798194 1.5 6.887706508215857
      vertex 22.968895462828467 1.5 7.035544516392861
      vertex 22.968895462828467 -2.8768315073087968e-21 7.035544516392861
    endloop
  endfacet
  facet normal 0.9700312531945401 0 0.24298017990327958
    outer loop
      vertex 22.93074355135483 -2.7837151972394572e-21 7.187855484774195
      vertex 22.968895462828467 -2.8768315073087968e-21 7.035544516392861
      vertex 22.968895462828467 1.5 7.035544516392861
    endloop
  endfacet
  facet normal 0.9891765099647807 0 0.14673047445536444
    outer loop
      vertex 22.93074355135483 -2.7837151972394572e-21 7.187855484774195
      vertex 22.93074355135483 1.5 7.187855484774195
      vertex 22.907704437324483 -2.69239865165768e-21 7.343172575472703
    endloop
  endfacet
  facet normal 0.9987954562051725 0 0.049067674327415406
    outer loop
      vertex 22.907704437324483 -2.69239865165768e-21 7.343172575472703
      vertex 22.907704437324483 1.5 7.343172575472703
      vertex 22.9 -2.6037612988161195e-21 7.5
    endloop
  endfacet
  facet normal 0.9700312531945401 0 0.24298017990327958
    outer loop
      vertex 22.93074355135483 -2.7837151972394572e-21 7.187855484774195
      vertex 22.968895462828467 1.5 7.035544516392861
      vertex 22.93074355135483 1.5 7.187855484774195
    endloop
  endfacet
  facet normal 0.9891765099647807 0 0.14673047445536444
    outer loop
      vertex 22.907704437324483 -2.69239865165768e-21 7.343172575472703
      vertex 22.93074355135483 1.5 7.187855484774195
      vertex 22.907704437324483 1.5 7.343172575472703
    endloop
  endfacet
  facet normal 0.9987954562051725 0 -0.049067674327415406
    outer loop
      vertex 22.9 -2.6037612988161195e-21 7.5
      vertex 22.9 1.5 7.5
      vertex 22.907704437324483 -2.5438649990340393e-21 7.656827424527297
    endloop
  endfacet
  facet normal 0.9891765099647807 0 -0.14673047445536444
    outer loop
      vertex 22.907704437324483 -2.5438649990340393e-21 7.656827424527297
      vertex 22.907704437324483 1.5 7.656827424527297
      vertex 22.93074355135483 -2.5130687817390322e-21 7.812144515225805
    endloop
  endfacet
  facet normal 0.9987954562051725 0 0.049067674327415406
    outer loop
      vertex 22.9 -2.6037612988161195e-21 7.5
      vertex 22.907704437324483 1.5 7.343172575472703
      vertex 22.9 1.5 7.5
    endloop
  endfacet
  facet normal 0.9987954562051725 0 -0.049067674327415406
    outer loop
      vertex 22.907704437324483 -2.5438649990340393e-21 7.656827424527297
      vertex 22.9 1.5 7.5
      vertex 22.907704437324483 1.5 7.656827424527297
    endloop
  endfacet
  facet normal 0.9891765099647807 0 -0.14673047445536444
    outer loop
      vertex 22.93074355135483 -2.5130687817390322e-21 7.812144515225805
      vertex 22.907704437324483 1.5 7.656827424527297
      vertex 22.93074355135483 1.5 7.812144515225805
    endloop
  endfacet
  facet normal -7.448128788838535e-22 -1 3.087621969173516e-22
    outer loop
      vertex 22.907704437324483 -2.5438649990340393e-21 7.656827424527297
      vertex 22.93074355135483 -2.5130687817390322e-21 7.812144515225805
      vertex 21.0601806640625 0 11.439043998718262
    endloop
  endfacet
  facet normal -7.448128788838591e-22 -1 3.0876219691734874e-22
    outer loop
      vertex 22.93074355135483 -2.5130687817390322e-21 7.812144515225805
      vertex 22.968895462828467 -2.4944569475466044e-21 7.964455483607139
      vertex 21.0601806640625 0 11.439043998718262
    endloop
  endfacet
  facet normal -7.448128788838577e-22 -1 3.0876219691734945e-22
    outer loop
      vertex 22.968895462828467 -2.4944569475466044e-21 7.964455483607139
      vertex 23.02179274798194 -2.4882087385942868e-21 8.112293491784143
      vertex 21.0601806640625 0 11.439043998718262
    endloop
  endfacet
  facet normal -7.448128788838579e-22 -1 3.0876219691734935e-22
    outer loop
      vertex 23.02179274798194 -2.4882087385942868e-21 8.112293491784143
      vertex 23.08892597704263 -2.494384328549913e-21 8.254234778921596
      vertex 21.0601806640625 0 11.439043998718262
    endloop
  endfacet
  facet normal -8.616954648962709e-22 -1 2.3430718809995497e-22
    outer loop
      vertex 23.08892597704263 -2.494384328549913e-21 8.254234778921596
      vertex 23.16964862031593 -2.5323867358438877e-21 8.388912372831363
      vertex 21.0601806640625 0 11.439043998718262
    endloop
  endfacet
  facet normal 0 1 0
    outer loop
      vertex 20.2 1.5 9.875
      vertex 22.968895462828467 1.5 7.035544516392861
      vertex 23.02179274798194 1.5 6.887706508215857
    endloop
  endfacet
  facet normal 0 1 0
    outer loop
      vertex 20.2 1.5 9.875
      vertex 22.93074355135483 1.5 7.187855484774195
      vertex 22.968895462828467 1.5 7.035544516392861
    endloop
  endfacet
  facet normal 0 1 0
    outer loop
      vertex 20.2 1.5 9.875
      vertex 22.907704437324483 1.5 7.343172575472703
      vertex 22.93074355135483 1.5 7.187855484774195
    endloop
  endfacet
  facet normal 0 1 0
    outer loop
      vertex 20.2 1.5 9.875
      vertex 22.9 1.5 7.5
      vertex 22.907704437324483 1.5 7.343172575472703
    endloop
  endfacet
  facet normal 0 1 0
    outer loop
      vertex 20.2 1.5 9.875
      vertex 22.907704437324483 1.5 7.656827424527297
      vertex 22.9 1.5 7.5
    endloop
  endfacet
  facet normal 0 1 0
    outer loop
      vertex 20.2 1.5 9.875
      vertex 22.93074355135483 1.5 7.812144515225805
      vertex 22.907704437324483 1.5 7.656827424527297
    endloop
  endfacet
  facet normal 0 1 0
    outer loop
      vertex 20.2 1.5 9.875
      vertex 22.968895462828467 1.5 7.964455483607139
      vertex 22.93074355135483 1.5 7.812144515225805
    endloop
  endfacet
  facet normal 0 1 0
    outer loop
      vertex 20.2 1.5 9.875
      vertex 23.02179274798194 1.5 8.112293491784143
      vertex 22.968895462828467 1.5 7.964455483607139
    endloop
  endfacet
  facet normal 0 1 0
    outer loop
      vertex 20.2 1.5 9.875
      vertex 23.08892597704263 1.5 8.254234778921596
      vertex 23.02179274798194 1.5 8.112293491784143
    endloop
  endfacet
  facet normal 0 1 0
    outer loop
      vertex 20.2 1.5 9.875
      vertex 23.16964862031593 1.5 8.388912372831363
      vertex 23.08892597704263 1.5 8.254234778921596
    endloop
  endfacet
  facet normal 0 1 0
    outer loop
      vertex 20.2 1.5 9.875
      vertex 23.26318327461962 1.5 8.515029254661833
      vertex 23.16964862031593 1.5 8.388912372831363
    endloop
  endfacet
  facet normal 0 1 0
    outer loop
      vertex 20.2 1.5 9.875
      vertex 23.368629150101523 1.5 8.631370849898476
      vertex 23.26318327461962 1.5 8.515029254661833
    endloop
  endfacet
  facet normal 0 1 0
    outer loop
      vertex 20.2 1.5 9.875
      vertex 23.484970745338167 1.5 8.736816725380379
      vertex 23.368629150101523 1.5 8.631370849898476
    endloop
  endfacet
  facet normal 0 1 0
    outer loop
      vertex 20.2 1.5 9.875
      vertex 23.611087627168637 1.5 8.830351379684073
      vertex 23.484970745338167 1.5 8.736816725380379
    endloop
  endfacet
  facet normal 0.9700312531945401 0 -0.24298017990327958
    outer loop
      vertex 22.93074355135483 -2.5130687817390322e-21 7.812144515225805
      vertex 22.93074355135483 1.5 7.812144515225805
      vertex 22.968895462828467 -2.4944569475466044e-21 7.964455483607139
    endloop
  endfacet
  facet normal 0.9415440651830239 0 -0.33688985339221134
    outer loop
      vertex 22.968895462828467 -2.4944569475466044e-21 7.964455483607139
      vertex 22.968895462828467 1.5 7.964455483607139
      vertex 23.02179274798194 -2.4882087385942868e-21 8.112293491784143
    endloop
  endfacet
  facet normal 0.9039892931234439 0 -0.427555093430281
    outer loop
      vertex 23.02179274798194 -2.4882087385942868e-21 8.112293491784143
      vertex 23.02179274798194 1.5 8.112293491784143
      vertex 23.08892597704263 -2.494384328549913e-21 8.254234778921596
    endloop
  endfacet
  facet normal 0.9700312531945401 0 -0.24298017990327958
    outer loop
      vertex 22.93074355135483 1.5 7.812144515225805
      vertex 22.968895462828467 1.5 7.964455483607139
      vertex 22.968895462828467 -2.4944569475466044e-21 7.964455483607139
    endloop
  endfacet
  facet normal 0.9415440651830239 0 -0.33688985339221134
    outer loop
      vertex 23.02179274798194 -2.4882087385942868e-21 8.112293491784143
      vertex 22.968895462828467 1.5 7.964455483607139
      vertex 23.02179274798194 1.5 8.112293491784143
    endloop
  endfacet
  facet normal 0.8577286100002673 0 -0.5141027441932297
    outer loop
      vertex 23.08892597704263 -2.494384328549913e-21 8.254234778921596
      vertex 23.08892597704263 1.5 8.254234778921596
      vertex 23.16964862031593 -2.5323867358438877e-21 8.388912372831363
    endloop
  endfacet
  facet normal 0.9039892931234439 0 -0.427555093430281
    outer loop
      vertex 23.08892597704263 -2.494384328549913e-21 8.254234778921596
      vertex 23.02179274798194 1.5 8.112293491784143
      vertex 23.08892597704263 1.5 8.254234778921596
    endloop
  endfacet
  facet normal 0.8577286100002673 0 -0.5141027441932297
    outer loop
      vertex 23.16964862031593 -2.5323867358438877e-21 8.388912372831363
      vertex 23.08892597704263 1.5 8.254234778921596
      vertex 23.16964862031593 1.5 8.388912372831363
    endloop
  endfacet
  facet normal 0.8032075314806493 0 -0.5956993044924275
    outer loop
      vertex 23.16964862031593 -2.5323867358438877e-21 8.388912372831363
      vertex 23.16964862031593 1.5 8.388912372831363
      vertex 23.26318327461962 -2.6742524643680088e-21 8.515029254661833
    endloop
  endfacet
  facet normal 0.7409511253549614 0 -0.6715589548470159
    outer loop
      vertex 23.26318327461962 -2.6742524643680088e-21 8.515029254661833
      vertex 23.26318327461962 1.5 8.515029254661833
      vertex 23.368629150101523 -2.8341841608762757e-21 8.631370849898476
    endloop
  endfacet
  facet normal 0.8032075314806493 0 -0.5956993044924275
    outer loop
      vertex 23.26318327461962 -2.6742524643680088e-21 8.515029254661833
      vertex 23.16964862031593 1.5 8.388912372831363
      vertex 23.26318327461962 1.5 8.515029254661833
    endloop
  endfacet
  facet normal 0.7409511253549614 0 -0.6715589548470159
    outer loop
      vertex 23.26318327461962 1.5 8.515029254661833
      vertex 23.368629150101523 1.5 8.631370849898476
      vertex 23.368629150101523 -2.8341841608762757e-21 8.631370849898476
    endloop
  endfacet
  facet normal 0.6715589548470164 0 -0.7409511253549609
    outer loop
      vertex 23.368629150101523 -2.8341841608762757e-21 8.631370849898476
      vertex 23.368629150101523 1.5 8.631370849898476
      vertex 23.484970745338167 -3.0106415957037597e-21 8.736816725380379
    endloop
  endfacet
  facet normal 0.5956993044924348 0 -0.8032075314806438
    outer loop
      vertex 23.484970745338167 -3.0106415957037597e-21 8.736816725380379
      vertex 23.484970745338167 1.5 8.736816725380379
      vertex 23.611087627168637 -3.201925387291621e-21 8.830351379684073
    endloop
  endfacet
  facet normal 0.6715589548470164 0 -0.7409511253549609
    outer loop
      vertex 23.484970745338167 -3.0106415957037597e-21 8.736816725380379
      vertex 23.368629150101523 1.5 8.631370849898476
      vertex 23.484970745338167 1.5 8.736816725380379
    endloop
  endfacet
  facet normal 0.5956993044924348 0 -0.8032075314806438
    outer loop
      vertex 23.611087627168637 -3.201925387291621e-21 8.830351379684073
      vertex 23.484970745338167 1.5 8.736816725380379
      vertex 23.611087627168637 1.5 8.830351379684073
    endloop
  endfacet
  facet normal 0.5141027441932213 0 -0.8577286100002722
    outer loop
      vertex 23.611087627168637 -3.201925387291621e-21 8.830351379684073
      vertex 23.611087627168637 1.5 8.830351379684073
      vertex 23.745765221078404 -3.4061933681605124e-21 8.911074022957369
    endloop
  endfacet
  facet normal 0.427555093430281 0 -0.9039892931234439
    outer loop
      vertex 23.745765221078404 -3.4061933681605124e-21 8.911074022957369
      vertex 23.745765221078404 1.5 8.911074022957369
      vertex 23.887706508215857 -3.621478325990429e-21 8.97820725201806
    endloop
  endfacet
  facet normal 0.5141027441932213 0 -0.8577286100002722
    outer loop
      vertex 23.611087627168637 1.5 8.830351379684073
      vertex 23.745765221078404 1.5 8.911074022957369
      vertex 23.745765221078404 -3.4061933681605124e-21 8.911074022957369
    endloop
  endfacet
  facet normal 0.427555093430281 0 -0.9039892931234439
    outer loop
      vertex 23.887706508215857 -3.621478325990429e-21 8.97820725201806
      vertex 23.745765221078404 1.5 8.911074022957369
      vertex 23.887706508215857 1.5 8.97820725201806
    endloop
  endfacet
  facet normal 0.33688985339222133 0 -0.9415440651830204
    outer loop
      vertex 23.887706508215857 -3.621478325990429e-21 8.97820725201806
      vertex 23.887706508215857 1.5 8.97820725201806
      vertex 24.03554451639286 -3.845706948950741e-21 9.031104537171535
    endloop
  endfacet
  facet normal 0.33688985339222133 0 -0.9415440651830204
    outer loop
      vertex 24.03554451639286 -3.845706948950741e-21 9.031104537171535
      vertex 23.887706508215857 1.5 8.97820725201806
      vertex 24.03554451639286 1.5 9.031104537171535
    endloop
  endfacet
  facet normal 0.24298017990326093 0 -0.9700312531945446
    outer loop
      vertex 24.03554451639286 -3.845706948950741e-21 9.031104537171535
      vertex 24.03554451639286 1.5 9.031104537171535
      vertex 24.187855484774193 -4.076719792826502e-21 9.069256448645168
    endloop
  endfacet
  facet normal 0.1467304744553628 0 -0.9891765099647809
    outer loop
      vertex 24.187855484774193 -4.076719792826502e-21 9.069256448645168
      vertex 24.187855484774193 1.5 9.069256448645168
      vertex 24.343172575472703 -4.312292077646733e-21 9.092295562675515
    endloop
  endfacet
  facet normal 0.049067674327415406 0 -0.9987954562051725
    outer loop
      vertex 24.343172575472703 -4.312292077646733e-21 9.092295562675515
      vertex 24.343172575472703 1.5 9.092295562675515
      vertex 24.5 -4.550155113531694e-21 9.1
    endloop
  endfacet
  facet normal 0.24298017990326093 0 -0.9700312531945446
    outer loop
      vertex 24.187855484774193 -4.076719792826502e-21 9.069256448645168
      vertex 24.03554451639286 1.5 9.031104537171535
      vertex 24.187855484774193 1.5 9.069256448645168
    endloop
  endfacet
  facet normal 0.1467304744553628 0 -0.9891765099647809
    outer loop
      vertex 24.343172575472703 -4.312292077646733e-21 9.092295562675515
      vertex 24.187855484774193 1.5 9.069256448645168
      vertex 24.343172575472703 1.5 9.092295562675515
    endloop
  endfacet
  facet normal 0.049067674327415406 0 -0.9987954562051725
    outer loop
      vertex 24.343172575472703 1.5 9.092295562675515
      vertex 24.5 1.5 9.1
      vertex 24.5 -4.550155113531694e-21 9.1
    endloop
  endfacet
  facet normal -0.6715589548470133 0 0.7409511253549637
    outer loop
      vertex 25.515029254661833 -6.0896686313596295e-21 6.263183274619621
      vertex 25.631370849898477 -6.2661260661871135e-21 6.3686291501015235
      vertex 25.631370849898477 1.5 6.3686291501015235
    endloop
  endfacet
  facet normal -0.740951125354964 0 0.6715589548470131
    outer loop
      vertex 25.631370849898477 -6.2661260661871135e-21 6.3686291501015235
      vertex 25.73681672538038 -6.4260577626953804e-21 6.484970745338167
      vertex 25.73681672538038 1.5 6.484970745338167
    endloop
  endfacet
  facet normal -0.8032075314806493 0 0.5956993044924275
    outer loop
      vertex 25.73681672538038 -6.4260577626953804e-21 6.484970745338167
      vertex 25.83035137968407 -6.567923491219502e-21 6.6110876271686365
      vertex 25.83035137968407 1.5 6.6110876271686365
    endloop
  endfacet
  facet normal -0.6715589548470133 0 0.7409511253549637
    outer loop
      vertex 25.515029254661833 -6.0896686313596295e-21 6.263183274619621
      vertex 25.631370849898477 1.5 6.3686291501015235
      vertex 25.515029254661833 1.5 6.263183274619621
    endloop
  endfacet
  facet normal -0.740951125354964 0 0.6715589548470131
    outer loop
      vertex 25.631370849898477 -6.2661260661871135e-21 6.3686291501015235
      vertex 25.73681672538038 1.5 6.484970745338167
      vertex 25.631370849898477 1.5 6.3686291501015235
    endloop
  endfacet
  facet normal -0.8032075314806493 0 0.5956993044924275
    outer loop
      vertex 25.73681672538038 -6.4260577626953804e-21 6.484970745338167
      vertex 25.83035137968407 1.5 6.6110876271686365
      vertex 25.73681672538038 1.5 6.484970745338167
    endloop
  endfacet
  facet normal -0.8577286100002673 0 0.5141027441932297
    outer loop
      vertex 25.83035137968407 -6.567923491219502e-21 6.6110876271686365
      vertex 25.91107402295737 -6.690357007242098e-21 6.745765221078404
      vertex 25.91107402295737 1.5 6.745765221078404
    endloop
  endfacet
  facet normal -0.9039892931234439 0 0.427555093430281
    outer loop
      vertex 25.91107402295737 -6.690357007242098e-21 6.745765221078404
      vertex 25.97820725201806 -6.792179209074897e-21 6.887706508215857
      vertex 25.97820725201806 1.5 6.887706508215857
    endloop
  endfacet
  facet normal -0.9415440651830239 0 0.33688985339221134
    outer loop
      vertex 25.97820725201806 -6.792179209074897e-21 6.887706508215857
      vertex 26.031104537171533 -6.872409493252571e-21 7.035544516392861
      vertex 26.031104537171533 1.5 7.035544516392861
    endloop
  endfacet
  facet normal -0.8577286100002673 0 0.5141027441932297
    outer loop
      vertex 25.83035137968407 -6.567923491219502e-21 6.6110876271686365
      vertex 25.91107402295737 1.5 6.745765221078404
      vertex 25.83035137968407 1.5 6.6110876271686365
    endloop
  endfacet
  facet normal -0.9039892931234439 0 0.427555093430281
    outer loop
      vertex 25.91107402295737 -6.690357007242098e-21 6.745765221078404
      vertex 25.97820725201806 1.5 6.887706508215857
      vertex 25.91107402295737 1.5 6.745765221078404
    endloop
  endfacet
  facet normal -0.9415440651830242 0 0.33688985339221045
    outer loop
      vertex 25.97820725201806 -6.792179209074897e-21 6.887706508215857
      vertex 26 1.5 6.948613158623453
      vertex 25.97820725201806 1.5 6.887706508215857
    endloop
  endfacet
  facet normal -0.9415440651830236 -6.889153691656918e-17 0.3368898533922119
    outer loop
      vertex 25.97820725201806 -6.792179209074897e-21 6.887706508215857
      vertex 26.031104537171533 1.5 7.035544516392861
      vertex 26 1.5 6.948613158623453
    endloop
  endfacet
  facet normal -0.9700312531945401 0 0.24298017990327958
    outer loop
      vertex 26.031104537171533 -6.872409493252571e-21 7.035544516392861
      vertex 26.06925644864517 -6.930275198280163e-21 7.187855484774195
      vertex 26.06925644864517 1.5 7.187855484774195
    endloop
  endfacet
  facet normal -0.9891765099647807 0 0.14673047445536444
    outer loop
      vertex 26.06925644864517 -6.930275198280163e-21 7.187855484774195
      vertex 26.092295562675517 -6.965219045785638e-21 7.343172575472703
      vertex 26.092295562675517 1.5 7.343172575472703
    endloop
  endfacet
  facet normal -0.9700312531945401 0 0.24298017990327958
    outer loop
      vertex 26.031104537171533 -6.872409493252571e-21 7.035544516392861
      vertex 26.06925644864517 1.5 7.187855484774195
      vertex 26.031104537171533 1.5 7.035544516392861
    endloop
  endfacet
  facet normal -0.9891765099647807 0 0.14673047445536444
    outer loop
      vertex 26.06925644864517 -6.930275198280163e-21 7.187855484774195
      vertex 26.092295562675517 1.5 7.343172575472703
      vertex 26.06925644864517 1.5 7.187855484774195
    endloop
  endfacet
  facet normal -0.9987954562051725 0 0.049067674327415406
    outer loop
      vertex 26.092295562675517 -6.965219045785638e-21 7.343172575472703
      vertex 26.1 1.5 7.5
      vertex 26.092295562675517 1.5 7.343172575472703
    endloop
  endfacet
  facet normal -0.9987954562051725 0 0.049067674327415406
    outer loop
      vertex 26.092295562675517 -6.965219045785638e-21 7.343172575472703
      vertex 26.1 -6.976904507415268e-21 7.5
      vertex 26.1 1.5 7.5
    endloop
  endfacet
  facet normal -0.9987954562051725 0 -0.049067674327415406
    outer loop
      vertex 26.1 -6.976904507415268e-21 7.5
      vertex 26.092295562675517 -6.965219045785638e-21 7.656827424527297
      vertex 26.092295562675517 1.5 7.656827424527297
    endloop
  endfacet
  facet normal -0.9891765099647807 0 -0.14673047445536444
    outer loop
      vertex 26.092295562675517 -6.965219045785638e-21 7.656827424527297
      vertex 26.06925644864517 -6.930275198280163e-21 7.812144515225805
      vertex 26.06925644864517 1.5 7.812144515225805
    endloop
  endfacet
  facet normal -0.9987954562051725 0 -0.049067674327415406
    outer loop
      vertex 26.1 -6.976904507415268e-21 7.5
      vertex 26.092295562675517 1.5 7.656827424527297
      vertex 26.1 1.5 7.5
    endloop
  endfacet
  facet normal -0.9891765099647807 0 -0.14673047445536444
    outer loop
      vertex 26.092295562675517 -6.965219045785638e-21 7.656827424527297
      vertex 26.06925644864517 1.5 7.812144515225805
      vertex 26.092295562675517 1.5 7.656827424527297
    endloop
  endfacet
  facet normal -0.9700312531945401 0 -0.24298017990327958
    outer loop
      vertex 26.06925644864517 -6.930275198280163e-21 7.812144515225805
      vertex 26.031104537171533 -6.872409493252571e-21 7.964455483607139
      vertex 26.031104537171533 1.5 7.964455483607139
    endloop
  endfacet
  facet normal -0.9415440651830239 0 -0.33688985339221134
    outer loop
      vertex 26.031104537171533 -6.872409493252571e-21 7.964455483607139
      vertex 25.97820725201806 -6.792179209074897e-21 8.112293491784143
      vertex 25.97820725201806 1.5 8.112293491784143
    endloop
  endfacet
  facet normal -0.9415440651830247 0 -0.3368898533922089
    outer loop
      vertex 26.031104537171533 -6.872409493252571e-21 7.964455483607139
      vertex 26 1.5 8.051386841376548
      vertex 26.031104537171533 1.5 7.964455483607139
    endloop
  endfacet
  facet normal -0.9700312531945401 0 -0.24298017990327958
    outer loop
      vertex 26.06925644864517 -6.930275198280163e-21 7.812144515225805
      vertex 26.031104537171533 1.5 7.964455483607139
      vertex 26.06925644864517 1.5 7.812144515225805
    endloop
  endfacet
  facet normal -0.9415440651830227 3.8437345813742455e-16 -0.3368898533922148
    outer loop
      vertex 26.031104537171533 -6.872409493252571e-21 7.964455483607139
      vertex 25.97820725201806 1.5 8.112293491784143
      vertex 26 1.5 8.051386841376548
    endloop
  endfacet
  facet normal -0.9039892931234439 0 -0.427555093430281
    outer loop
      vertex 25.97820725201806 -6.792179209074897e-21 8.112293491784143
      vertex 25.91107402295737 1.5 8.254234778921596
      vertex 25.97820725201806 1.5 8.112293491784143
    endloop
  endfacet
  facet normal -0.8032075314806493 0 -0.5956993044924275
    outer loop
      vertex 25.73681672538038 -6.4260577626953804e-21 8.515029254661833
      vertex 25.73681672538038 1.5 8.515029254661833
      vertex 25.83035137968407 -6.567923491219502e-21 8.388912372831363
    endloop
  endfacet
  facet normal -0.7409511253549614 0 -0.6715589548470159
    outer loop
      vertex 25.73681672538038 -6.4260577626953804e-21 8.515029254661833
      vertex 25.631370849898477 -6.2661260661871135e-21 8.631370849898476
      vertex 25.631370849898477 1.5 8.631370849898476
    endloop
  endfacet
  facet normal -0.8032075314806493 0 -0.5956993044924275
    outer loop
      vertex 25.83035137968407 -6.567923491219502e-21 8.388912372831363
      vertex 25.73681672538038 1.5 8.515029254661833
      vertex 25.83035137968407 1.5 8.388912372831363
    endloop
  endfacet
  facet normal -0.7409511253549614 0 -0.6715589548470159
    outer loop
      vertex 25.73681672538038 -6.4260577626953804e-21 8.515029254661833
      vertex 25.631370849898477 1.5 8.631370849898476
      vertex 25.73681672538038 1.5 8.515029254661833
    endloop
  endfacet
  facet normal -0.9039892931234439 0 -0.427555093430281
    outer loop
      vertex 25.97820725201806 -6.792179209074897e-21 8.112293491784143
      vertex 25.91107402295737 -6.690357007242098e-21 8.254234778921596
      vertex 25.91107402295737 1.5 8.254234778921596
    endloop
  endfacet
  facet normal -0.8577286100002673 0 -0.5141027441932297
    outer loop
      vertex 25.91107402295737 -6.690357007242098e-21 8.254234778921596
      vertex 25.83035137968407 -6.567923491219502e-21 8.388912372831363
      vertex 25.83035137968407 1.5 8.388912372831363
    endloop
  endfacet
  facet normal -1.5167183711772309e-21 -1 0
    outer loop
      vertex 26.5 -7.583591855886158e-21 0
      vertex 26.092295562675517 -6.965219045785638e-21 17.343172575472703
      vertex 26.092295562675517 -6.965219045785638e-21 7.656827424527297
    endloop
  endfacet
  facet normal -0.8577286100002673 0 -0.5141027441932297
    outer loop
      vertex 25.91107402295737 -6.690357007242098e-21 8.254234778921596
      vertex 25.83035137968407 1.5 8.388912372831363
      vertex 25.91107402295737 1.5 8.254234778921596
    endloop
  endfacet
  facet normal -0.5141027441932213 0 -0.8577286100002722
    outer loop
      vertex 25.254234778921596 -5.694116858902877e-21 8.911074022957369
      vertex 25.254234778921596 1.5 8.911074022957369
      vertex 25.388912372831363 -5.8983848397717685e-21 8.830351379684073
    endloop
  endfacet
  facet normal -0.427555093430281 0 -0.9039892931234439
    outer loop
      vertex 25.112293491784143 -5.478831901072961e-21 8.97820725201806
      vertex 25.112293491784143 1.5 8.97820725201806
      vertex 25.254234778921596 -5.694116858902877e-21 8.911074022957369
    endloop
  endfacet
  facet normal -0.5141027441932213 0 -0.8577286100002722
    outer loop
      vertex 25.254234778921596 1.5 8.911074022957369
      vertex 25.388912372831363 1.5 8.830351379684073
      vertex 25.388912372831363 -5.8983848397717685e-21 8.830351379684073
    endloop
  endfacet
  facet normal -0.427555093430281 0 -0.9039892931234439
    outer loop
      vertex 25.254234778921596 -5.694116858902877e-21 8.911074022957369
      vertex 25.112293491784143 1.5 8.97820725201806
      vertex 25.254234778921596 1.5 8.911074022957369
    endloop
  endfacet
  facet normal -0.049067674327415406 0 -0.9987954562051725
    outer loop
      vertex 24.5 -4.550155113531694e-21 9.1
      vertex 24.5 1.5 9.1
      vertex 24.656827424527297 -4.788018149416656e-21 9.092295562675515
    endloop
  endfacet
  facet normal -0.1467304744553628 0 -0.9891765099647809
    outer loop
      vertex 24.656827424527297 -4.788018149416656e-21 9.092295562675515
      vertex 24.656827424527297 1.5 9.092295562675515
      vertex 24.812144515225807 -5.0235904342368866e-21 9.069256448645168
    endloop
  endfacet
  facet normal -0.24298017990326093 0 -0.9700312531945446
    outer loop
      vertex 24.812144515225807 -5.0235904342368866e-21 9.069256448645168
      vertex 24.812144515225807 1.5 9.069256448645168
      vertex 24.96445548360714 -5.254603278112648e-21 9.031104537171535
    endloop
  endfacet
  facet normal -0.049067674327415406 0 -0.9987954562051725
    outer loop
      vertex 24.656827424527297 -4.788018149416656e-21 9.092295562675515
      vertex 24.5 1.5 9.1
      vertex 24.656827424527297 1.5 9.092295562675515
    endloop
  endfacet
  facet normal -0.1467304744553628 0 -0.9891765099647809
    outer loop
      vertex 24.812144515225807 -5.0235904342368866e-21 9.069256448645168
      vertex 24.656827424527297 1.5 9.092295562675515
      vertex 24.812144515225807 1.5 9.069256448645168
    endloop
  endfacet
  facet normal -0.24298017990326093 0 -0.9700312531945446
    outer loop
      vertex 24.96445548360714 -5.254603278112648e-21 9.031104537171535
      vertex 24.812144515225807 1.5 9.069256448645168
      vertex 24.96445548360714 1.5 9.031104537171535
    endloop
  endfacet
  facet normal -0.33688985339222133 0 -0.9415440651830204
    outer loop
      vertex 25.112293491784143 -5.478831901072961e-21 8.97820725201806
      vertex 24.96445548360714 -5.254603278112648e-21 9.031104537171535
      vertex 24.96445548360714 1.5 9.031104537171535
    endloop
  endfacet
  facet normal -0.33688985339222133 0 -0.9415440651830204
    outer loop
      vertex 25.112293491784143 -5.478831901072961e-21 8.97820725201806
      vertex 24.96445548360714 1.5 9.031104537171535
      vertex 25.112293491784143 1.5 8.97820725201806
    endloop
  endfacet
  facet normal -0.6715589548470164 0 -0.7409511253549609
    outer loop
      vertex 25.515029254661833 -6.0896686313596295e-21 8.736816725380379
      vertex 25.515029254661833 1.5 8.736816725380379
      vertex 25.631370849898477 -6.2661260661871135e-21 8.631370849898476
    endloop
  endfacet
  facet normal -0.5956993044924348 0 -0.8032075314806438
    outer loop
      vertex 25.515029254661833 -6.0896686313596295e-21 8.736816725380379
      vertex 25.388912372831363 -5.8983848397717685e-21 8.830351379684073
      vertex 25.388912372831363 1.5 8.830351379684073
    endloop
  endfacet
  facet normal -0.6715589548470164 0 -0.7409511253549609
    outer loop
      vertex 25.631370849898477 -6.2661260661871135e-21 8.631370849898476
      vertex 25.515029254661833 1.5 8.736816725380379
      vertex 25.631370849898477 1.5 8.631370849898476
    endloop
  endfacet
  facet normal -0.5956993044924348 0 -0.8032075314806438
    outer loop
      vertex 25.515029254661833 -6.0896686313596295e-21 8.736816725380379
      vertex 25.388912372831363 1.5 8.830351379684073
      vertex 25.515029254661833 1.5 8.736816725380379
    endloop
  endfacet
  facet normal 0 1 0
    outer loop
      vertex 26.5 1.5 0
      vertex 26.1 1.5 7.5
      vertex 26.1 1.5 17.5
    endloop
  endfacet
  facet normal 0.3826836587419254 -0.9238794387428987 0
    outer loop
      vertex 26.5 -7.583591855886158e-21 0
      vertex 27.560659408569336 0.439339816570282 0
      vertex 26.5 -7.583591855886158e-21 25
    endloop
  endfacet
  facet normal 0.9238792989590684 -0.3826839962095364 0
    outer loop
      vertex 27.560659408569336 0.439339816570282 0
      vertex 28 1.5 0
      vertex 27.560659408569336 0.439339816570282 25
    endloop
  endfacet
  facet normal -2.315663903586991e-22 -1 5.594710261166126e-22
    outer loop
      vertex 20.2 0 11.083013172929288
      vertex 22.907704437324483 -2.5438649990340393e-21 7.656827424527297
      vertex 21.0601806640625 0 11.439043998718262
    endloop
  endfacet
  facet normal -1.5167183711772302e-21 -1 5.530808222861407e-37
    outer loop
      vertex 23.16964862031593 -2.5323867358438877e-21 8.388912372831363
      vertex 23.26318327461962 -2.6742524643680088e-21 8.515029254661833
      vertex 21.5 0 12.5
    endloop
  endfacet
  facet normal -1.5167183711772303e-21 -1 5.263433208292083e-37
    outer loop
      vertex 23.26318327461962 -2.6742524643680088e-21 8.515029254661833
      vertex 23.368629150101523 -2.8341841608762757e-21 8.631370849898476
      vertex 21.5 0 12.5
    endloop
  endfacet
  facet normal -7.505814233538762e-22 -1 3.111535471666195e-22
    outer loop
      vertex 23.16964862031593 -2.5323867358438877e-21 8.388912372831363
      vertex 21.5 0 12.5
      vertex 21.0601806640625 0 11.439043998718262
    endloop
  endfacet
  facet normal -1.516718371177233e-21 -1 -7.2659860322598e-37
    outer loop
      vertex 23.368629150101523 -2.8341841608762757e-21 8.631370849898476
      vertex 23.484970745338167 -3.0106415957037597e-21 8.736816725380379
      vertex 21.5 0 12.5
    endloop
  endfacet
  facet normal -1.5167183711772317e-21 -1 -1.4242708655159344e-37
    outer loop
      vertex 23.484970745338167 -3.0106415957037597e-21 8.736816725380379
      vertex 23.611087627168637 -3.201925387291621e-21 8.830351379684073
      vertex 21.5 0 12.5
    endloop
  endfacet
  facet normal -1.5167183711772322e-21 -1 -4.2447344644073714e-37
    outer loop
      vertex 23.611087627168637 -3.201925387291621e-21 8.830351379684073
      vertex 23.745765221078404 -3.4061933681605124e-21 8.911074022957369
      vertex 21.5 0 12.5
    endloop
  endfacet
  facet normal -1.5167183711772298e-21 -1 1.1395586473132213e-36
    outer loop
      vertex 23.745765221078404 -3.4061933681605124e-21 8.911074022957369
      vertex 23.887706508215857 -3.621478325990429e-21 8.97820725201806
      vertex 21.5 0 12.5
    endloop
  endfacet
  facet normal -1.5167183711772315e-21 -1 -2.907129847066716e-37
    outer loop
      vertex 23.887706508215857 -3.621478325990429e-21 8.97820725201806
      vertex 24.03554451639286 -3.845706948950741e-21 9.031104537171535
      vertex 21.5 0 12.5
    endloop
  endfacet
  facet normal 0 1 0
    outer loop
      vertex 20.2 1.5 9.875
      vertex 23.611087627168637 1.5 16.16964862031593
      vertex 23.611087627168637 1.5 8.830351379684073
    endloop
  endfacet
  facet normal -1.5167183711772322e-21 -1 0
    outer loop
      vertex 24.03554451639286 -3.845706948950741e-21 9.031104537171535
      vertex 24.187855484774193 -4.076719792826502e-21 9.069256448645168
      vertex 24.03554451639286 -3.845706948950741e-21 15.968895462828465
    endloop
  endfacet
  facet normal -1.5167183711772334e-21 -1 0
    outer loop
      vertex 24.187855484774193 -4.076719792826502e-21 9.069256448645168
      vertex 24.343172575472703 -4.312292077646733e-21 9.092295562675515
      vertex 24.187855484774193 -4.076719792826502e-21 15.930743551354832
    endloop
  endfacet
  facet normal -1.5167183711772262e-21 -1 0
    outer loop
      vertex 24.343172575472703 -4.312292077646733e-21 9.092295562675515
      vertex 24.5 -4.550155113531694e-21 9.1
      vertex 24.343172575472703 -4.312292077646733e-21 15.907704437324485
    endloop
  endfacet
  facet normal 0 1 0
    outer loop
      vertex 23.611087627168637 1.5 8.830351379684073
      vertex 23.745765221078404 1.5 16.08892597704263
      vertex 23.745765221078404 1.5 8.911074022957369
    endloop
  endfacet
  facet normal 0 1 0
    outer loop
      vertex 23.745765221078404 1.5 8.911074022957369
      vertex 23.887706508215857 1.5 16.02179274798194
      vertex 23.887706508215857 1.5 8.97820725201806
    endloop
  endfacet
  facet normal 0 1 0
    outer loop
      vertex 23.887706508215857 1.5 8.97820725201806
      vertex 24.03554451639286 1.5 15.968895462828465
      vertex 24.03554451639286 1.5 9.031104537171535
    endloop
  endfacet
  facet normal 0 1 0
    outer loop
      vertex 24.03554451639286 1.5 9.031104537171535
      vertex 24.187855484774193 1.5 15.930743551354832
      vertex 24.187855484774193 1.5 9.069256448645168
    endloop
  endfacet
  facet normal 0 1 0
    outer loop
      vertex 24.187855484774193 1.5 9.069256448645168
      vertex 24.343172575472703 1.5 15.907704437324485
      vertex 24.343172575472703 1.5 9.092295562675515
    endloop
  endfacet
  facet normal 0 1 0
    outer loop
      vertex 24.343172575472703 1.5 9.092295562675515
      vertex 24.5 1.5 15.9
      vertex 24.5 1.5 9.1
    endloop
  endfacet
  facet normal -1.516718371177265e-21 -1 0
    outer loop
      vertex 26.092295562675517 -6.965219045785638e-21 7.656827424527297
      vertex 26.06925644864517 -6.930275198280163e-21 17.187855484774193
      vertex 26.06925644864517 -6.930275198280163e-21 7.812144515225805
    endloop
  endfacet
  facet normal -1.5167183711772273e-21 -1 0
    outer loop
      vertex 26.06925644864517 -6.930275198280163e-21 7.812144515225805
      vertex 26.031104537171533 -6.872409493252571e-21 17.03554451639286
      vertex 26.031104537171533 -6.872409493252571e-21 7.964455483607139
    endloop
  endfacet
  facet normal 0 1 0
    outer loop
      vertex 26.1 1.5 7.5
      vertex 26.092295562675517 1.5 7.656827424527297
      vertex 26.1 1.5 17.5
    endloop
  endfacet
  facet normal 0 1 0
    outer loop
      vertex 26.092295562675517 1.5 7.656827424527297
      vertex 26.06925644864517 1.5 7.812144515225805
      vertex 26.092295562675517 1.5 17.343172575472703
    endloop
  endfacet
  facet normal -1.516718371177237e-21 -1 0
    outer loop
      vertex 25.112293491784143 -5.478831901072961e-21 8.97820725201806
      vertex 24.96445548360714 -5.254603278112648e-21 15.968895462828465
      vertex 24.96445548360714 -5.254603278112648e-21 9.031104537171535
    endloop
  endfacet
  facet normal -1.5167183711772294e-21 -1 0
    outer loop
      vertex 25.112293491784143 -5.478831901072961e-21 8.97820725201806
      vertex 25.254234778921596 -5.694116858902877e-21 8.911074022957369
      vertex 25.112293491784143 -5.478831901072961e-21 16.02179274798194
    endloop
  endfacet
  facet normal -1.5167183711772324e-21 -1 0
    outer loop
      vertex 25.254234778921596 -5.694116858902877e-21 8.911074022957369
      vertex 25.388912372831363 -5.8983848397717685e-21 8.830351379684073
      vertex 25.254234778921596 -5.694116858902877e-21 16.08892597704263
    endloop
  endfacet
  facet normal -1.5167183711772358e-21 -1 0
    outer loop
      vertex 24.5 -4.550155113531694e-21 9.1
      vertex 24.656827424527297 -4.788018149416656e-21 9.092295562675515
      vertex 24.5 -4.550155113531694e-21 15.9
    endloop
  endfacet
  facet normal -1.5167183711772285e-21 -1 0
    outer loop
      vertex 24.656827424527297 -4.788018149416656e-21 9.092295562675515
      vertex 24.812144515225807 -5.0235904342368866e-21 9.069256448645168
      vertex 24.656827424527297 -4.788018149416656e-21 15.907704437324485
    endloop
  endfacet
  facet normal -1.5167183711772322e-21 -1 0
    outer loop
      vertex 24.812144515225807 -5.0235904342368866e-21 9.069256448645168
      vertex 24.96445548360714 -5.254603278112648e-21 9.031104537171535
      vertex 24.812144515225807 -5.0235904342368866e-21 15.930743551354832
    endloop
  endfacet
  facet normal -1.5167183711772334e-21 -1 0
    outer loop
      vertex 25.73681672538038 -6.4260577626953804e-21 8.515029254661833
      vertex 25.83035137968407 -6.567923491219502e-21 8.388912372831363
      vertex 25.73681672538038 -6.4260577626953804e-21 16.484970745338167
    endloop
  endfacet
  facet normal -1.5167183711772335e-21 -1 0
    outer loop
      vertex 25.515029254661833 -6.0896686313596295e-21 8.736816725380379
      vertex 25.631370849898477 -6.2661260661871135e-21 8.631370849898476
      vertex 25.515029254661833 -6.0896686313596295e-21 16.26318327461962
    endloop
  endfacet
  facet normal -1.5167183711772288e-21 -1 0
    outer loop
      vertex 25.515029254661833 -6.0896686313596295e-21 8.736816725380379
      vertex 25.388912372831363 -5.8983848397717685e-21 16.16964862031593
      vertex 25.388912372831363 -5.8983848397717685e-21 8.830351379684073
    endloop
  endfacet
  facet normal -1.51671837117723e-21 -1 0
    outer loop
      vertex 25.73681672538038 -6.4260577626953804e-21 8.515029254661833
      vertex 25.631370849898477 -6.2661260661871135e-21 16.368629150101523
      vertex 25.631370849898477 -6.2661260661871135e-21 8.631370849898476
    endloop
  endfacet
  facet normal -1.516718371177224e-21 -1 0
    outer loop
      vertex 26.031104537171533 -6.872409493252571e-21 7.964455483607139
      vertex 25.97820725201806 -6.792179209074897e-21 16.887706508215857
      vertex 25.97820725201806 -6.792179209074897e-21 8.112293491784143
    endloop
  endfacet
  facet normal -1.516718371177229e-21 -1 0
    outer loop
      vertex 25.91107402295737 -6.690357007242098e-21 8.254234778921596
      vertex 25.83035137968407 -6.567923491219502e-21 16.611087627168637
      vertex 25.83035137968407 -6.567923491219502e-21 8.388912372831363
    endloop
  endfacet
  facet normal -1.5167183711772318e-21 -1 0
    outer loop
      vertex 25.97820725201806 -6.792179209074897e-21 8.112293491784143
      vertex 25.91107402295737 -6.690357007242098e-21 16.745765221078404
      vertex 25.91107402295737 -6.690357007242098e-21 8.254234778921596
    endloop
  endfacet
  facet normal -1.5167183711772508e-21 -1 -4.760083191652401e-37
    outer loop
      vertex 26.5 -7.583591855886158e-21 0
      vertex 26.1 -6.976904507415268e-21 17.5
      vertex 26.092295562675517 -6.965219045785638e-21 17.343172575472703
    endloop
  endfacet
  facet normal 0 1 0
    outer loop
      vertex 25.112293491784143 1.5 8.97820725201806
      vertex 25.254234778921596 1.5 16.08892597704263
      vertex 25.254234778921596 1.5 8.911074022957369
    endloop
  endfacet
  facet normal 0 1 0
    outer loop
      vertex 25.254234778921596 1.5 8.911074022957369
      vertex 25.388912372831363 1.5 16.16964862031593
      vertex 25.388912372831363 1.5 8.830351379684073
    endloop
  endfacet
  facet normal 0 1 0
    outer loop
      vertex 24.5 1.5 9.1
      vertex 24.656827424527297 1.5 15.907704437324485
      vertex 24.656827424527297 1.5 9.092295562675515
    endloop
  endfacet
  facet normal 0 1 0
    outer loop
      vertex 24.656827424527297 1.5 9.092295562675515
      vertex 24.812144515225807 1.5 15.930743551354832
      vertex 24.812144515225807 1.5 9.069256448645168
    endloop
  endfacet
  facet normal 0 1 0
    outer loop
      vertex 24.812144515225807 1.5 9.069256448645168
      vertex 24.96445548360714 1.5 15.968895462828465
      vertex 24.96445548360714 1.5 9.031104537171535
    endloop
  endfacet
  facet normal 0 1 0
    outer loop
      vertex 25.112293491784143 1.5 8.97820725201806
      vertex 24.96445548360714 1.5 9.031104537171535
      vertex 25.112293491784143 1.5 16.02179274798194
    endloop
  endfacet
  facet normal 0 1 0
    outer loop
      vertex 25.515029254661833 1.5 8.736816725380379
      vertex 25.388912372831363 1.5 8.830351379684073
      vertex 25.515029254661833 1.5 16.26318327461962
    endloop
  endfacet
  facet normal 0 1 0
    outer loop
      vertex 25.515029254661833 1.5 8.736816725380379
      vertex 25.631370849898477 1.5 16.368629150101523
      vertex 25.631370849898477 1.5 8.631370849898476
    endloop
  endfacet
  facet normal 0 1 0
    outer loop
      vertex 25.73681672538038 1.5 8.515029254661833
      vertex 25.631370849898477 1.5 8.631370849898476
      vertex 25.73681672538038 1.5 16.484970745338167
    endloop
  endfacet
  facet normal 0 1 0
    outer loop
      vertex 25.73681672538038 1.5 8.515029254661833
      vertex 25.83035137968407 1.5 16.611087627168637
      vertex 25.83035137968407 1.5 8.388912372831363
    endloop
  endfacet
  facet normal 0 1 0
    outer loop
      vertex 26.031104537171533 1.5 7.964455483607139
      vertex 26 1.5 8.051386841376548
      vertex 26.031104537171533 1.5 17.03554451639286
    endloop
  endfacet
  facet normal 0 1 0
    outer loop
      vertex 25.91107402295737 1.5 8.254234778921596
      vertex 25.83035137968407 1.5 8.388912372831363
      vertex 25.91107402295737 1.5 16.745765221078404
    endloop
  endfacet
  facet normal 0 1 0
    outer loop
      vertex 26 1.5 8.051386841376548
      vertex 25.97820725201806 1.5 8.112293491784143
      vertex 26 1.5 16.948613158623452
    endloop
  endfacet
  facet normal 0 1 0
    outer loop
      vertex 25.97820725201806 1.5 8.112293491784143
      vertex 25.91107402295737 1.5 8.254234778921596
      vertex 25.97820725201806 1.5 16.887706508215857
    endloop
  endfacet
  facet normal 0 1 0
    outer loop
      vertex 26.06925644864517 1.5 7.812144515225805
      vertex 26.031104537171533 1.5 7.964455483607139
      vertex 26.06925644864517 1.5 17.187855484774193
    endloop
  endfacet
  facet normal 0 0 -1
    outer loop
      vertex 26.5 -7.583591855886158e-21 0
      vertex 26.5 1.5 0
      vertex 28 51.5 0
    endloop
  endfacet
  facet normal 0 0 -1
    outer loop
      vertex 26.5 -7.583591855886158e-21 0
      vertex 28 51.5 0
      vertex 27.560659408569336 0.439339816570282 0
    endloop
  endfacet
  facet normal 0 0 -1
    outer loop
      vertex 27.560659408569336 0.439339816570282 0
      vertex 28 51.5 0
      vertex 28 1.5 0
    endloop
  endfacet
  facet normal 1 0 0
    outer loop
      vertex 28 1.5 0
      vertex 28 51.5 0
      vertex 28 16 11.000232696533203
    endloop
  endfacet
  facet normal -1 0 0
    outer loop
      vertex 26.5 1.5 0
      vertex 26.5 14.939820289611816 11.439043998718262
      vertex 26.5 16 11.000232696533203
    endloop
  endfacet
  facet normal 1 0 0
    outer loop
      vertex 28 1.5 0
      vertex 28 16 11.000232696533203
      vertex 28 14.939820289611816 11.439043998718262
    endloop
  endfacet
  facet normal -1 0 0
    outer loop
      vertex 26.5 1.5 0
      vertex 26.5 16 11.000232696533203
      vertex 26.5 17.0601806640625 11.439043998718262
    endloop
  endfacet
  facet normal -1 0 0
    outer loop
      vertex 26.5 1.5 0
      vertex 26.5 14.5 12.5
      vertex 26.5 14.939820289611816 11.439043998718262
    endloop
  endfacet
  facet normal -1 0 0
    outer loop
      vertex 26.5 1.5 0
      vertex 26.5 14.939820289611816 13.560956001281738
      vertex 26.5 14.5 12.5
    endloop
  endfacet
  facet normal 1 0 0
    outer loop
      vertex 28 1.5 0
      vertex 28 14.939820289611816 11.439043998718262
      vertex 28 1.5 25
    endloop
  endfacet
  facet normal -1 0 0
    outer loop
      vertex 26.5 1.5 0
      vertex 26.5 17.0601806640625 11.439043998718262
      vertex 26.5 31.5 12.5
    endloop
  endfacet
  facet normal -1 0 0
    outer loop
      vertex 26.5 1.5 0
      vertex 26.5 31.9398193359375 11.439043998718262
      vertex 26.5 33 11.000232696533203
    endloop
  endfacet
  facet normal -1 0 0
    outer loop
      vertex 26.5 1.5 0
      vertex 26.5 31.5 12.5
      vertex 26.5 31.9398193359375 11.439043998718262
    endloop
  endfacet
  facet normal 0 0.3824382947820019 0.923981033725387
    outer loop
      vertex 26.5 14.939820289611816 11.439043998718262
      vertex 28 16 11.000232696533203
      vertex 26.5 16 11.000232696533203
    endloop
  endfacet
  facet normal 0 0.3824382947820019 0.923981033725387
    outer loop
      vertex 26.5 14.939820289611816 11.439043998718262
      vertex 28 14.939820289611816 11.439043998718262
      vertex 28 16 11.000232696533203
    endloop
  endfacet
  facet normal 0 0.9237693116329774 0.38294942079226985
    outer loop
      vertex 26.5 14.939820289611816 11.439043998718262
      vertex 26.5 14.5 12.5
      vertex 28 14.939820289611816 11.439043998718262
    endloop
  endfacet
  facet normal 0 0.9237693116329774 0.38294942079226985
    outer loop
      vertex 28 14.939820289611816 11.439043998718262
      vertex 26.5 14.5 12.5
      vertex 28 14.5 12.5
    endloop
  endfacet
  facet normal 0 -0.3824380010794096 0.9239811552896441
    outer loop
      vertex 26.5 16 11.000232696533203
      vertex 28 17.0601806640625 11.439043998718262
      vertex 26.5 17.0601806640625 11.439043998718262
    endloop
  endfacet
  facet normal 0 -0.3824380010794096 0.9239811552896441
    outer loop
      vertex 26.5 16 11.000232696533203
      vertex 28 16 11.000232696533203
      vertex 28 17.0601806640625 11.439043998718262
    endloop
  endfacet
  facet normal 0 -0.923769605378278 0.38294871220472915
    outer loop
      vertex 26.5 17.0601806640625 11.439043998718262
      vertex 28 17.5 12.5
      vertex 26.5 17.5 12.5
    endloop
  endfacet
  facet normal 0 -0.923769605378278 0.38294871220472915
    outer loop
      vertex 26.5 17.0601806640625 11.439043998718262
      vertex 28 17.0601806640625 11.439043998718262
      vertex 28 17.5 12.5
    endloop
  endfacet
  facet normal -1 0 0
    outer loop
      vertex 26.5 17.0601806640625 11.439043998718262
      vertex 26.5 17.5 12.5
      vertex 26.5 31.5 12.5
    endloop
  endfacet
  facet normal 0 0 -1
    outer loop
      vertex -20.2 1.5 23
      vertex 20.2 1.5 23
      vertex 20.2 -5.121612575717968e-21 23
    endloop
  endfacet
  facet normal 0 -1 -1.230989640084095e-21
    outer loop
      vertex -26.5 -7.583591855886158e-21 25
      vertex 20.2 -5.121612575717968e-21 23
      vertex 26.5 -7.583591855886158e-21 25
    endloop
  endfacet
  facet normal 0 1 0
    outer loop
      vertex -20.2 1.5 23
      vertex 26 1.5 24.933957873650318
      vertex 20.2 1.5 23
    endloop
  endfacet
  facet normal 0 0 1
    outer loop
      vertex -26.5 1.5 25
      vertex 26.5 -7.583591855886158e-21 25
      vertex 26.5 1.5 25
    endloop
  endfacet
  facet normal 0 1 0
    outer loop
      vertex -26 1.5 24.933957873650318
      vertex 26.5 1.5 25
      vertex 26 1.5 24.933957873650318
    endloop
  endfacet
  facet normal 0 -1 0
    outer loop
      vertex 20.2 0 11.083013172929288
      vertex 21.0601806640625 0 13.560956001281738
      vertex 20.2 0 13.916986827070712
    endloop
  endfacet
  facet normal -1 0 0
    outer loop
      vertex 20.2 1.5 9.875
      vertex 20.2 0 13.916986827070712
      vertex 20.2 1.5 23
    endloop
  endfacet
  facet normal 0 -1 0
    outer loop
      vertex 21.0601806640625 0 11.439043998718262
      vertex 21.5 0 12.5
      vertex 21.0601806640625 0 13.560956001281738
    endloop
  endfacet
  facet normal -1.5167183711772315e-21 -1 0
    outer loop
      vertex 24.03554451639286 -3.845706948950741e-21 9.031104537171535
      vertex 24.03554451639286 -3.845706948950741e-21 15.968895462828465
      vertex 21.5 0 12.5
    endloop
  endfacet
  facet normal -1.5167183711772322e-21 -1 0
    outer loop
      vertex 24.187855484774193 -4.076719792826502e-21 9.069256448645168
      vertex 24.187855484774193 -4.076719792826502e-21 15.930743551354832
      vertex 24.03554451639286 -3.845706948950741e-21 15.968895462828465
    endloop
  endfacet
  facet normal -1.5167183711772335e-21 -1 0
    outer loop
      vertex 24.343172575472703 -4.312292077646733e-21 9.092295562675515
      vertex 24.343172575472703 -4.312292077646733e-21 15.907704437324485
      vertex 24.187855484774193 -4.076719792826502e-21 15.930743551354832
    endloop
  endfacet
  facet normal -1.5167183711772262e-21 -1 0
    outer loop
      vertex 24.5 -4.550155113531694e-21 9.1
      vertex 24.5 -4.550155113531694e-21 15.9
      vertex 24.343172575472703 -4.312292077646733e-21 15.907704437324485
    endloop
  endfacet
  facet normal 0 1 0
    outer loop
      vertex 23.887706508215857 1.5 8.97820725201806
      vertex 23.887706508215857 1.5 16.02179274798194
      vertex 24.03554451639286 1.5 15.968895462828465
    endloop
  endfacet
  facet normal 0 1 0
    outer loop
      vertex 24.03554451639286 1.5 9.031104537171535
      vertex 24.03554451639286 1.5 15.968895462828465
      vertex 24.187855484774193 1.5 15.930743551354832
    endloop
  endfacet
  facet normal 0 1 0
    outer loop
      vertex 24.187855484774193 1.5 9.069256448645168
      vertex 24.187855484774193 1.5 15.930743551354832
      vertex 24.343172575472703 1.5 15.907704437324485
    endloop
  endfacet
  facet normal 0 1 0
    outer loop
      vertex 24.343172575472703 1.5 9.092295562675515
      vertex 24.343172575472703 1.5 15.907704437324485
      vertex 24.5 1.5 15.9
    endloop
  endfacet
  facet normal 0 1 0
    outer loop
      vertex 23.611087627168637 1.5 8.830351379684073
      vertex 23.611087627168637 1.5 16.16964862031593
      vertex 23.745765221078404 1.5 16.08892597704263
    endloop
  endfacet
  facet normal 0 1 0
    outer loop
      vertex 23.745765221078404 1.5 8.911074022957369
      vertex 23.745765221078404 1.5 16.08892597704263
      vertex 23.887706508215857 1.5 16.02179274798194
    endloop
  endfacet
  facet normal -7.4481287888385745e-22 -1 -3.0876219691734954e-22
    outer loop
      vertex 21.5 0 12.5
      vertex 23.08892597704263 -2.4943843285499126e-21 16.745765221078404
      vertex 21.0601806640625 0 13.560956001281738
    endloop
  endfacet
  facet normal -2.2927170105980243e-22 -1 -5.539269911006334e-22
    outer loop
      vertex 20.2 0 13.916986827070712
      vertex 21.0601806640625 0 13.560956001281738
      vertex 22.9 -2.6037612988161203e-21 17.5
    endloop
  endfacet
  facet normal -1.5167183711772307e-21 -1 0
    outer loop
      vertex 21.5 0 12.5
      vertex 23.368629150101523 -2.8341841608762757e-21 16.368629150101523
      vertex 23.26318327461962 -2.6742524643680088e-21 16.484970745338167
    endloop
  endfacet
  facet normal -1.5167183711772307e-21 -1 0
    outer loop
      vertex 21.5 0 12.5
      vertex 23.26318327461962 -2.6742524643680088e-21 16.484970745338167
      vertex 23.16964862031593 -2.5323867358438877e-21 16.611087627168637
    endloop
  endfacet
  facet normal -8.932409222157142e-22 -1 -2.532148075796747e-22
    outer loop
      vertex 21.5 0 12.5
      vertex 23.16964862031593 -2.5323867358438877e-21 16.611087627168637
      vertex 23.08892597704263 -2.4943843285499126e-21 16.745765221078404
    endloop
  endfacet
  facet normal 0 1 0
    outer loop
      vertex 20.2 1.5 9.875
      vertex 23.26318327461962 1.5 16.484970745338167
      vertex 23.368629150101523 1.5 16.368629150101523
    endloop
  endfacet
  facet normal 0 1 0
    outer loop
      vertex 20.2 1.5 9.875
      vertex 23.16964862031593 1.5 16.611087627168637
      vertex 23.26318327461962 1.5 16.484970745338167
    endloop
  endfacet
  facet normal 0 1 0
    outer loop
      vertex 20.2 1.5 9.875
      vertex 23.08892597704263 1.5 16.745765221078404
      vertex 23.16964862031593 1.5 16.611087627168637
    endloop
  endfacet
  facet normal 0 1 0
    outer loop
      vertex 20.2 1.5 9.875
      vertex 23.484970745338167 1.5 16.26318327461962
      vertex 23.611087627168637 1.5 16.16964862031593
    endloop
  endfacet
  facet normal 0 1 0
    outer loop
      vertex 20.2 1.5 9.875
      vertex 23.368629150101523 1.5 16.368629150101523
      vertex 23.484970745338167 1.5 16.26318327461962
    endloop
  endfacet
  facet normal 0 1 0
    outer loop
      vertex 20.2 1.5 9.875
      vertex 23.02179274798194 1.5 16.887706508215857
      vertex 23.08892597704263 1.5 16.745765221078404
    endloop
  endfacet
  facet normal -1.5167183711772307e-21 -1 0
    outer loop
      vertex 21.5 0 12.5
      vertex 24.03554451639286 -3.845706948950741e-21 15.968895462828465
      vertex 23.887706508215857 -3.621478325990429e-21 16.02179274798194
    endloop
  endfacet
  facet normal -1.5167183711772337e-21 -1 0
    outer loop
      vertex 21.5 0 12.5
      vertex 23.745765221078404 -3.4061933681605124e-21 16.08892597704263
      vertex 23.611087627168637 -3.201925387291621e-21 16.16964862031593
    endloop
  endfacet
  facet normal -1.5167183711772315e-21 -1 0
    outer loop
      vertex 21.5 0 12.5
      vertex 23.611087627168637 -3.201925387291621e-21 16.16964862031593
      vertex 23.484970745338167 -3.0106415957037597e-21 16.26318327461962
    endloop
  endfacet
  facet normal -1.5167183711772318e-21 -1 -2.2791172946264442e-36
    outer loop
      vertex 21.5 0 12.5
      vertex 23.887706508215857 -3.621478325990429e-21 16.02179274798194
      vertex 23.745765221078404 -3.4061933681605124e-21 16.08892597704263
    endloop
  endfacet
  facet normal -1.516718371177232e-21 -1 1.1625577651615735e-36
    outer loop
      vertex 21.5 0 12.5
      vertex 23.484970745338167 -3.0106415957037597e-21 16.26318327461962
      vertex 23.368629150101523 -2.8341841608762757e-21 16.368629150101523
    endloop
  endfacet
  facet normal -1.5167183711772358e-21 -1 0
    outer loop
      vertex 24.656827424527297 -4.788018149416656e-21 9.092295562675515
      vertex 24.656827424527297 -4.788018149416656e-21 15.907704437324485
      vertex 24.5 -4.550155113531694e-21 15.9
    endloop
  endfacet
  facet normal -1.5167183711772286e-21 -1 0
    outer loop
      vertex 24.812144515225807 -5.0235904342368866e-21 9.069256448645168
      vertex 24.812144515225807 -5.0235904342368866e-21 15.930743551354832
      vertex 24.656827424527297 -4.788018149416656e-21 15.907704437324485
    endloop
  endfacet
  facet normal -1.5167183711772322e-21 -1 0
    outer loop
      vertex 24.96445548360714 -5.254603278112648e-21 9.031104537171535
      vertex 24.96445548360714 -5.254603278112648e-21 15.968895462828465
      vertex 24.812144515225807 -5.0235904342368866e-21 15.930743551354832
    endloop
  endfacet
  facet normal -1.516718371177237e-21 -1 0
    outer loop
      vertex 25.112293491784143 -5.478831901072961e-21 8.97820725201806
      vertex 25.112293491784143 -5.478831901072961e-21 16.02179274798194
      vertex 24.96445548360714 -5.254603278112648e-21 15.968895462828465
    endloop
  endfacet
  facet normal -1.5167183711772294e-21 -1 0
    outer loop
      vertex 25.254234778921596 -5.694116858902877e-21 8.911074022957369
      vertex 25.254234778921596 -5.694116858902877e-21 16.08892597704263
      vertex 25.112293491784143 -5.478831901072961e-21 16.02179274798194
    endloop
  endfacet
  facet normal -1.5167183711772324e-21 -1 0
    outer loop
      vertex 25.388912372831363 -5.8983848397717685e-21 8.830351379684073
      vertex 25.388912372831363 -5.8983848397717685e-21 16.16964862031593
      vertex 25.254234778921596 -5.694116858902877e-21 16.08892597704263
    endloop
  endfacet
  facet normal -1.5167183711772288e-21 -1 0
    outer loop
      vertex 25.515029254661833 -6.0896686313596295e-21 8.736816725380379
      vertex 25.515029254661833 -6.0896686313596295e-21 16.26318327461962
      vertex 25.388912372831363 -5.8983848397717685e-21 16.16964862031593
    endloop
  endfacet
  facet normal -1.5167183711772335e-21 -1 0
    outer loop
      vertex 25.631370849898477 -6.2661260661871135e-21 8.631370849898476
      vertex 25.631370849898477 -6.2661260661871135e-21 16.368629150101523
      vertex 25.515029254661833 -6.0896686313596295e-21 16.26318327461962
    endloop
  endfacet
  facet normal -1.51671837117723e-21 -1 0
    outer loop
      vertex 25.73681672538038 -6.4260577626953804e-21 8.515029254661833
      vertex 25.73681672538038 -6.4260577626953804e-21 16.484970745338167
      vertex 25.631370849898477 -6.2661260661871135e-21 16.368629150101523
    endloop
  endfacet
  facet normal -1.5167183711772332e-21 -1 0
    outer loop
      vertex 25.83035137968407 -6.567923491219502e-21 8.388912372831363
      vertex 25.83035137968407 -6.567923491219502e-21 16.611087627168637
      vertex 25.73681672538038 -6.4260577626953804e-21 16.484970745338167
    endloop
  endfacet
  facet normal -1.5167183711772288e-21 -1 0
    outer loop
      vertex 25.91107402295737 -6.690357007242098e-21 8.254234778921596
      vertex 25.91107402295737 -6.690357007242098e-21 16.745765221078404
      vertex 25.83035137968407 -6.567923491219502e-21 16.611087627168637
    endloop
  endfacet
  facet normal -1.5167183711772318e-21 -1 0
    outer loop
      vertex 25.97820725201806 -6.792179209074897e-21 8.112293491784143
      vertex 25.97820725201806 -6.792179209074897e-21 16.887706508215857
      vertex 25.91107402295737 -6.690357007242098e-21 16.745765221078404
    endloop
  endfacet
  facet normal -1.516718371177224e-21 -1 0
    outer loop
      vertex 26.031104537171533 -6.872409493252571e-21 7.964455483607139
      vertex 26.031104537171533 -6.872409493252571e-21 17.03554451639286
      vertex 25.97820725201806 -6.792179209074897e-21 16.887706508215857
    endloop
  endfacet
  facet normal -1.5167183711772271e-21 -1 0
    outer loop
      vertex 26.06925644864517 -6.930275198280163e-21 7.812144515225805
      vertex 26.06925644864517 -6.930275198280163e-21 17.187855484774193
      vertex 26.031104537171533 -6.872409493252571e-21 17.03554451639286
    endloop
  endfacet
  facet normal 0 1 0
    outer loop
      vertex 24.5 1.5 9.1
      vertex 24.5 1.5 15.9
      vertex 24.656827424527297 1.5 15.907704437324485
    endloop
  endfacet
  facet normal 0 1 0
    outer loop
      vertex 24.656827424527297 1.5 9.092295562675515
      vertex 24.656827424527297 1.5 15.907704437324485
      vertex 24.812144515225807 1.5 15.930743551354832
    endloop
  endfacet
  facet normal 0 1 0
    outer loop
      vertex 24.812144515225807 1.5 9.069256448645168
      vertex 24.812144515225807 1.5 15.930743551354832
      vertex 24.96445548360714 1.5 15.968895462828465
    endloop
  endfacet
  facet normal 0 1 0
    outer loop
      vertex 24.96445548360714 1.5 9.031104537171535
      vertex 24.96445548360714 1.5 15.968895462828465
      vertex 25.112293491784143 1.5 16.02179274798194
    endloop
  endfacet
  facet normal 0 1 0
    outer loop
      vertex 25.112293491784143 1.5 8.97820725201806
      vertex 25.112293491784143 1.5 16.02179274798194
      vertex 25.254234778921596 1.5 16.08892597704263
    endloop
  endfacet
  facet normal 0 1 0
    outer loop
      vertex 25.254234778921596 1.5 8.911074022957369
      vertex 25.254234778921596 1.5 16.08892597704263
      vertex 25.388912372831363 1.5 16.16964862031593
    endloop
  endfacet
  facet normal 0 1 0
    outer loop
      vertex 25.388912372831363 1.5 8.830351379684073
      vertex 25.388912372831363 1.5 16.16964862031593
      vertex 25.515029254661833 1.5 16.26318327461962
    endloop
  endfacet
  facet normal 0 1 0
    outer loop
      vertex 25.515029254661833 1.5 8.736816725380379
      vertex 25.515029254661833 1.5 16.26318327461962
      vertex 25.631370849898477 1.5 16.368629150101523
    endloop
  endfacet
  facet normal 0 1 0
    outer loop
      vertex 25.631370849898477 1.5 8.631370849898476
      vertex 25.631370849898477 1.5 16.368629150101523
      vertex 25.73681672538038 1.5 16.484970745338167
    endloop
  endfacet
  facet normal 0 1 0
    outer loop
      vertex 25.73681672538038 1.5 8.515029254661833
      vertex 25.73681672538038 1.5 16.484970745338167
      vertex 25.83035137968407 1.5 16.611087627168637
    endloop
  endfacet
  facet normal 0 1 0
    outer loop
      vertex 25.83035137968407 1.5 8.388912372831363
      vertex 25.83035137968407 1.5 16.611087627168637
      vertex 25.91107402295737 1.5 16.745765221078404
    endloop
  endfacet
  facet normal 0 1 0
    outer loop
      vertex 25.91107402295737 1.5 8.254234778921596
      vertex 25.91107402295737 1.5 16.745765221078404
      vertex 25.97820725201806 1.5 16.887706508215857
    endloop
  endfacet
  facet normal 0 1 0
    outer loop
      vertex 25.97820725201806 1.5 8.112293491784143
      vertex 25.97820725201806 1.5 16.887706508215857
      vertex 26 1.5 16.948613158623452
    endloop
  endfacet
  facet normal 0 1 0
    outer loop
      vertex 26 1.5 8.051386841376548
      vertex 26 1.5 16.948613158623452
      vertex 26.031104537171533 1.5 17.03554451639286
    endloop
  endfacet
  facet normal -1.5167183711772648e-21 -1 0
    outer loop
      vertex 26.092295562675517 -6.965219045785638e-21 7.656827424527297
      vertex 26.092295562675517 -6.965219045785638e-21 17.343172575472703
      vertex 26.06925644864517 -6.930275198280163e-21 17.187855484774193
    endloop
  endfacet
  facet normal 0 1 0
    outer loop
      vertex 26.031104537171533 1.5 7.964455483607139
      vertex 26.031104537171533 1.5 17.03554451639286
      vertex 26.06925644864517 1.5 17.187855484774193
    endloop
  endfacet
  facet normal 0 1 0
    outer loop
      vertex 26.06925644864517 1.5 7.812144515225805
      vertex 26.06925644864517 1.5 17.187855484774193
      vertex 26.092295562675517 1.5 17.343172575472703
    endloop
  endfacet
  facet normal 0 1 0
    outer loop
      vertex 26.5 1.5 0
      vertex 26.1 1.5 17.5
      vertex 26 1.5 24.933957873650318
    endloop
  endfacet
  facet normal 0 1 0
    outer loop
      vertex 26.092295562675517 1.5 7.656827424527297
      vertex 26.092295562675517 1.5 17.343172575472703
      vertex 26.1 1.5 17.5
    endloop
  endfacet
  facet normal -1.5167183711772303e-21 -1 0
    outer loop
      vertex 26.5 -7.583591855886158e-21 0
      vertex 26.5 -7.583591855886158e-21 25
      vertex 26.1 -6.976904507415268e-21 17.5
    endloop
  endfacet
  facet normal -7.448128788838532e-22 -1 -3.087621969173537e-22
    outer loop
      vertex 21.0601806640625 0 13.560956001281738
      vertex 23.08892597704263 -2.4943843285499126e-21 16.745765221078404
      vertex 23.02179274798194 -2.488208738594287e-21 16.887706508215857
    endloop
  endfacet
  facet normal -7.448128788838641e-22 -1 -3.0876219691734865e-22
    outer loop
      vertex 21.0601806640625 0 13.560956001281738
      vertex 23.02179274798194 -2.488208738594287e-21 16.887706508215857
      vertex 22.968895462828467 -2.4944569475466044e-21 17.03554451639286
    endloop
  endfacet
  facet normal -7.4481287888385745e-22 -1 -3.0876219691734874e-22
    outer loop
      vertex 21.0601806640625 0 13.560956001281738
      vertex 22.968895462828467 -2.4944569475466044e-21 17.03554451639286
      vertex 22.93074355135483 -2.513068781739032e-21 17.187855484774193
    endloop
  endfacet
  facet normal -7.4481287888385425e-22 -1 -3.087621969173505e-22
    outer loop
      vertex 21.0601806640625 0 13.560956001281738
      vertex 22.93074355135483 -2.513068781739032e-21 17.187855484774193
      vertex 22.907704437324483 -2.5438649990340393e-21 17.343172575472703
    endloop
  endfacet
  facet normal -5.406604498154851e-22 -1 -4.08485853316821e-22
    outer loop
      vertex 21.0601806640625 0 13.560956001281738
      vertex 22.907704437324483 -2.5438649990340393e-21 17.343172575472703
      vertex 22.9 -2.6037612988161203e-21 17.5
    endloop
  endfacet
  facet normal -2.292717010598088e-22 -1 -5.53926991100629e-22
    outer loop
      vertex 20.2 0 13.916986827070712
      vertex 22.9 -2.6037612988161203e-21 17.5
      vertex 22.907704437324483 -2.69239865165768e-21 17.656827424527297
    endloop
  endfacet
  facet normal -2.292717010598028e-22 -1 -5.539269911006287e-22
    outer loop
      vertex 20.2 0 13.916986827070712
      vertex 22.907704437324483 -2.69239865165768e-21 17.656827424527297
      vertex 22.93074355135483 -2.7837151972394583e-21 17.812144515225807
    endloop
  endfacet
  facet normal -2.2927170105979764e-22 -1 -5.539269911006365e-22
    outer loop
      vertex 20.2 0 13.916986827070712
      vertex 22.93074355135483 -2.7837151972394583e-21 17.812144515225807
      vertex 22.968895462828467 -2.8768315073087975e-21 17.96445548360714
    endloop
  endfacet
  facet normal -2.292717010598157e-22 -1 -5.539269911006211e-22
    outer loop
      vertex 20.2 0 13.916986827070712
      vertex 22.968895462828467 -2.8768315073087975e-21 17.96445548360714
      vertex 23.02179274798194 -2.970850820897178e-21 18.112293491784143
    endloop
  endfacet
  facet normal -2.292717010597796e-22 -1 -5.5392699110065165e-22
    outer loop
      vertex 20.2 0 13.916986827070712
      vertex 23.02179274798194 -2.970850820897178e-21 18.112293491784143
      vertex 23.08892597704263 -3.0648676806185606e-21 18.254234778921596
    endloop
  endfacet
  facet normal 0 1 0
    outer loop
      vertex 20.2 1.5 9.875
      vertex 20.2 1.5 23
      vertex 23.02179274798194 1.5 16.887706508215857
    endloop
  endfacet
  facet normal 0.5956993044924275 0 0.8032075314806493
    outer loop
      vertex 23.611087627168637 -3.201925387291621e-21 16.16964862031593
      vertex 23.611087627168637 1.5 16.16964862031593
      vertex 23.484970745338167 -3.0106415957037597e-21 16.26318327461962
    endloop
  endfacet
  facet normal 0.6715589548470102 0 0.7409511253549665
    outer loop
      vertex 23.368629150101523 -2.8341841608762757e-21 16.368629150101523
      vertex 23.484970745338167 -3.0106415957037597e-21 16.26318327461962
      vertex 23.484970745338167 1.5 16.26318327461962
    endloop
  endfacet
  facet normal 0.5956993044924275 0 0.8032075314806493
    outer loop
      vertex 23.484970745338167 -3.0106415957037597e-21 16.26318327461962
      vertex 23.611087627168637 1.5 16.16964862031593
      vertex 23.484970745338167 1.5 16.26318327461962
    endloop
  endfacet
  facet normal 0.6715589548470102 0 0.7409511253549665
    outer loop
      vertex 23.368629150101523 -2.8341841608762757e-21 16.368629150101523
      vertex 23.484970745338167 1.5 16.26318327461962
      vertex 23.368629150101523 1.5 16.368629150101523
    endloop
  endfacet
  facet normal 0.33688985339222133 0 0.9415440651830204
    outer loop
      vertex 24.03554451639286 -3.845706948950741e-21 15.968895462828465
      vertex 24.03554451639286 1.5 15.968895462828465
      vertex 23.887706508215857 -3.621478325990429e-21 16.02179274798194
    endloop
  endfacet
  facet normal 0.33688985339222133 0 0.9415440651830204
    outer loop
      vertex 23.887706508215857 -3.621478325990429e-21 16.02179274798194
      vertex 24.03554451639286 1.5 15.968895462828465
      vertex 23.887706508215857 1.5 16.02179274798194
    endloop
  endfacet
  facet normal 0.24298017990326093 0 0.9700312531945446
    outer loop
      vertex 24.03554451639286 -3.845706948950741e-21 15.968895462828465
      vertex 24.187855484774193 -4.076719792826502e-21 15.930743551354832
      vertex 24.187855484774193 1.5 15.930743551354832
    endloop
  endfacet
  facet normal 0.1467304744553628 0 0.9891765099647809
    outer loop
      vertex 24.187855484774193 -4.076719792826502e-21 15.930743551354832
      vertex 24.343172575472703 -4.312292077646733e-21 15.907704437324485
      vertex 24.343172575472703 1.5 15.907704437324485
    endloop
  endfacet
  facet normal 0.049067674327415406 0 0.9987954562051725
    outer loop
      vertex 24.343172575472703 -4.312292077646733e-21 15.907704437324485
      vertex 24.5 -4.550155113531694e-21 15.9
      vertex 24.5 1.5 15.9
    endloop
  endfacet
  facet normal 0.24298017990326093 0 0.9700312531945446
    outer loop
      vertex 24.03554451639286 -3.845706948950741e-21 15.968895462828465
      vertex 24.187855484774193 1.5 15.930743551354832
      vertex 24.03554451639286 1.5 15.968895462828465
    endloop
  endfacet
  facet normal 0.1467304744553628 0 0.9891765099647809
    outer loop
      vertex 24.187855484774193 -4.076719792826502e-21 15.930743551354832
      vertex 24.343172575472703 1.5 15.907704437324485
      vertex 24.187855484774193 1.5 15.930743551354832
    endloop
  endfacet
  facet normal 0.049067674327415406 0 0.9987954562051725
    outer loop
      vertex 24.343172575472703 -4.312292077646733e-21 15.907704437324485
      vertex 24.5 1.5 15.9
      vertex 24.343172575472703 1.5 15.907704437324485
    endloop
  endfacet
  facet normal 0.427555093430281 0 0.9039892931234439
    outer loop
      vertex 23.745765221078404 -3.4061933681605124e-21 16.08892597704263
      vertex 23.887706508215857 -3.621478325990429e-21 16.02179274798194
      vertex 23.887706508215857 1.5 16.02179274798194
    endloop
  endfacet
  facet normal 0.5141027441932297 0 0.8577286100002673
    outer loop
      vertex 23.611087627168637 -3.201925387291621e-21 16.16964862031593
      vertex 23.745765221078404 -3.4061933681605124e-21 16.08892597704263
      vertex 23.745765221078404 1.5 16.08892597704263
    endloop
  endfacet
  facet normal 0.427555093430281 0 0.9039892931234439
    outer loop
      vertex 23.745765221078404 -3.4061933681605124e-21 16.08892597704263
      vertex 23.887706508215857 1.5 16.02179274798194
      vertex 23.745765221078404 1.5 16.08892597704263
    endloop
  endfacet
  facet normal 0.5141027441932297 0 0.8577286100002673
    outer loop
      vertex 23.611087627168637 -3.201925387291621e-21 16.16964862031593
      vertex 23.745765221078404 1.5 16.08892597704263
      vertex 23.611087627168637 1.5 16.16964862031593
    endloop
  endfacet
  facet normal 0.8577286100002673 0 0.5141027441932297
    outer loop
      vertex 23.16964862031593 -2.5323867358438877e-21 16.611087627168637
      vertex 23.16964862031593 1.5 16.611087627168637
      vertex 23.08892597704263 -2.4943843285499126e-21 16.745765221078404
    endloop
  endfacet
  facet normal 0.9039892931234439 0 0.427555093430281
    outer loop
      vertex 23.08892597704263 -2.4943843285499126e-21 16.745765221078404
      vertex 23.08892597704263 1.5 16.745765221078404
      vertex 23.02179274798194 -2.488208738594287e-21 16.887706508215857
    endloop
  endfacet
  facet normal 0.8577286100002673 0 0.5141027441932297
    outer loop
      vertex 23.08892597704263 -2.4943843285499126e-21 16.745765221078404
      vertex 23.16964862031593 1.5 16.611087627168637
      vertex 23.08892597704263 1.5 16.745765221078404
    endloop
  endfacet
  facet normal 0.7409511253549665 0 0.6715589548470102
    outer loop
      vertex 23.368629150101523 -2.8341841608762757e-21 16.368629150101523
      vertex 23.368629150101523 1.5 16.368629150101523
      vertex 23.26318327461962 -2.6742524643680088e-21 16.484970745338167
    endloop
  endfacet
  facet normal 0.8032075314806493 0 0.5956993044924275
    outer loop
      vertex 23.16964862031593 -2.5323867358438877e-21 16.611087627168637
      vertex 23.26318327461962 -2.6742524643680088e-21 16.484970745338167
      vertex 23.26318327461962 1.5 16.484970745338167
    endloop
  endfacet
  facet normal 0.7409511253549665 0 0.6715589548470102
    outer loop
      vertex 23.368629150101523 1.5 16.368629150101523
      vertex 23.26318327461962 1.5 16.484970745338167
      vertex 23.26318327461962 -2.6742524643680088e-21 16.484970745338167
    endloop
  endfacet
  facet normal 0.8032075314806493 0 0.5956993044924275
    outer loop
      vertex 23.16964862031593 -2.5323867358438877e-21 16.611087627168637
      vertex 23.26318327461962 1.5 16.484970745338167
      vertex 23.16964862031593 1.5 16.611087627168637
    endloop
  endfacet
  facet normal 0.9415440651830239 0 0.33688985339221134
    outer loop
      vertex 23.02179274798194 -2.488208738594287e-21 16.887706508215857
      vertex 23.02179274798194 1.5 16.887706508215857
      vertex 22.968895462828467 -2.4944569475466044e-21 17.03554451639286
    endloop
  endfacet
  facet normal 0.9700312531945394 0 0.24298017990328225
    outer loop
      vertex 22.968895462828467 -2.4944569475466044e-21 17.03554451639286
      vertex 22.968895462828467 1.5 17.03554451639286
      vertex 22.93074355135483 -2.513068781739032e-21 17.187855484774193
    endloop
  endfacet
  facet normal 0.9039892931234439 0 0.427555093430281
    outer loop
      vertex 23.02179274798194 -2.488208738594287e-21 16.887706508215857
      vertex 23.08892597704263 1.5 16.745765221078404
      vertex 23.02179274798194 1.5 16.887706508215857
    endloop
  endfacet
  facet normal 0.9415440651830239 0 0.33688985339221134
    outer loop
      vertex 22.968895462828467 -2.4944569475466044e-21 17.03554451639286
      vertex 23.02179274798194 1.5 16.887706508215857
      vertex 22.968895462828467 1.5 17.03554451639286
    endloop
  endfacet
  facet normal 0.9700312531945394 0 0.24298017990328225
    outer loop
      vertex 22.968895462828467 1.5 17.03554451639286
      vertex 22.93074355135483 1.5 17.187855484774193
      vertex 22.93074355135483 -2.513068781739032e-21 17.187855484774193
    endloop
  endfacet
  facet normal 0.9891765099647809 0 0.1467304744553628
    outer loop
      vertex 22.93074355135483 -2.513068781739032e-21 17.187855484774193
      vertex 22.93074355135483 1.5 17.187855484774193
      vertex 22.907704437324483 -2.5438649990340393e-21 17.343172575472703
    endloop
  endfacet
  facet normal 0.9987954562051725 0 0.049067674327415406
    outer loop
      vertex 22.907704437324483 -2.5438649990340393e-21 17.343172575472703
      vertex 22.907704437324483 1.5 17.343172575472703
      vertex 22.9 -2.6037612988161203e-21 17.5
    endloop
  endfacet
  facet normal 0.9987954562051725 0 -0.049067674327415406
    outer loop
      vertex 22.9 -2.6037612988161203e-21 17.5
      vertex 22.9 1.5 17.5
      vertex 22.907704437324483 -2.69239865165768e-21 17.656827424527297
    endloop
  endfacet
  facet normal 0.9891765099647809 0 0.1467304744553628
    outer loop
      vertex 22.907704437324483 -2.5438649990340393e-21 17.343172575472703
      vertex 22.93074355135483 1.5 17.187855484774193
      vertex 22.907704437324483 1.5 17.343172575472703
    endloop
  endfacet
  facet normal 0.9987954562051725 0 0.049067674327415406
    outer loop
      vertex 22.9 -2.6037612988161203e-21 17.5
      vertex 22.907704437324483 1.5 17.343172575472703
      vertex 22.9 1.5 17.5
    endloop
  endfacet
  facet normal 0.9891765099647809 0 -0.1467304744553628
    outer loop
      vertex 22.907704437324483 -2.69239865165768e-21 17.656827424527297
      vertex 22.907704437324483 1.5 17.656827424527297
      vertex 22.93074355135483 -2.7837151972394583e-21 17.812144515225807
    endloop
  endfacet
  facet normal 0.9700312531945394 0 -0.24298017990328225
    outer loop
      vertex 22.93074355135483 -2.7837151972394583e-21 17.812144515225807
      vertex 22.93074355135483 1.5 17.812144515225807
      vertex 22.968895462828467 -2.8768315073087975e-21 17.96445548360714
    endloop
  endfacet
  facet normal 0.9987954562051725 0 -0.049067674327415406
    outer loop
      vertex 22.907704437324483 -2.69239865165768e-21 17.656827424527297
      vertex 22.9 1.5 17.5
      vertex 22.907704437324483 1.5 17.656827424527297
    endloop
  endfacet
  facet normal 0.9891765099647809 0 -0.1467304744553628
    outer loop
      vertex 22.93074355135483 -2.7837151972394583e-21 17.812144515225807
      vertex 22.907704437324483 1.5 17.656827424527297
      vertex 22.93074355135483 1.5 17.812144515225807
    endloop
  endfacet
  facet normal 0.9700312531945394 0 -0.24298017990328225
    outer loop
      vertex 22.968895462828467 -2.8768315073087975e-21 17.96445548360714
      vertex 22.93074355135483 1.5 17.812144515225807
      vertex 22.968895462828467 1.5 17.96445548360714
    endloop
  endfacet
  facet normal 0.9415440651830239 0 -0.33688985339221134
    outer loop
      vertex 22.968895462828467 -2.8768315073087975e-21 17.96445548360714
      vertex 22.968895462828467 1.5 17.96445548360714
      vertex 23.02179274798194 -2.970850820897178e-21 18.112293491784143
    endloop
  endfacet
  facet normal 0.9039892931234439 0 -0.427555093430281
    outer loop
      vertex 23.02179274798194 -2.970850820897178e-21 18.112293491784143
      vertex 23.02179274798194 1.5 18.112293491784143
      vertex 23.08892597704263 -3.0648676806185606e-21 18.254234778921596
    endloop
  endfacet
  facet normal 0.8577286100002673 0 -0.5141027441932297
    outer loop
      vertex 23.08892597704263 -3.0648676806185606e-21 18.254234778921596
      vertex 23.08892597704263 1.5 18.254234778921596
      vertex 23.16964862031593 -3.1579766527189826e-21 18.388912372831363
    endloop
  endfacet
  facet normal 0.9415440651830239 0 -0.33688985339221134
    outer loop
      vertex 22.968895462828467 1.5 17.96445548360714
      vertex 23.02179274798194 1.5 18.112293491784143
      vertex 23.02179274798194 -2.970850820897178e-21 18.112293491784143
    endloop
  endfacet
  facet normal 0.9039892931234439 0 -0.427555093430281
    outer loop
      vertex 23.08892597704263 -3.0648676806185606e-21 18.254234778921596
      vertex 23.02179274798194 1.5 18.112293491784143
      vertex 23.08892597704263 1.5 18.254234778921596
    endloop
  endfacet
  facet normal 0.8577286100002673 0 -0.5141027441932297
    outer loop
      vertex 23.16964862031593 -3.1579766527189826e-21 18.388912372831363
      vertex 23.08892597704263 1.5 18.254234778921596
      vertex 23.16964862031593 1.5 18.388912372831363
    endloop
  endfacet
  facet normal 0.8032075314806493 0 -0.5956993044924275
    outer loop
      vertex 23.16964862031593 -3.1579766527189826e-21 18.388912372831363
      vertex 23.16964862031593 1.5 18.388912372831363
      vertex 23.26318327461962 -3.2492810468985776e-21 18.515029254661833
    endloop
  endfacet
  facet normal 0.7409511253549665 0 -0.6715589548470102
    outer loop
      vertex 23.26318327461962 -3.2492810468985776e-21 18.515029254661833
      vertex 23.26318327461962 1.5 18.515029254661833
      vertex 23.368629150101523 -3.337901551929335e-21 18.631370849898477
    endloop
  endfacet
  facet normal 0.6715589548470102 0 -0.7409511253549665
    outer loop
      vertex 23.368629150101523 -3.337901551929335e-21 18.631370849898477
      vertex 23.368629150101523 1.5 18.631370849898477
      vertex 23.484970745338167 -3.422984703902913e-21 18.73681672538038
    endloop
  endfacet
  facet normal 0.8032075314806493 0 -0.5956993044924275
    outer loop
      vertex 23.26318327461962 -3.2492810468985776e-21 18.515029254661833
      vertex 23.16964862031593 1.5 18.388912372831363
      vertex 23.26318327461962 1.5 18.515029254661833
    endloop
  endfacet
  facet normal 0.7409511253549665 0 -0.6715589548470102
    outer loop
      vertex 23.368629150101523 -3.337901551929335e-21 18.631370849898477
      vertex 23.26318327461962 1.5 18.515029254661833
      vertex 23.368629150101523 1.5 18.631370849898477
    endloop
  endfacet
  facet normal 0.6715589548470102 0 -0.7409511253549665
    outer loop
      vertex 23.484970745338167 -3.422984703902913e-21 18.73681672538038
      vertex 23.368629150101523 1.5 18.631370849898477
      vertex 23.484970745338167 1.5 18.73681672538038
    endloop
  endfacet
  facet normal -0.049067674327415406 0 0.9987954562051725
    outer loop
      vertex 24.5 -4.550155113531694e-21 15.9
      vertex 24.656827424527297 -4.788018149416656e-21 15.907704437324485
      vertex 24.656827424527297 1.5 15.907704437324485
    endloop
  endfacet
  facet normal -0.1467304744553628 0 0.9891765099647809
    outer loop
      vertex 24.656827424527297 -4.788018149416656e-21 15.907704437324485
      vertex 24.812144515225807 -5.0235904342368866e-21 15.930743551354832
      vertex 24.812144515225807 1.5 15.930743551354832
    endloop
  endfacet
  facet normal -0.24298017990326093 0 0.9700312531945446
    outer loop
      vertex 24.812144515225807 -5.0235904342368866e-21 15.930743551354832
      vertex 24.96445548360714 -5.254603278112648e-21 15.968895462828465
      vertex 24.96445548360714 1.5 15.968895462828465
    endloop
  endfacet
  facet normal -0.049067674327415406 0 0.9987954562051725
    outer loop
      vertex 24.5 -4.550155113531694e-21 15.9
      vertex 24.656827424527297 1.5 15.907704437324485
      vertex 24.5 1.5 15.9
    endloop
  endfacet
  facet normal -0.1467304744553628 0 0.9891765099647809
    outer loop
      vertex 24.656827424527297 -4.788018149416656e-21 15.907704437324485
      vertex 24.812144515225807 1.5 15.930743551354832
      vertex 24.656827424527297 1.5 15.907704437324485
    endloop
  endfacet
  facet normal -0.24298017990326093 0 0.9700312531945446
    outer loop
      vertex 24.812144515225807 -5.0235904342368866e-21 15.930743551354832
      vertex 24.96445548360714 1.5 15.968895462828465
      vertex 24.812144515225807 1.5 15.930743551354832
    endloop
  endfacet
  facet normal -0.33688985339222133 0 0.9415440651830204
    outer loop
      vertex 24.96445548360714 -5.254603278112648e-21 15.968895462828465
      vertex 25.112293491784143 -5.478831901072961e-21 16.02179274798194
      vertex 25.112293491784143 1.5 16.02179274798194
    endloop
  endfacet
  facet normal -0.33688985339222133 0 0.9415440651830204
    outer loop
      vertex 24.96445548360714 -5.254603278112648e-21 15.968895462828465
      vertex 25.112293491784143 1.5 16.02179274798194
      vertex 24.96445548360714 1.5 15.968895462828465
    endloop
  endfacet
  facet normal -0.427555093430281 0 0.9039892931234439
    outer loop
      vertex 25.112293491784143 -5.478831901072961e-21 16.02179274798194
      vertex 25.254234778921596 -5.694116858902877e-21 16.08892597704263
      vertex 25.254234778921596 1.5 16.08892597704263
    endloop
  endfacet
  facet normal -0.5141027441932297 0 0.8577286100002673
    outer loop
      vertex 25.254234778921596 -5.694116858902877e-21 16.08892597704263
      vertex 25.388912372831363 -5.8983848397717685e-21 16.16964862031593
      vertex 25.388912372831363 1.5 16.16964862031593
    endloop
  endfacet
  facet normal -0.427555093430281 0 0.9039892931234439
    outer loop
      vertex 25.112293491784143 -5.478831901072961e-21 16.02179274798194
      vertex 25.254234778921596 1.5 16.08892597704263
      vertex 25.112293491784143 1.5 16.02179274798194
    endloop
  endfacet
  facet normal -0.5141027441932297 0 0.8577286100002673
    outer loop
      vertex 25.254234778921596 -5.694116858902877e-21 16.08892597704263
      vertex 25.388912372831363 1.5 16.16964862031593
      vertex 25.254234778921596 1.5 16.08892597704263
    endloop
  endfacet
  facet normal -0.5956993044924275 0 0.8032075314806493
    outer loop
      vertex 25.388912372831363 -5.8983848397717685e-21 16.16964862031593
      vertex 25.515029254661833 -6.0896686313596295e-21 16.26318327461962
      vertex 25.515029254661833 1.5 16.26318327461962
    endloop
  endfacet
  facet normal -0.6715589548470102 0 0.7409511253549665
    outer loop
      vertex 25.515029254661833 -6.0896686313596295e-21 16.26318327461962
      vertex 25.631370849898477 -6.2661260661871135e-21 16.368629150101523
      vertex 25.631370849898477 1.5 16.368629150101523
    endloop
  endfacet
  facet normal -0.5956993044924275 0 0.8032075314806493
    outer loop
      vertex 25.388912372831363 -5.8983848397717685e-21 16.16964862031593
      vertex 25.515029254661833 1.5 16.26318327461962
      vertex 25.388912372831363 1.5 16.16964862031593
    endloop
  endfacet
  facet normal -0.6715589548470102 0 0.7409511253549665
    outer loop
      vertex 25.515029254661833 -6.0896686313596295e-21 16.26318327461962
      vertex 25.631370849898477 1.5 16.368629150101523
      vertex 25.515029254661833 1.5 16.26318327461962
    endloop
  endfacet
  facet normal -0.7409511253549665 0 0.6715589548470102
    outer loop
      vertex 25.631370849898477 -6.2661260661871135e-21 16.368629150101523
      vertex 25.73681672538038 -6.4260577626953804e-21 16.484970745338167
      vertex 25.73681672538038 1.5 16.484970745338167
    endloop
  endfacet
  facet normal -0.8032075314806493 0 0.5956993044924275
    outer loop
      vertex 25.73681672538038 -6.4260577626953804e-21 16.484970745338167
      vertex 25.83035137968407 -6.567923491219502e-21 16.611087627168637
      vertex 25.83035137968407 1.5 16.611087627168637
    endloop
  endfacet
  facet normal -0.7409511253549665 0 0.6715589548470102
    outer loop
      vertex 25.631370849898477 -6.2661260661871135e-21 16.368629150101523
      vertex 25.73681672538038 1.5 16.484970745338167
      vertex 25.631370849898477 1.5 16.368629150101523
    endloop
  endfacet
  facet normal -0.8032075314806493 0 0.5956993044924275
    outer loop
      vertex 25.73681672538038 -6.4260577626953804e-21 16.484970745338167
      vertex 25.83035137968407 1.5 16.611087627168637
      vertex 25.73681672538038 1.5 16.484970745338167
    endloop
  endfacet
  facet normal -0.8577286100002673 0 0.5141027441932297
    outer loop
      vertex 25.83035137968407 -6.567923491219502e-21 16.611087627168637
      vertex 25.91107402295737 -6.690357007242098e-21 16.745765221078404
      vertex 25.91107402295737 1.5 16.745765221078404
    endloop
  endfacet
  facet normal -0.8577286100002673 0 0.5141027441932297
    outer loop
      vertex 25.83035137968407 -6.567923491219502e-21 16.611087627168637
      vertex 25.91107402295737 1.5 16.745765221078404
      vertex 25.83035137968407 1.5 16.611087627168637
    endloop
  endfacet
  facet normal -0.9039892931234439 0 0.427555093430281
    outer loop
      vertex 25.91107402295737 -6.690357007242098e-21 16.745765221078404
      vertex 25.97820725201806 1.5 16.887706508215857
      vertex 25.91107402295737 1.5 16.745765221078404
    endloop
  endfacet
  facet normal -0.9039892931234439 0 0.427555093430281
    outer loop
      vertex 25.91107402295737 -6.690357007242098e-21 16.745765221078404
      vertex 25.97820725201806 -6.792179209074897e-21 16.887706508215857
      vertex 25.97820725201806 1.5 16.887706508215857
    endloop
  endfacet
  facet normal -0.9415440651830239 0 0.33688985339221134
    outer loop
      vertex 25.97820725201806 -6.792179209074897e-21 16.887706508215857
      vertex 26.031104537171533 -6.872409493252571e-21 17.03554451639286
      vertex 26.031104537171533 1.5 17.03554451639286
    endloop
  endfacet
  facet normal -0.9700312531945394 0 0.24298017990328225
    outer loop
      vertex 26.031104537171533 -6.872409493252571e-21 17.03554451639286
      vertex 26.06925644864517 -6.930275198280163e-21 17.187855484774193
      vertex 26.06925644864517 1.5 17.187855484774193
    endloop
  endfacet
  facet normal -0.9415440651830227 0 0.3368898533922148
    outer loop
      vertex 25.97820725201806 -6.792179209074897e-21 16.887706508215857
      vertex 26 1.5 16.948613158623452
      vertex 25.97820725201806 1.5 16.887706508215857
    endloop
  endfacet
  facet normal -0.9415440651830247 2.693032806738589e-16 0.3368898533922089
    outer loop
      vertex 25.97820725201806 -6.792179209074897e-21 16.887706508215857
      vertex 26.031104537171533 1.5 17.03554451639286
      vertex 26 1.5 16.948613158623452
    endloop
  endfacet
  facet normal -0.9700312531945394 0 0.24298017990328225
    outer loop
      vertex 26.031104537171533 -6.872409493252571e-21 17.03554451639286
      vertex 26.06925644864517 1.5 17.187855484774193
      vertex 26.031104537171533 1.5 17.03554451639286
    endloop
  endfacet
  facet normal 0.3826836587419254 -0.9238794387428987 0
    outer loop
      vertex 27.560659408569336 0.439339816570282 0
      vertex 27.560659408569336 0.439339816570282 25
      vertex 26.5 -7.583591855886158e-21 25
    endloop
  endfacet
  facet normal 0.9238792989590684 -0.3826839962095364 0
    outer loop
      vertex 28 1.5 0
      vertex 28 1.5 25
      vertex 27.560659408569336 0.439339816570282 25
    endloop
  endfacet
  facet normal 0 1 0
    outer loop
      vertex 26.5 1.5 0
      vertex 26 1.5 24.933957873650318
      vertex 26.5 1.5 25
    endloop
  endfacet
  facet normal -0.9891765099647809 0 0.1467304744553628
    outer loop
      vertex 26.06925644864517 -6.930275198280163e-21 17.187855484774193
      vertex 26.092295562675517 -6.965219045785638e-21 17.343172575472703
      vertex 26.092295562675517 1.5 17.343172575472703
    endloop
  endfacet
  facet normal -0.9987954562051725 0 0.049067674327415406
    outer loop
      vertex 26.092295562675517 -6.965219045785638e-21 17.343172575472703
      vertex 26.1 -6.976904507415268e-21 17.5
      vertex 26.1 1.5 17.5
    endloop
  endfacet
  facet normal -0.9891765099647809 0 0.1467304744553628
    outer loop
      vertex 26.06925644864517 -6.930275198280163e-21 17.187855484774193
      vertex 26.092295562675517 1.5 17.343172575472703
      vertex 26.06925644864517 1.5 17.187855484774193
    endloop
  endfacet
  facet normal -0.9987954562051725 0 0.049067674327415406
    outer loop
      vertex 26.092295562675517 -6.965219045785638e-21 17.343172575472703
      vertex 26.1 1.5 17.5
      vertex 26.092295562675517 1.5 17.343172575472703
    endloop
  endfacet
  facet normal -0.9987954562051725 0 -0.049067674327415406
    outer loop
      vertex 26.1 -6.976904507415268e-21 17.5
      vertex 26.092295562675517 1.5 17.656827424527297
      vertex 26.1 1.5 17.5
    endloop
  endfacet
  facet normal -0.9987954562051725 0 -0.049067674327415406
    outer loop
      vertex 26.1 -6.976904507415268e-21 17.5
      vertex 26.092295562675517 -6.965219045785638e-21 17.656827424527297
      vertex 26.092295562675517 1.5 17.656827424527297
    endloop
  endfacet
  facet normal -0.9891765099647809 0 -0.1467304744553628
    outer loop
      vertex 26.092295562675517 -6.965219045785638e-21 17.656827424527297
      vertex 26.06925644864517 -6.930275198280163e-21 17.812144515225807
      vertex 26.06925644864517 1.5 17.812144515225807
    endloop
  endfacet
  facet normal -0.9700312531945394 0 -0.24298017990328225
    outer loop
      vertex 26.031104537171533 -6.872409493252571e-21 17.96445548360714
      vertex 26.031104537171533 1.5 17.96445548360714
      vertex 26.06925644864517 -6.930275198280163e-21 17.812144515225807
    endloop
  endfacet
  facet normal -0.9891765099647809 0 -0.1467304744553628
    outer loop
      vertex 26.092295562675517 -6.965219045785638e-21 17.656827424527297
      vertex 26.06925644864517 1.5 17.812144515225807
      vertex 26.092295562675517 1.5 17.656827424527297
    endloop
  endfacet
  facet normal -0.9700312531945394 0 -0.24298017990328225
    outer loop
      vertex 26.06925644864517 -6.930275198280163e-21 17.812144515225807
      vertex 26.031104537171533 1.5 17.96445548360714
      vertex 26.06925644864517 1.5 17.812144515225807
    endloop
  endfacet
  facet normal -0.9415440651830239 0 -0.33688985339221134
    outer loop
      vertex 26.031104537171533 -6.872409493252571e-21 17.96445548360714
      vertex 25.97820725201806 -6.792179209074897e-21 18.112293491784143
      vertex 25.97820725201806 1.5 18.112293491784143
    endloop
  endfacet
  facet normal -0.9039892931234439 0 -0.427555093430281
    outer loop
      vertex 25.97820725201806 -6.792179209074897e-21 18.112293491784143
      vertex 25.91107402295737 -6.690357007242098e-21 18.254234778921596
      vertex 25.91107402295737 1.5 18.254234778921596
    endloop
  endfacet
  facet normal -0.8577286100002673 0 -0.5141027441932297
    outer loop
      vertex 25.91107402295737 -6.690357007242098e-21 18.254234778921596
      vertex 25.83035137968407 -6.567923491219502e-21 18.388912372831363
      vertex 25.83035137968407 1.5 18.388912372831363
    endloop
  endfacet
  facet normal -0.9415440651830247 0 -0.3368898533922089
    outer loop
      vertex 26.031104537171533 -6.872409493252571e-21 17.96445548360714
      vertex 26 1.5 18.051386841376548
      vertex 26.031104537171533 1.5 17.96445548360714
    endloop
  endfacet
  facet normal -0.9415440651830227 3.8437345813742455e-16 -0.3368898533922148
    outer loop
      vertex 26.031104537171533 -6.872409493252571e-21 17.96445548360714
      vertex 25.97820725201806 1.5 18.112293491784143
      vertex 26 1.5 18.051386841376548
    endloop
  endfacet
  facet normal -0.9039892931234439 0 -0.427555093430281
    outer loop
      vertex 25.97820725201806 -6.792179209074897e-21 18.112293491784143
      vertex 25.91107402295737 1.5 18.254234778921596
      vertex 25.97820725201806 1.5 18.112293491784143
    endloop
  endfacet
  facet normal -0.8577286100002673 0 -0.5141027441932297
    outer loop
      vertex 25.91107402295737 -6.690357007242098e-21 18.254234778921596
      vertex 25.83035137968407 1.5 18.388912372831363
      vertex 25.91107402295737 1.5 18.254234778921596
    endloop
  endfacet
  facet normal -0.8032075314806493 0 -0.5956993044924275
    outer loop
      vertex 25.73681672538038 -6.4260577626953804e-21 18.515029254661833
      vertex 25.73681672538038 1.5 18.515029254661833
      vertex 25.83035137968407 -6.567923491219502e-21 18.388912372831363
    endloop
  endfacet
  facet normal -0.6715589548470102 0 -0.7409511253549665
    outer loop
      vertex 25.515029254661833 -6.0896686313596295e-21 18.73681672538038
      vertex 25.515029254661833 1.5 18.73681672538038
      vertex 25.631370849898477 -6.2661260661871135e-21 18.631370849898477
    endloop
  endfacet
  facet normal -0.7409511253549665 0 -0.6715589548470102
    outer loop
      vertex 25.73681672538038 -6.4260577626953804e-21 18.515029254661833
      vertex 25.631370849898477 -6.2661260661871135e-21 18.631370849898477
      vertex 25.631370849898477 1.5 18.631370849898477
    endloop
  endfacet
  facet normal -0.8032075314806493 0 -0.5956993044924275
    outer loop
      vertex 25.83035137968407 -6.567923491219502e-21 18.388912372831363
      vertex 25.73681672538038 1.5 18.515029254661833
      vertex 25.83035137968407 1.5 18.388912372831363
    endloop
  endfacet
  facet normal -0.7409511253549665 0 -0.6715589548470102
    outer loop
      vertex 25.73681672538038 -6.4260577626953804e-21 18.515029254661833
      vertex 25.631370849898477 1.5 18.631370849898477
      vertex 25.73681672538038 1.5 18.515029254661833
    endloop
  endfacet
  facet normal -0.6715589548470102 0 -0.7409511253549665
    outer loop
      vertex 25.631370849898477 -6.2661260661871135e-21 18.631370849898477
      vertex 25.515029254661833 1.5 18.73681672538038
      vertex 25.631370849898477 1.5 18.631370849898477
    endloop
  endfacet
  facet normal -1 0 0
    outer loop
      vertex 20.2 0 13.916986827070712
      vertex 20.2 -5.121612575717968e-21 23
      vertex 20.2 1.5 23
    endloop
  endfacet
  facet normal 0 1 0
    outer loop
      vertex 23.02179274798194 1.5 16.887706508215857
      vertex 20.2 1.5 23
      vertex 22.968895462828467 1.5 17.03554451639286
    endloop
  endfacet
  facet normal 0 1 0
    outer loop
      vertex 22.968895462828467 1.5 17.03554451639286
      vertex 20.2 1.5 23
      vertex 22.93074355135483 1.5 17.187855484774193
    endloop
  endfacet
  facet normal 0 1 0
    outer loop
      vertex 22.93074355135483 1.5 17.187855484774193
      vertex 20.2 1.5 23
      vertex 22.907704437324483 1.5 17.343172575472703
    endloop
  endfacet
  facet normal 0 1 0
    outer loop
      vertex 22.907704437324483 1.5 17.343172575472703
      vertex 20.2 1.5 23
      vertex 22.9 1.5 17.5
    endloop
  endfacet
  facet normal 0 1 0
    outer loop
      vertex 22.9 1.5 17.5
      vertex 20.2 1.5 23
      vertex 22.907704437324483 1.5 17.656827424527297
    endloop
  endfacet
  facet normal 0 1 0
    outer loop
      vertex 22.907704437324483 1.5 17.656827424527297
      vertex 20.2 1.5 23
      vertex 22.93074355135483 1.5 17.812144515225807
    endloop
  endfacet
  facet normal 0 1 0
    outer loop
      vertex 22.93074355135483 1.5 17.812144515225807
      vertex 20.2 1.5 23
      vertex 22.968895462828467 1.5 17.96445548360714
    endloop
  endfacet
  facet normal 0 1 0
    outer loop
      vertex 22.968895462828467 1.5 17.96445548360714
      vertex 20.2 1.5 23
      vertex 23.02179274798194 1.5 18.112293491784143
    endloop
  endfacet
  facet normal 0 1 0
    outer loop
      vertex 23.02179274798194 1.5 18.112293491784143
      vertex 20.2 1.5 23
      vertex 23.08892597704263 1.5 18.254234778921596
    endloop
  endfacet
  facet normal 0 1 0
    outer loop
      vertex 23.08892597704263 1.5 18.254234778921596
      vertex 20.2 1.5 23
      vertex 23.16964862031593 1.5 18.388912372831363
    endloop
  endfacet
  facet normal 0 1 0
    outer loop
      vertex 23.16964862031593 1.5 18.388912372831363
      vertex 20.2 1.5 23
      vertex 23.26318327461962 1.5 18.515029254661833
    endloop
  endfacet
  facet normal 0 1 0
    outer loop
      vertex 23.26318327461962 1.5 18.515029254661833
      vertex 20.2 1.5 23
      vertex 23.368629150101523 1.5 18.631370849898477
    endloop
  endfacet
  facet normal 0 1 0
    outer loop
      vertex 23.368629150101523 1.5 18.631370849898477
      vertex 20.2 1.5 23
      vertex 23.484970745338167 1.5 18.73681672538038
    endloop
  endfacet
  facet normal 0 1 0
    outer loop
      vertex 23.484970745338167 1.5 18.73681672538038
      vertex 20.2 1.5 23
      vertex 23.611087627168637 1.5 18.83035137968407
    endloop
  endfacet
  facet normal 0 1 0
    outer loop
      vertex 20.2 1.5 23
      vertex 23.745765221078404 1.5 18.91107402295737
      vertex 23.611087627168637 1.5 18.83035137968407
    endloop
  endfacet
  facet normal 0 1 0
    outer loop
      vertex 20.2 1.5 23
      vertex 23.887706508215857 1.5 18.97820725201806
      vertex 23.745765221078404 1.5 18.91107402295737
    endloop
  endfacet
  facet normal 0.5956993044924275 0 -0.8032075314806493
    outer loop
      vertex 23.484970745338167 -3.422984703902913e-21 18.73681672538038
      vertex 23.484970745338167 1.5 18.73681672538038
      vertex 23.611087627168637 -3.526938452417593e-21 18.83035137968407
    endloop
  endfacet
  facet normal -2.2927170105980356e-22 -1 -5.539269911006331e-22
    outer loop
      vertex 20.2 0 13.916986827070712
      vertex 23.08892597704263 -3.0648676806185606e-21 18.254234778921596
      vertex 26.5 -7.583591855886158e-21 25
    endloop
  endfacet
  facet normal 0.5956993044924275 0 -0.8032075314806493
    outer loop
      vertex 23.484970745338167 1.5 18.73681672538038
      vertex 23.611087627168637 1.5 18.83035137968407
      vertex 23.611087627168637 -3.526938452417593e-21 18.83035137968407
    endloop
  endfacet
  facet normal 0.5141027441932297 0 -0.8577286100002673
    outer loop
      vertex 23.611087627168637 -3.526938452417593e-21 18.83035137968407
      vertex 23.611087627168637 1.5 18.83035137968407
      vertex 23.745765221078404 -3.6521721595367175e-21 18.91107402295737
    endloop
  endfacet
  facet normal 0.427555093430281 0 -0.9039892931234439
    outer loop
      vertex 23.745765221078404 -3.6521721595367175e-21 18.91107402295737
      vertex 23.745765221078404 1.5 18.91107402295737
      vertex 23.887706508215857 -3.778620061532977e-21 18.97820725201806
    endloop
  endfacet
  facet normal 0.33688985339221134 0 -0.9415440651830239
    outer loop
      vertex 23.887706508215857 -3.778620061532977e-21 18.97820725201806
      vertex 23.887706508215857 1.5 18.97820725201806
      vertex 24.03554451639286 -3.905064395986697e-21 19.031104537171533
    endloop
  endfacet
  facet normal 0.5141027441932297 0 -0.8577286100002673
    outer loop
      vertex 23.611087627168637 1.5 18.83035137968407
      vertex 23.745765221078404 1.5 18.91107402295737
      vertex 23.745765221078404 -3.6521721595367175e-21 18.91107402295737
    endloop
  endfacet
  facet normal 0.427555093430281 0 -0.9039892931234439
    outer loop
      vertex 23.887706508215857 -3.778620061532977e-21 18.97820725201806
      vertex 23.745765221078404 1.5 18.91107402295737
      vertex 23.887706508215857 1.5 18.97820725201806
    endloop
  endfacet
  facet normal 0.33688985339221134 0 -0.9415440651830239
    outer loop
      vertex 24.03554451639286 -3.905064395986697e-21 19.031104537171533
      vertex 23.887706508215857 1.5 18.97820725201806
      vertex 24.03554451639286 1.5 19.031104537171533
    endloop
  endfacet
  facet normal 0.24298017990328225 0 -0.9700312531945394
    outer loop
      vertex 24.03554451639286 -3.905064395986697e-21 19.031104537171533
      vertex 24.03554451639286 1.5 19.031104537171533
      vertex 24.187855484774193 -4.076719792826502e-21 19.06925644864517
    endloop
  endfacet
  facet normal 0.1467304744553628 0 -0.9891765099647809
    outer loop
      vertex 24.187855484774193 -4.076719792826502e-21 19.06925644864517
      vertex 24.187855484774193 1.5 19.06925644864517
      vertex 24.343172575472703 -4.312292077646733e-21 19.092295562675517
    endloop
  endfacet
  facet normal 0.049067674327415406 0 -0.9987954562051725
    outer loop
      vertex 24.343172575472703 -4.312292077646733e-21 19.092295562675517
      vertex 24.343172575472703 1.5 19.092295562675517
      vertex 24.5 -4.550155113531694e-21 19.1
    endloop
  endfacet
  facet normal 0.24298017990328225 0 -0.9700312531945394
    outer loop
      vertex 24.187855484774193 -4.076719792826502e-21 19.06925644864517
      vertex 24.03554451639286 1.5 19.031104537171533
      vertex 24.187855484774193 1.5 19.06925644864517
    endloop
  endfacet
  facet normal 0.1467304744553628 0 -0.9891765099647809
    outer loop
      vertex 24.343172575472703 -4.312292077646733e-21 19.092295562675517
      vertex 24.187855484774193 1.5 19.06925644864517
      vertex 24.343172575472703 1.5 19.092295562675517
    endloop
  endfacet
  facet normal 0.049067674327415406 0 -0.9987954562051725
    outer loop
      vertex 24.343172575472703 1.5 19.092295562675517
      vertex 24.5 1.5 19.1
      vertex 24.5 -4.550155113531694e-21 19.1
    endloop
  endfacet
  facet normal -2.1178492362140695e-22 -1 -5.638671306766627e-22
    outer loop
      vertex 20.2 0 13.916986827070712
      vertex 26.5 -7.583591855886158e-21 25
      vertex 20.2 -5.121612575717968e-21 23
    endloop
  endfacet
  facet normal -2.2927170105971695e-22 -1 -5.539269911006757e-22
    outer loop
      vertex 23.08892597704263 -3.0648676806185606e-21 18.254234778921596
      vertex 23.16964862031593 -3.1579766527189826e-21 18.388912372831363
      vertex 26.5 -7.583591855886158e-21 25
    endloop
  endfacet
  facet normal -2.292717010598274e-22 -1 -5.539269911006212e-22
    outer loop
      vertex 23.16964862031593 -3.1579766527189826e-21 18.388912372831363
      vertex 23.26318327461962 -3.2492810468985776e-21 18.515029254661833
      vertex 26.5 -7.583591855886158e-21 25
    endloop
  endfacet
  facet normal -2.292717010597988e-22 -1 -5.539269911006348e-22
    outer loop
      vertex 23.26318327461962 -3.2492810468985776e-21 18.515029254661833
      vertex 23.368629150101523 -3.337901551929335e-21 18.631370849898477
      vertex 26.5 -7.583591855886158e-21 25
    endloop
  endfacet
  facet normal -2.2927170105979844e-22 -1 -5.539269911006352e-22
    outer loop
      vertex 23.368629150101523 -3.337901551929335e-21 18.631370849898477
      vertex 23.484970745338167 -3.422984703902913e-21 18.73681672538038
      vertex 26.5 -7.583591855886158e-21 25
    endloop
  endfacet
  facet normal -0.049067674327415406 0 -0.9987954562051725
    outer loop
      vertex 24.5 -4.550155113531694e-21 19.1
      vertex 24.5 1.5 19.1
      vertex 24.656827424527297 -4.788018149416656e-21 19.092295562675517
    endloop
  endfacet
  facet normal -0.1467304744553628 0 -0.9891765099647809
    outer loop
      vertex 24.656827424527297 -4.788018149416656e-21 19.092295562675517
      vertex 24.656827424527297 1.5 19.092295562675517
      vertex 24.812144515225807 -5.0235904342368866e-21 19.06925644864517
    endloop
  endfacet
  facet normal -0.24298017990328225 0 -0.9700312531945394
    outer loop
      vertex 24.812144515225807 -5.0235904342368866e-21 19.06925644864517
      vertex 24.812144515225807 1.5 19.06925644864517
      vertex 24.96445548360714 -5.254603278112648e-21 19.031104537171533
    endloop
  endfacet
  facet normal -0.049067674327415406 0 -0.9987954562051725
    outer loop
      vertex 24.656827424527297 -4.788018149416656e-21 19.092295562675517
      vertex 24.5 1.5 19.1
      vertex 24.656827424527297 1.5 19.092295562675517
    endloop
  endfacet
  facet normal -0.1467304744553628 0 -0.9891765099647809
    outer loop
      vertex 24.812144515225807 -5.0235904342368866e-21 19.06925644864517
      vertex 24.656827424527297 1.5 19.092295562675517
      vertex 24.812144515225807 1.5 19.06925644864517
    endloop
  endfacet
  facet normal -0.24298017990328225 0 -0.9700312531945394
    outer loop
      vertex 24.96445548360714 -5.254603278112648e-21 19.031104537171533
      vertex 24.812144515225807 1.5 19.06925644864517
      vertex 24.96445548360714 1.5 19.031104537171533
    endloop
  endfacet
  facet normal -0.5141027441932297 0 -0.8577286100002673
    outer loop
      vertex 25.254234778921596 -5.694116858902877e-21 18.91107402295737
      vertex 25.254234778921596 1.5 18.91107402295737
      vertex 25.388912372831363 -5.8983848397717685e-21 18.83035137968407
    endloop
  endfacet
  facet normal -0.33688985339221134 0 -0.9415440651830239
    outer loop
      vertex 24.96445548360714 -5.254603278112648e-21 19.031104537171533
      vertex 24.96445548360714 1.5 19.031104537171533
      vertex 25.112293491784143 -5.478831901072961e-21 18.97820725201806
    endloop
  endfacet
  facet normal -0.427555093430281 0 -0.9039892931234439
    outer loop
      vertex 25.254234778921596 -5.694116858902877e-21 18.91107402295737
      vertex 25.112293491784143 -5.478831901072961e-21 18.97820725201806
      vertex 25.112293491784143 1.5 18.97820725201806
    endloop
  endfacet
  facet normal -0.427555093430281 0 -0.9039892931234439
    outer loop
      vertex 25.254234778921596 -5.694116858902877e-21 18.91107402295737
      vertex 25.112293491784143 1.5 18.97820725201806
      vertex 25.254234778921596 1.5 18.91107402295737
    endloop
  endfacet
  facet normal -0.5141027441932297 0 -0.8577286100002673
    outer loop
      vertex 25.254234778921596 1.5 18.91107402295737
      vertex 25.388912372831363 1.5 18.83035137968407
      vertex 25.388912372831363 -5.8983848397717685e-21 18.83035137968407
    endloop
  endfacet
  facet normal -0.33688985339221134 0 -0.9415440651830239
    outer loop
      vertex 25.112293491784143 -5.478831901072961e-21 18.97820725201806
      vertex 24.96445548360714 1.5 19.031104537171533
      vertex 25.112293491784143 1.5 18.97820725201806
    endloop
  endfacet
  facet normal -0.5956993044924275 0 -0.8032075314806493
    outer loop
      vertex 25.515029254661833 -6.0896686313596295e-21 18.73681672538038
      vertex 25.388912372831363 -5.8983848397717685e-21 18.83035137968407
      vertex 25.388912372831363 1.5 18.83035137968407
    endloop
  endfacet
  facet normal -0.5956993044924275 0 -0.8032075314806493
    outer loop
      vertex 25.515029254661833 -6.0896686313596295e-21 18.73681672538038
      vertex 25.388912372831363 1.5 18.83035137968407
      vertex 25.515029254661833 1.5 18.73681672538038
    endloop
  endfacet
  facet normal -1.5167183711772461e-21 -1 8.412813254310207e-37
    outer loop
      vertex 26.1 -6.976904507415268e-21 17.5
      vertex 26.5 -7.583591855886158e-21 25
      vertex 26.092295562675517 -6.965219045785638e-21 17.656827424527297
    endloop
  endfacet
  facet normal -1.5167183711772555e-21 -1 1.3650687404112744e-36
    outer loop
      vertex 26.092295562675517 -6.965219045785638e-21 17.656827424527297
      vertex 26.5 -7.583591855886158e-21 25
      vertex 26.06925644864517 -6.930275198280163e-21 17.812144515225807
    endloop
  endfacet
  facet normal -1.5167183711772285e-21 -1 -2.767192482191082e-37
    outer loop
      vertex 26.031104537171533 -6.872409493252571e-21 17.96445548360714
      vertex 26.06925644864517 -6.930275198280163e-21 17.812144515225807
      vertex 26.5 -7.583591855886158e-21 25
    endloop
  endfacet
  facet normal 0 1 0
    outer loop
      vertex 26.1 1.5 17.5
      vertex 26.092295562675517 1.5 17.656827424527297
      vertex 26 1.5 24.933957873650318
    endloop
  endfacet
  facet normal 0 1 0
    outer loop
      vertex 26.092295562675517 1.5 17.656827424527297
      vertex 26.06925644864517 1.5 17.812144515225807
      vertex 26 1.5 24.933957873650318
    endloop
  endfacet
  facet normal 0 1 0
    outer loop
      vertex 26.031104537171533 1.5 17.96445548360714
      vertex 26 1.5 24.933957873650318
      vertex 26.06925644864517 1.5 17.812144515225807
    endloop
  endfacet
  facet normal -5.15709735800924e-22 -1 -4.160387932744609e-22
    outer loop
      vertex 23.484970745338167 -3.422984703902913e-21 18.73681672538038
      vertex 23.611087627168637 -3.526938452417593e-21 18.83035137968407
      vertex 26.5 -7.583591855886158e-21 25
    endloop
  endfacet
  facet normal -7.44812878883864e-22 -1 -3.0876219691734653e-22
    outer loop
      vertex 23.611087627168637 -3.526938452417593e-21 18.83035137968407
      vertex 23.745765221078404 -3.6521721595367175e-21 18.91107402295737
      vertex 26.5 -7.583591855886158e-21 25
    endloop
  endfacet
  facet normal -7.448128788838496e-22 -1 -3.08762196917353e-22
    outer loop
      vertex 23.745765221078404 -3.6521721595367175e-21 18.91107402295737
      vertex 23.887706508215857 -3.778620061532977e-21 18.97820725201806
      vertex 26.5 -7.583591855886158e-21 25
    endloop
  endfacet
  facet normal -7.448128788838542e-22 -1 -3.0876219691735105e-22
    outer loop
      vertex 23.887706508215857 -3.778620061532977e-21 18.97820725201806
      vertex 24.03554451639286 -3.905064395986697e-21 19.031104537171533
      vertex 26.5 -7.583591855886158e-21 25
    endloop
  endfacet
  facet normal -1.0848304721027519e-21 -1 -1.6837471193798878e-22
    outer loop
      vertex 24.03554451639286 -3.905064395986697e-21 19.031104537171533
      vertex 24.187855484774193 -4.076719792826502e-21 19.06925644864517
      vertex 26.5 -7.583591855886158e-21 25
    endloop
  endfacet
  facet normal -1.5167183711772335e-21 -1 7.584917443739653e-37
    outer loop
      vertex 24.187855484774193 -4.076719792826502e-21 19.06925644864517
      vertex 24.343172575472703 -4.312292077646733e-21 19.092295562675517
      vertex 26.5 -7.583591855886158e-21 25
    endloop
  endfacet
  facet normal -1.5167183711772262e-21 -1 -1.9637373024472396e-36
    outer loop
      vertex 24.343172575472703 -4.312292077646733e-21 19.092295562675517
      vertex 24.5 -4.550155113531694e-21 19.1
      vertex 26.5 -7.583591855886158e-21 25
    endloop
  endfacet
  facet normal -1.5167183711772358e-21 -1 1.2995920462259632e-36
    outer loop
      vertex 24.5 -4.550155113531694e-21 19.1
      vertex 24.656827424527297 -4.788018149416656e-21 19.092295562675517
      vertex 26.5 -7.583591855886158e-21 25
    endloop
  endfacet
  facet normal -1.5167183711772285e-21 -1 -8.81590890909091e-37
    outer loop
      vertex 24.656827424527297 -4.788018149416656e-21 19.092295562675517
      vertex 24.812144515225807 -5.0235904342368866e-21 19.06925644864517
      vertex 26.5 -7.583591855886158e-21 25
    endloop
  endfacet
  facet normal -1.5167183711772253e-21 -1 -4.792700282658358e-37
    outer loop
      vertex 26.031104537171533 -6.872409493252571e-21 17.96445548360714
      vertex 26.5 -7.583591855886158e-21 25
      vertex 25.97820725201806 -6.792179209074897e-21 18.112293491784143
    endloop
  endfacet
  facet normal -1.5167183711772318e-21 -1 2.1912144874113694e-38
    outer loop
      vertex 25.97820725201806 -6.792179209074897e-21 18.112293491784143
      vertex 26.5 -7.583591855886158e-21 25
      vertex 25.91107402295737 -6.690357007242098e-21 18.254234778921596
    endloop
  endfacet
  facet normal -1.516718371177233e-21 -1 2.0070482329259497e-37
    outer loop
      vertex 25.73681672538038 -6.4260577626953804e-21 18.515029254661833
      vertex 25.83035137968407 -6.567923491219502e-21 18.388912372831363
      vertex 26.5 -7.583591855886158e-21 25
    endloop
  endfacet
  facet normal -1.516718371177229e-21 -1 -2.072680030933293e-37
    outer loop
      vertex 25.91107402295737 -6.690357007242098e-21 18.254234778921596
      vertex 26.5 -7.583591855886158e-21 25
      vertex 25.83035137968407 -6.567923491219502e-21 18.388912372831363
    endloop
  endfacet
  facet normal -1.5167183711772294e-21 -1 -3.7316348362035536e-37
    outer loop
      vertex 25.515029254661833 -6.0896686313596295e-21 18.73681672538038
      vertex 26.5 -7.583591855886158e-21 25
      vertex 25.388912372831363 -5.8983848397717685e-21 18.83035137968407
    endloop
  endfacet
  facet normal -1.5167183711772322e-21 -1 1.4576577740977852e-37
    outer loop
      vertex 24.812144515225807 -5.0235904342368866e-21 19.06925644864517
      vertex 24.96445548360714 -5.254603278112648e-21 19.031104537171533
      vertex 26.5 -7.583591855886158e-21 25
    endloop
  endfacet
  facet normal -1.5167183711772365e-21 -1 1.2198280847760393e-36
    outer loop
      vertex 24.96445548360714 -5.254603278112648e-21 19.031104537171533
      vertex 25.112293491784143 -5.478831901072961e-21 18.97820725201806
      vertex 26.5 -7.583591855886158e-21 25
    endloop
  endfacet
  facet normal -1.5167183711772294e-21 -1 -3.968322675085611e-37
    outer loop
      vertex 25.254234778921596 -5.694116858902877e-21 18.91107402295737
      vertex 26.5 -7.583591855886158e-21 25
      vertex 25.112293491784143 -5.478831901072961e-21 18.97820725201806
    endloop
  endfacet
  facet normal -1.5167183711772322e-21 -1 2.0429981463389276e-37
    outer loop
      vertex 25.254234778921596 -5.694116858902877e-21 18.91107402295737
      vertex 25.388912372831363 -5.8983848397717685e-21 18.83035137968407
      vertex 26.5 -7.583591855886158e-21 25
    endloop
  endfacet
  facet normal -1.5167183711772335e-21 -1 2.5415183216243635e-37
    outer loop
      vertex 25.515029254661833 -6.0896686313596295e-21 18.73681672538038
      vertex 25.631370849898477 -6.2661260661871135e-21 18.631370849898477
      vertex 26.5 -7.583591855886158e-21 25
    endloop
  endfacet
  facet normal -1.51671837117723e-21 -1 -1.8257663147114458e-37
    outer loop
      vertex 25.73681672538038 -6.4260577626953804e-21 18.515029254661833
      vertex 26.5 -7.583591855886158e-21 25
      vertex 25.631370849898477 -6.2661260661871135e-21 18.631370849898477
    endloop
  endfacet
  facet normal 0 1 0
    outer loop
      vertex 23.887706508215857 1.5 18.97820725201806
      vertex 26 1.5 24.933957873650318
      vertex 24.03554451639286 1.5 19.031104537171533
    endloop
  endfacet
  facet normal 0 1 0
    outer loop
      vertex 24.03554451639286 1.5 19.031104537171533
      vertex 26 1.5 24.933957873650318
      vertex 24.187855484774193 1.5 19.06925644864517
    endloop
  endfacet
  facet normal 0 1 0
    outer loop
      vertex 24.187855484774193 1.5 19.06925644864517
      vertex 26 1.5 24.933957873650318
      vertex 24.343172575472703 1.5 19.092295562675517
    endloop
  endfacet
  facet normal 0 1 0
    outer loop
      vertex 24.343172575472703 1.5 19.092295562675517
      vertex 26 1.5 24.933957873650318
      vertex 24.5 1.5 19.1
    endloop
  endfacet
  facet normal 0 1 0
    outer loop
      vertex 24.5 1.5 19.1
      vertex 26 1.5 24.933957873650318
      vertex 24.656827424527297 1.5 19.092295562675517
    endloop
  endfacet
  facet normal 0 1 0
    outer loop
      vertex 24.96445548360714 1.5 19.031104537171533
      vertex 26 1.5 24.933957873650318
      vertex 25.112293491784143 1.5 18.97820725201806
    endloop
  endfacet
  facet normal 0 1 0
    outer loop
      vertex 24.656827424527297 1.5 19.092295562675517
      vertex 26 1.5 24.933957873650318
      vertex 24.812144515225807 1.5 19.06925644864517
    endloop
  endfacet
  facet normal 0 1 0
    outer loop
      vertex 24.812144515225807 1.5 19.06925644864517
      vertex 26 1.5 24.933957873650318
      vertex 24.96445548360714 1.5 19.031104537171533
    endloop
  endfacet
  facet normal 0 1 0
    outer loop
      vertex 25.73681672538038 1.5 18.515029254661833
      vertex 25.631370849898477 1.5 18.631370849898477
      vertex 26 1.5 24.933957873650318
    endloop
  endfacet
  facet normal 0 1 0
    outer loop
      vertex 26.031104537171533 1.5 17.96445548360714
      vertex 26 1.5 18.051386841376548
      vertex 26 1.5 24.933957873650318
    endloop
  endfacet
  facet normal 0 1 0
    outer loop
      vertex 26 1.5 18.051386841376548
      vertex 25.97820725201806 1.5 18.112293491784143
      vertex 26 1.5 24.933957873650318
    endloop
  endfacet
  facet normal 0 1 0
    outer loop
      vertex 25.97820725201806 1.5 18.112293491784143
      vertex 25.91107402295737 1.5 18.254234778921596
      vertex 26 1.5 24.933957873650318
    endloop
  endfacet
  facet normal 0 1 0
    outer loop
      vertex 25.91107402295737 1.5 18.254234778921596
      vertex 25.83035137968407 1.5 18.388912372831363
      vertex 26 1.5 24.933957873650318
    endloop
  endfacet
  facet normal 0 1 0
    outer loop
      vertex 25.73681672538038 1.5 18.515029254661833
      vertex 26 1.5 24.933957873650318
      vertex 25.83035137968407 1.5 18.388912372831363
    endloop
  endfacet
  facet normal 0 1 0
    outer loop
      vertex 25.254234778921596 1.5 18.91107402295737
      vertex 26 1.5 24.933957873650318
      vertex 25.388912372831363 1.5 18.83035137968407
    endloop
  endfacet
  facet normal 0 1 0
    outer loop
      vertex 25.515029254661833 1.5 18.73681672538038
      vertex 26 1.5 24.933957873650318
      vertex 25.631370849898477 1.5 18.631370849898477
    endloop
  endfacet
  facet normal 0 1 0
    outer loop
      vertex 25.515029254661833 1.5 18.73681672538038
      vertex 25.388912372831363 1.5 18.83035137968407
      vertex 26 1.5 24.933957873650318
    endloop
  endfacet
  facet normal 0 1 0
    outer loop
      vertex 25.254234778921596 1.5 18.91107402295737
      vertex 25.112293491784143 1.5 18.97820725201806
      vertex 26 1.5 24.933957873650318
    endloop
  endfacet
  facet normal 0 1 0
    outer loop
      vertex 20.2 1.5 23
      vertex 26 1.5 24.933957873650318
      vertex 23.887706508215857 1.5 18.97820725201806
    endloop
  endfacet
  facet normal 0 0 1
    outer loop
      vertex 26.5 -7.583591855886158e-21 25
      vertex 27.560659408569336 0.439339816570282 25
      vertex 26.5 1.5 25
    endloop
  endfacet
  facet normal -1 0 0
    outer loop
      vertex 26.5 1.5 0
      vertex 26.5 1.5 25
      vertex 26.5 14.939820289611816 13.560956001281738
    endloop
  endfacet
  facet normal 1 0 0
    outer loop
      vertex 28 14.939820289611816 11.439043998718262
      vertex 28 14.5 12.5
      vertex 28 1.5 25
    endloop
  endfacet
  facet normal 1 0 0
    outer loop
      vertex 28 14.5 12.5
      vertex 28 14.939820289611816 13.560956001281738
      vertex 28 1.5 25
    endloop
  endfacet
  facet normal -1 0 0
    outer loop
      vertex 26.5 14.939820289611816 13.560956001281738
      vertex 26.5 1.5 25
      vertex 26.5 16 13.999767303466797
    endloop
  endfacet
  facet normal 1 0 0
    outer loop
      vertex 28 14.939820289611816 13.560956001281738
      vertex 28 16 13.999767303466797
      vertex 28 1.5 25
    endloop
  endfacet
  facet normal 1 0 0
    outer loop
      vertex 28 1.5 25
      vertex 28 16 13.999767303466797
      vertex 28 17.0601806640625 13.560956001281738
    endloop
  endfacet
  facet normal 0 0.9237693116329774 -0.38294942079226985
    outer loop
      vertex 26.5 14.5 12.5
      vertex 26.5 14.939820289611816 13.560956001281738
      vertex 28 14.5 12.5
    endloop
  endfacet
  facet normal 0 0.9237693116329774 -0.38294942079226985
    outer loop
      vertex 28 14.5 12.5
      vertex 26.5 14.939820289611816 13.560956001281738
      vertex 28 14.939820289611816 13.560956001281738
    endloop
  endfacet
  facet normal 0 0.3824382947820019 -0.923981033725387
    outer loop
      vertex 26.5 14.939820289611816 13.560956001281738
      vertex 26.5 16 13.999767303466797
      vertex 28 14.939820289611816 13.560956001281738
    endloop
  endfacet
  facet normal 0 0.3824382947820019 -0.923981033725387
    outer loop
      vertex 28 14.939820289611816 13.560956001281738
      vertex 26.5 16 13.999767303466797
      vertex 28 16 13.999767303466797
    endloop
  endfacet
  facet normal 0 -0.923769605378278 -0.38294871220472915
    outer loop
      vertex 26.5 17.5 12.5
      vertex 28 17.0601806640625 13.560956001281738
      vertex 26.5 17.0601806640625 13.560956001281738
    endloop
  endfacet
  facet normal 0 -0.923769605378278 -0.38294871220472915
    outer loop
      vertex 26.5 17.5 12.5
      vertex 28 17.5 12.5
      vertex 28 17.0601806640625 13.560956001281738
    endloop
  endfacet
  facet normal 0 -0.3824380010794096 -0.9239811552896441
    outer loop
      vertex 26.5 16 13.999767303466797
      vertex 26.5 17.0601806640625 13.560956001281738
      vertex 28 16 13.999767303466797
    endloop
  endfacet
  facet normal 0 -0.3824380010794096 -0.9239811552896441
    outer loop
      vertex 26.5 17.0601806640625 13.560956001281738
      vertex 28 17.0601806640625 13.560956001281738
      vertex 28 16 13.999767303466797
    endloop
  endfacet
  facet normal 1 0 0
    outer loop
      vertex 28 17.5 12.5
      vertex 28 31.5 12.5
      vertex 28 17.0601806640625 13.560956001281738
    endloop
  endfacet
  facet normal 1 0 0
    outer loop
      vertex 28 1.5 25
      vertex 28 17.0601806640625 13.560956001281738
      vertex 28 31.5 12.5
    endloop
  endfacet
  facet normal 1 0 0
    outer loop
      vertex 28 1.5 25
      vertex 28 31.5 12.5
      vertex 28 31.9398193359375 13.560956001281738
    endloop
  endfacet
  facet normal 1 0 0
    outer loop
      vertex 28 1.5 25
      vertex 28 31.9398193359375 13.560956001281738
      vertex 28 33 13.999767303466797
    endloop
  endfacet
  facet normal -1 0 0
    outer loop
      vertex 26.5 1.5 25
      vertex 26.5 51.5 25
      vertex 26.5 16 13.999767303466797
    endloop
  endfacet
  facet normal 0 0 1
    outer loop
      vertex 26.5 1.5 25
      vertex 27.560659408569336 0.439339816570282 25
      vertex 26.5 51.5 25
    endloop
  endfacet
  facet normal 0 0 1
    outer loop
      vertex 27.560659408569336 0.439339816570282 25
      vertex 28 1.5 25
      vertex 26.5 51.5 25
    endloop
  endfacet
  facet normal -1 0 0
    outer loop
      vertex 26.5 1.5 0
      vertex 26.5 49.14833068847656 9.264436721801758
      vertex 26.5 50.0002326965332 5
    endloop
  endfacet
  facet normal 0 0 -1
    outer loop
      vertex 26.5 1.5 0
      vertex 26.5 51.5 0
      vertex 28 51.5 0
    endloop
  endfacet
  facet normal -1 0 0
    outer loop
      vertex 26.5 1.5 0
      vertex 26.5 51.5 3.5
      vertex 26.5 51.5 0
    endloop
  endfacet
  facet normal -1 0 0
    outer loop
      vertex 26.5 1.5 0
      vertex 26.5 50.43904495239258 3.9398200511932373
      vertex 26.5 51.5 3.5
    endloop
  endfacet
  facet normal -1 0 0
    outer loop
      vertex 26.5 1.5 0
      vertex 26.5 50.0002326965332 5
      vertex 26.5 50.43904495239258 3.9398200511932373
    endloop
  endfacet
  facet normal 1 0 0
    outer loop
      vertex 28 16 11.000232696533203
      vertex 28 51.5 0
      vertex 28 17.0601806640625 11.439043998718262
    endloop
  endfacet
  facet normal -1 0 0
    outer loop
      vertex 26.5 1.5 0
      vertex 26.5 33 11.000232696533203
      vertex 26.5 42.5 12.5
    endloop
  endfacet
  facet normal 1 0 0
    outer loop
      vertex 28 17.0601806640625 11.439043998718262
      vertex 28 51.5 0
      vertex 28 17.5 12.5
    endloop
  endfacet
  facet normal -1 0 0
    outer loop
      vertex 26.5 1.5 0
      vertex 26.5 42.9398193359375 11.439043998718262
      vertex 26.5 44 11.000232696533203
    endloop
  endfacet
  facet normal -1 0 0
    outer loop
      vertex 26.5 1.5 0
      vertex 26.5 44 11.000232696533203
      vertex 26.5 47.69586944580078 11.264345169067383
    endloop
  endfacet
  facet normal -1 0 0
    outer loop
      vertex 26.5 1.5 0
      vertex 26.5 48.264434814453125 10.148329734802246
      vertex 26.5 49.14833068847656 9.264436721801758
    endloop
  endfacet
  facet normal -1 0 0
    outer loop
      vertex 26.5 1.5 0
      vertex 26.5 47.69586944580078 11.264345169067383
      vertex 26.5 48.264434814453125 10.148329734802246
    endloop
  endfacet
  facet normal -1 0 0
    outer loop
      vertex 26.5 1.5 0
      vertex 26.5 42.5 12.5
      vertex 26.5 42.9398193359375 11.439043998718262
    endloop
  endfacet
  facet normal 1 0 0
    outer loop
      vertex 28 31.9398193359375 11.439043998718262
      vertex 28 17.5 12.5
      vertex 28 51.5 0
    endloop
  endfacet
  facet normal 1 0 0
    outer loop
      vertex 28 31.9398193359375 11.439043998718262
      vertex 28 31.5 12.5
      vertex 28 17.5 12.5
    endloop
  endfacet
  facet normal 0 0.3824380010794096 0.9239811552896441
    outer loop
      vertex 26.5 31.9398193359375 11.439043998718262
      vertex 28 33 11.000232696533203
      vertex 26.5 33 11.000232696533203
    endloop
  endfacet
  facet normal 0 -0.3824380010794096 0.9239811552896441
    outer loop
      vertex 26.5 33 11.000232696533203
      vertex 28 34.0601806640625 11.439043998718262
      vertex 26.5 34.0601806640625 11.439043998718262
    endloop
  endfacet
  facet normal 0 0.3824380010794096 0.9239811552896441
    outer loop
      vertex 26.5 31.9398193359375 11.439043998718262
      vertex 28 31.9398193359375 11.439043998718262
      vertex 28 33 11.000232696533203
    endloop
  endfacet
  facet normal 0 -0.3824380010794096 0.9239811552896441
    outer loop
      vertex 26.5 33 11.000232696533203
      vertex 28 33 11.000232696533203
      vertex 28 34.0601806640625 11.439043998718262
    endloop
  endfacet
  facet normal 0 0.923769605378278 0.38294871220472915
    outer loop
      vertex 26.5 31.9398193359375 11.439043998718262
      vertex 26.5 31.5 12.5
      vertex 28 31.9398193359375 11.439043998718262
    endloop
  endfacet
  facet normal 0 0.923769605378278 0.38294871220472915
    outer loop
      vertex 28 31.9398193359375 11.439043998718262
      vertex 26.5 31.5 12.5
      vertex 28 31.5 12.5
    endloop
  endfacet
  facet normal 1 0 0
    outer loop
      vertex 28 31.9398193359375 11.439043998718262
      vertex 28 51.5 0
      vertex 28 33 11.000232696533203
    endloop
  endfacet
  facet normal 1 0 0
    outer loop
      vertex 28 33 11.000232696533203
      vertex 28 51.5 0
      vertex 28 34.0601806640625 11.439043998718262
    endloop
  endfacet
  facet normal 1 0 0
    outer loop
      vertex 28 34.0601806640625 11.439043998718262
      vertex 28 51.5 0
      vertex 28 34.5 12.5
    endloop
  endfacet
  facet normal 1 0 0
    outer loop
      vertex 28 42.9398193359375 11.439043998718262
      vertex 28 34.5 12.5
      vertex 28 51.5 0
    endloop
  endfacet
  facet normal 0 -0.923769605378278 0.38294871220472915
    outer loop
      vertex 26.5 34.0601806640625 11.439043998718262
      vertex 28 34.5 12.5
      vertex 26.5 34.5 12.5
    endloop
  endfacet
  facet normal 0 -0.923769605378278 0.38294871220472915
    outer loop
      vertex 26.5 34.0601806640625 11.439043998718262
      vertex 28 34.0601806640625 11.439043998718262
      vertex 28 34.5 12.5
    endloop
  endfacet
  facet normal -1 0 0
    outer loop
      vertex 26.5 33 11.000232696533203
      vertex 26.5 34.0601806640625 11.439043998718262
      vertex 26.5 42.5 12.5
    endloop
  endfacet
  facet normal -1 0 0
    outer loop
      vertex 26.5 34.0601806640625 11.439043998718262
      vertex 26.5 34.5 12.5
      vertex 26.5 42.5 12.5
    endloop
  endfacet
  facet normal 1 0 0
    outer loop
      vertex 28 42.9398193359375 11.439043998718262
      vertex 28 42.5 12.5
      vertex 28 34.5 12.5
    endloop
  endfacet
  facet normal 0 0.3824380010794096 0.9239811552896441
    outer loop
      vertex 26.5 42.9398193359375 11.439043998718262
      vertex 28 44 11.000232696533203
      vertex 26.5 44 11.000232696533203
    endloop
  endfacet
  facet normal 0 0.3824380010794096 0.9239811552896441
    outer loop
      vertex 26.5 42.9398193359375 11.439043998718262
      vertex 28 42.9398193359375 11.439043998718262
      vertex 28 44 11.000232696533203
    endloop
  endfacet
  facet normal 0 0.923769605378278 0.38294871220472915
    outer loop
      vertex 26.5 42.9398193359375 11.439043998718262
      vertex 26.5 42.5 12.5
      vertex 28 42.9398193359375 11.439043998718262
    endloop
  endfacet
  facet normal 0 0.923769605378278 0.38294871220472915
    outer loop
      vertex 28 42.9398193359375 11.439043998718262
      vertex 26.5 42.5 12.5
      vertex 28 42.5 12.5
    endloop
  endfacet
  facet normal 0 0.19510647158889363 -0.9807820679152592
    outer loop
      vertex 26.5 51.5 0
      vertex 26.5 56.282958984375 0.9514715671539307
      vertex 28 51.5 0
    endloop
  endfacet
  facet normal 1 0 0
    outer loop
      vertex 28 51.5 0
      vertex 28 56.282958984375 0.9514715671539307
      vertex 28 51.5 3.5
    endloop
  endfacet
  facet normal 1 0 0
    outer loop
      vertex 28 51.5 0
      vertex 28 51.5 3.5
      vertex 28 50.43904495239258 3.9398200511932373
    endloop
  endfacet
  facet normal 1 0 0
    outer loop
      vertex 28 51.5 0
      vertex 28 50.43904495239258 3.9398200511932373
      vertex 28 50.0002326965332 5
    endloop
  endfacet
  facet normal -1 0 0
    outer loop
      vertex 26.5 51.5 0
      vertex 26.5 51.5 3.5
      vertex 26.5 52.56095504760742 3.9398200511932373
    endloop
  endfacet
  facet normal -1 0 0
    outer loop
      vertex 26.5 51.5 0
      vertex 26.5 52.56095504760742 3.9398200511932373
      vertex 26.5 52.9997673034668 5
    endloop
  endfacet
  facet normal 1 0 0
    outer loop
      vertex 28 51.5 3.5
      vertex 28 56.282958984375 0.9514715671539307
      vertex 28 52.56095504760742 3.9398200511932373
    endloop
  endfacet
  facet normal 0 0.3829495373910438 0.9237692632968395
    outer loop
      vertex 26.5 51.5 3.5
      vertex 26.5 50.43904495239258 3.9398200511932373
      vertex 28 51.5 3.5
    endloop
  endfacet
  facet normal 0 0.3829495373910438 0.9237692632968395
    outer loop
      vertex 28 51.5 3.5
      vertex 26.5 50.43904495239258 3.9398200511932373
      vertex 28 50.43904495239258 3.9398200511932373
    endloop
  endfacet
  facet normal 0 0.9239807704136029 0.38243893094961545
    outer loop
      vertex 26.5 50.43904495239258 3.9398200511932373
      vertex 26.5 50.0002326965332 5
      vertex 28 50.43904495239258 3.9398200511932373
    endloop
  endfacet
  facet normal 0 0.9239807704136029 0.38243893094961545
    outer loop
      vertex 28 50.43904495239258 3.9398200511932373
      vertex 26.5 50.0002326965332 5
      vertex 28 50.0002326965332 5
    endloop
  endfacet
  facet normal 0 -0.3829495373910438 0.9237692632968395
    outer loop
      vertex 26.5 51.5 3.5
      vertex 28 52.56095504760742 3.9398200511932373
      vertex 26.5 52.56095504760742 3.9398200511932373
    endloop
  endfacet
  facet normal 0 -0.3829495373910438 0.9237692632968395
    outer loop
      vertex 26.5 51.5 3.5
      vertex 28 51.5 3.5
      vertex 28 52.56095504760742 3.9398200511932373
    endloop
  endfacet
  facet normal 1 0 0
    outer loop
      vertex 28 52.56095504760742 3.9398200511932373
      vertex 28 56.282958984375 0.9514715671539307
      vertex 28 52.9997673034668 5
    endloop
  endfacet
  facet normal 0 -0.9239807704136029 0.38243893094961545
    outer loop
      vertex 26.5 52.56095504760742 3.9398200511932373
      vertex 28 52.9997673034668 5
      vertex 26.5 52.9997673034668 5
    endloop
  endfacet
  facet normal 0 -0.9239807704136029 0.38243893094961545
    outer loop
      vertex 26.5 52.56095504760742 3.9398200511932373
      vertex 28 52.56095504760742 3.9398200511932373
      vertex 28 52.9997673034668 5
    endloop
  endfacet
  facet normal 0 0.9239807400224094 -0.3824390043753918
    outer loop
      vertex 26.5 50.0002326965332 5
      vertex 26.5 50.43904495239258 6.060179710388184
      vertex 28 50.0002326965332 5
    endloop
  endfacet
  facet normal 1 0 0
    outer loop
      vertex 28 51.5 0
      vertex 28 50.0002326965332 5
      vertex 28 48.264434814453125 10.148329734802246
    endloop
  endfacet
  facet normal 0 0.3829497145379548 -0.9237691898603779
    outer loop
      vertex 26.5 50.43904495239258 6.060179710388184
      vertex 26.5 51.5 6.5
      vertex 28 50.43904495239258 6.060179710388184
    endloop
  endfacet
  facet normal 0 0.9239807400224094 -0.3824390043753918
    outer loop
      vertex 28 50.0002326965332 5
      vertex 26.5 50.43904495239258 6.060179710388184
      vertex 28 50.43904495239258 6.060179710388184
    endloop
  endfacet
  facet normal -1 0 0
    outer loop
      vertex 26.5 51.5 0
      vertex 26.5 52.9997673034668 5
      vertex 26.5 54.735565185546875 10.148329734802246
    endloop
  endfacet
  facet normal 0 -0.9239807400224094 -0.3824390043753918
    outer loop
      vertex 26.5 52.9997673034668 5
      vertex 28 52.9997673034668 5
      vertex 28 52.56095504760742 6.060179710388184
    endloop
  endfacet
  facet normal 0 -0.9239807400224094 -0.3824390043753918
    outer loop
      vertex 26.5 52.9997673034668 5
      vertex 28 52.56095504760742 6.060179710388184
      vertex 26.5 52.56095504760742 6.060179710388184
    endloop
  endfacet
  facet normal 0 -0.3829497145379548 -0.9237691898603779
    outer loop
      vertex 26.5 52.56095504760742 6.060179710388184
      vertex 28 52.56095504760742 6.060179710388184
      vertex 28 51.5 6.5
    endloop
  endfacet
  facet normal 0 0.19510647158889363 -0.9807820679152592
    outer loop
      vertex 28 51.5 0
      vertex 26.5 56.282958984375 0.9514715671539307
      vertex 28 56.282958984375 0.9514715671539307
    endloop
  endfacet
  facet normal 0 0.5555696101074005 -0.8314700285188343
    outer loop
      vertex 26.5 56.282958984375 0.9514715671539307
      vertex 26.5 60.33937454223633 3.661877393722534
      vertex 28 56.282958984375 0.9514715671539307
    endloop
  endfacet
  facet normal 0 0.5555696101074005 -0.8314700285188343
    outer loop
      vertex 28 56.282958984375 0.9514715671539307
      vertex 26.5 60.33937454223633 3.661877393722534
      vertex 28 60.33937454223633 3.661877393722534
    endloop
  endfacet
  facet normal -1 0 0
    outer loop
      vertex 26.5 51.5 0
      vertex 26.5 55.30413055419922 11.264345169067383
      vertex 26.5 56.282958984375 0.9514715671539307
    endloop
  endfacet
  facet normal 1 0 0
    outer loop
      vertex 28 52.9997673034668 5
      vertex 28 56.282958984375 0.9514715671539307
      vertex 28 53.85166931152344 9.264436721801758
    endloop
  endfacet
  facet normal -1 0 0
    outer loop
      vertex 26.5 56.282958984375 0.9514715671539307
      vertex 26.5 60.0601806640625 11.439043998718262
      vertex 26.5 60.33937454223633 3.661877393722534
    endloop
  endfacet
  facet normal 1 0 0
    outer loop
      vertex 28 56.282958984375 0.9514715671539307
      vertex 28 60.33937454223633 3.661877393722534
      vertex 28 57.5 12.5
    endloop
  endfacet
  facet normal 0 0.8314630998903225 -0.5555799794096035
    outer loop
      vertex 26.5 60.33937454223633 3.661877393722534
      vertex 26.5 63.048160552978516 7.71575927734375
      vertex 28 60.33937454223633 3.661877393722534
    endloop
  endfacet
  facet normal 1 0 0
    outer loop
      vertex 28 42.9398193359375 11.439043998718262
      vertex 28 51.5 0
      vertex 28 44 11.000232696533203
    endloop
  endfacet
  facet normal 1 0 0
    outer loop
      vertex 28 44 11.000232696533203
      vertex 28 51.5 0
      vertex 28 45.0601806640625 11.439043998718262
    endloop
  endfacet
  facet normal 1 0 0
    outer loop
      vertex 28 45.0601806640625 11.439043998718262
      vertex 28 51.5 0
      vertex 28 45.5 12.5
    endloop
  endfacet
  facet normal 1 0 0
    outer loop
      vertex 28 47.69586944580078 11.264345169067383
      vertex 28 45.5 12.5
      vertex 28 51.5 0
    endloop
  endfacet
  facet normal -1 0 0
    outer loop
      vertex 26.5 50.0002326965332 5
      vertex 26.5 50.26434326171875 8.695869445800781
      vertex 26.5 50.43904495239258 6.060179710388184
    endloop
  endfacet
  facet normal -1 0 0
    outer loop
      vertex 26.5 50.43904495239258 6.060179710388184
      vertex 26.5 51.5 8.5
      vertex 26.5 51.5 6.5
    endloop
  endfacet
  facet normal 0 0.3829497145379548 -0.9237691898603779
    outer loop
      vertex 28 50.43904495239258 6.060179710388184
      vertex 26.5 51.5 6.5
      vertex 28 51.5 6.5
    endloop
  endfacet
  facet normal 1 0 0
    outer loop
      vertex 28 50.0002326965332 5
      vertex 28 50.43904495239258 6.060179710388184
      vertex 28 50.26434326171875 8.695869445800781
    endloop
  endfacet
  facet normal -1 0 0
    outer loop
      vertex 26.5 50.0002326965332 5
      vertex 26.5 49.14833068847656 9.264436721801758
      vertex 26.5 50.26434326171875 8.695869445800781
    endloop
  endfacet
  facet normal -1 0 0
    outer loop
      vertex 26.5 50.43904495239258 6.060179710388184
      vertex 26.5 50.26434326171875 8.695869445800781
      vertex 26.5 51.5 8.5
    endloop
  endfacet
  facet normal 1 0 0
    outer loop
      vertex 28 47.69586944580078 11.264345169067383
      vertex 28 51.5 0
      vertex 28 48.264434814453125 10.148329734802246
    endloop
  endfacet
  facet normal 1 0 0
    outer loop
      vertex 28 50.0002326965332 5
      vertex 28 50.26434326171875 8.695869445800781
      vertex 28 49.14833068847656 9.264436721801758
    endloop
  endfacet
  facet normal 1 0 0
    outer loop
      vertex 28 50.43904495239258 6.060179710388184
      vertex 28 51.5 6.5
      vertex 28 50.26434326171875 8.695869445800781
    endloop
  endfacet
  facet normal 0 -0.3829497145379548 -0.9237691898603779
    outer loop
      vertex 26.5 52.56095504760742 6.060179710388184
      vertex 28 51.5 6.5
      vertex 26.5 51.5 6.5
    endloop
  endfacet
  facet normal -1 0 0
    outer loop
      vertex 26.5 52.9997673034668 5
      vertex 26.5 52.56095504760742 6.060179710388184
      vertex 26.5 52.73565673828125 8.695869445800781
    endloop
  endfacet
  facet normal 1 0 0
    outer loop
      vertex 28 52.56095504760742 6.060179710388184
      vertex 28 51.5 8.5
      vertex 28 51.5 6.5
    endloop
  endfacet
  facet normal 1 0 0
    outer loop
      vertex 28 52.9997673034668 5
      vertex 28 52.73565673828125 8.695869445800781
      vertex 28 52.56095504760742 6.060179710388184
    endloop
  endfacet
  facet normal -1 0 0
    outer loop
      vertex 26.5 52.56095504760742 6.060179710388184
      vertex 26.5 51.5 6.5
      vertex 26.5 52.73565673828125 8.695869445800781
    endloop
  endfacet
  facet normal -1 0 0
    outer loop
      vertex 26.5 51.5 0
      vertex 26.5 54.735565185546875 10.148329734802246
      vertex 26.5 55.30413055419922 11.264345169067383
    endloop
  endfacet
  facet normal -1 0 0
    outer loop
      vertex 26.5 52.9997673034668 5
      vertex 26.5 52.73565673828125 8.695869445800781
      vertex 26.5 53.85166931152344 9.264436721801758
    endloop
  endfacet
  facet normal 1 0 0
    outer loop
      vertex 28 52.56095504760742 6.060179710388184
      vertex 28 52.73565673828125 8.695869445800781
      vertex 28 51.5 8.5
    endloop
  endfacet
  facet normal 1 0 0
    outer loop
      vertex 28 52.9997673034668 5
      vertex 28 53.85166931152344 9.264436721801758
      vertex 28 52.73565673828125 8.695869445800781
    endloop
  endfacet
  facet normal 0 0.15655972599709364 0.9876684930662286
    outer loop
      vertex 26.5 51.5 8.5
      vertex 26.5 50.26434326171875 8.695869445800781
      vertex 28 51.5 8.5
    endloop
  endfacet
  facet normal 1 0 0
    outer loop
      vertex 28 50.0002326965332 5
      vertex 28 49.14833068847656 9.264436721801758
      vertex 28 48.264434814453125 10.148329734802246
    endloop
  endfacet
  facet normal 1 0 0
    outer loop
      vertex 28 51.5 6.5
      vertex 28 51.5 8.5
      vertex 28 50.26434326171875 8.695869445800781
    endloop
  endfacet
  facet normal 0 0.4539464265136624 0.8910289792456114
    outer loop
      vertex 26.5 49.14833068847656 9.264436721801758
      vertex 28 50.26434326171875 8.695869445800781
      vertex 26.5 50.26434326171875 8.695869445800781
    endloop
  endfacet
  facet normal 0 0.4539464265136624 0.8910289792456114
    outer loop
      vertex 26.5 49.14833068847656 9.264436721801758
      vertex 28 49.14833068847656 9.264436721801758
      vertex 28 50.26434326171875 8.695869445800781
    endloop
  endfacet
  facet normal 0 0.15655972599709364 0.9876684930662286
    outer loop
      vertex 28 51.5 8.5
      vertex 26.5 50.26434326171875 8.695869445800781
      vertex 28 50.26434326171875 8.695869445800781
    endloop
  endfacet
  facet normal -1 0 0
    outer loop
      vertex 26.5 51.5 6.5
      vertex 26.5 51.5 8.5
      vertex 26.5 52.73565673828125 8.695869445800781
    endloop
  endfacet
  facet normal -1 0 0
    outer loop
      vertex 26.5 52.9997673034668 5
      vertex 26.5 53.85166931152344 9.264436721801758
      vertex 26.5 54.735565185546875 10.148329734802246
    endloop
  endfacet
  facet normal 0 -0.15655972599709364 0.9876684930662286
    outer loop
      vertex 26.5 51.5 8.5
      vertex 28 51.5 8.5
      vertex 28 52.73565673828125 8.695869445800781
    endloop
  endfacet
  facet normal 0 -0.15655972599709364 0.9876684930662286
    outer loop
      vertex 26.5 51.5 8.5
      vertex 28 52.73565673828125 8.695869445800781
      vertex 26.5 52.73565673828125 8.695869445800781
    endloop
  endfacet
  facet normal 0 -0.4539464265136624 0.8910289792456114
    outer loop
      vertex 26.5 52.73565673828125 8.695869445800781
      vertex 28 53.85166931152344 9.264436721801758
      vertex 26.5 53.85166931152344 9.264436721801758
    endloop
  endfacet
  facet normal 0 -0.4539464265136624 0.8910289792456114
    outer loop
      vertex 26.5 52.73565673828125 8.695869445800781
      vertex 28 52.73565673828125 8.695869445800781
      vertex 28 53.85166931152344 9.264436721801758
    endloop
  endfacet
  facet normal 0 0.7071056367906412 0.7071079255806018
    outer loop
      vertex 26.5 49.14833068847656 9.264436721801758
      vertex 26.5 48.264434814453125 10.148329734802246
      vertex 28 49.14833068847656 9.264436721801758
    endloop
  endfacet
  facet normal 0 0.7071056367906412 0.7071079255806018
    outer loop
      vertex 28 49.14833068847656 9.264436721801758
      vertex 26.5 48.264434814453125 10.148329734802246
      vertex 28 48.264434814453125 10.148329734802246
    endloop
  endfacet
  facet normal 0 0.8910300659068301 0.4539442935538127
    outer loop
      vertex 26.5 47.69586944580078 11.264345169067383
      vertex 28 48.264434814453125 10.148329734802246
      vertex 26.5 48.264434814453125 10.148329734802246
    endloop
  endfacet
  facet normal 0 0.8910300659068301 0.4539442935538127
    outer loop
      vertex 26.5 47.69586944580078 11.264345169067383
      vertex 28 47.69586944580078 11.264345169067383
      vertex 28 48.264434814453125 10.148329734802246
    endloop
  endfacet
  facet normal 0 -0.3824380010794096 0.9239811552896441
    outer loop
      vertex 26.5 44 11.000232696533203
      vertex 28 45.0601806640625 11.439043998718262
      vertex 26.5 45.0601806640625 11.439043998718262
    endloop
  endfacet
  facet normal -1 0 0
    outer loop
      vertex 26.5 44 11.000232696533203
      vertex 26.5 45.0601806640625 11.439043998718262
      vertex 26.5 47.69586944580078 11.264345169067383
    endloop
  endfacet
  facet normal 0 -0.3824380010794096 0.9239811552896441
    outer loop
      vertex 26.5 44 11.000232696533203
      vertex 28 44 11.000232696533203
      vertex 28 45.0601806640625 11.439043998718262
    endloop
  endfacet
  facet normal -1 0 0
    outer loop
      vertex 26.5 45.0601806640625 11.439043998718262
      vertex 26.5 45.5 12.5
      vertex 26.5 47.5 12.5
    endloop
  endfacet
  facet normal 0 -0.923769605378278 0.38294871220472915
    outer loop
      vertex 26.5 45.0601806640625 11.439043998718262
      vertex 28 45.5 12.5
      vertex 26.5 45.5 12.5
    endloop
  endfacet
  facet normal 0 -0.923769605378278 0.38294871220472915
    outer loop
      vertex 26.5 45.0601806640625 11.439043998718262
      vertex 28 45.0601806640625 11.439043998718262
      vertex 28 45.5 12.5
    endloop
  endfacet
  facet normal 0 0.9876684556978267 0.15655996173821152
    outer loop
      vertex 26.5 47.69586944580078 11.264345169067383
      vertex 26.5 47.5 12.5
      vertex 28 47.69586944580078 11.264345169067383
    endloop
  endfacet
  facet normal -1 0 0
    outer loop
      vertex 26.5 45.0601806640625 11.439043998718262
      vertex 26.5 47.5 12.5
      vertex 26.5 47.69586944580078 11.264345169067383
    endloop
  endfacet
  facet normal 0 0.9876684556978267 0.15655996173821152
    outer loop
      vertex 28 47.69586944580078 11.264345169067383
      vertex 26.5 47.5 12.5
      vertex 28 47.5 12.5
    endloop
  endfacet
  facet normal 1 0 0
    outer loop
      vertex 28 47.69586944580078 11.264345169067383
      vertex 28 47.5 12.5
      vertex 28 45.5 12.5
    endloop
  endfacet
  facet normal 1 0 0
    outer loop
      vertex 28 56.282958984375 0.9514715671539307
      vertex 28 54.735565185546875 10.148329734802246
      vertex 28 53.85166931152344 9.264436721801758
    endloop
  endfacet
  facet normal 1 0 0
    outer loop
      vertex 28 56.282958984375 0.9514715671539307
      vertex 28 55.30413055419922 11.264345169067383
      vertex 28 54.735565185546875 10.148329734802246
    endloop
  endfacet
  facet normal -1 0 0
    outer loop
      vertex 26.5 56.282958984375 0.9514715671539307
      vertex 26.5 57.9398193359375 11.439043998718262
      vertex 26.5 59 11.000232696533203
    endloop
  endfacet
  facet normal -1 0 0
    outer loop
      vertex 26.5 56.282958984375 0.9514715671539307
      vertex 26.5 59 11.000232696533203
      vertex 26.5 60.0601806640625 11.439043998718262
    endloop
  endfacet
  facet normal -1 0 0
    outer loop
      vertex 26.5 56.282958984375 0.9514715671539307
      vertex 26.5 55.30413055419922 11.264345169067383
      vertex 26.5 55.5 12.5
    endloop
  endfacet
  facet normal 1 0 0
    outer loop
      vertex 28 56.282958984375 0.9514715671539307
      vertex 28 55.5 12.5
      vertex 28 55.30413055419922 11.264345169067383
    endloop
  endfacet
  facet normal -1 0 0
    outer loop
      vertex 26.5 56.282958984375 0.9514715671539307
      vertex 26.5 57.5 12.5
      vertex 26.5 57.9398193359375 11.439043998718262
    endloop
  endfacet
  facet normal 1 0 0
    outer loop
      vertex 28 60.33937454223633 3.661877393722534
      vertex 28 57.9398193359375 11.439043998718262
      vertex 28 57.5 12.5
    endloop
  endfacet
  facet normal 0 0.8314630998903225 -0.5555799794096035
    outer loop
      vertex 28 60.33937454223633 3.661877393722534
      vertex 26.5 63.048160552978516 7.71575927734375
      vertex 28 63.048160552978516 7.71575927734375
    endloop
  endfacet
  facet normal 1 0 0
    outer loop
      vertex 28 60.33937454223633 3.661877393722534
      vertex 28 63.048160552978516 7.71575927734375
      vertex 28 60.5 12.5
    endloop
  endfacet
  facet normal -1 0 0
    outer loop
      vertex 26.5 60.33937454223633 3.661877393722534
      vertex 26.5 60.0601806640625 11.439043998718262
      vertex 26.5 60.5 12.5
    endloop
  endfacet
  facet normal 1 0 0
    outer loop
      vertex 28 60.33937454223633 3.661877393722534
      vertex 28 59 11.000232696533203
      vertex 28 57.9398193359375 11.439043998718262
    endloop
  endfacet
  facet normal 1 0 0
    outer loop
      vertex 28 60.33937454223633 3.661877393722534
      vertex 28 60.0601806640625 11.439043998718262
      vertex 28 59 11.000232696533203
    endloop
  endfacet
  facet normal 1 0 0
    outer loop
      vertex 28 60.33937454223633 3.661877393722534
      vertex 28 60.5 12.5
      vertex 28 60.0601806640625 11.439043998718262
    endloop
  endfacet
  facet normal 0 0.9807861684234775 -0.19508585758376726
    outer loop
      vertex 26.5 63.048160552978516 7.71575927734375
      vertex 26.5 63.99978256225586 12.5
      vertex 28 63.048160552978516 7.71575927734375
    endloop
  endfacet
  facet normal 0 -0.7071056367906412 0.7071079255806018
    outer loop
      vertex 26.5 53.85166931152344 9.264436721801758
      vertex 28 54.735565185546875 10.148329734802246
      vertex 26.5 54.735565185546875 10.148329734802246
    endloop
  endfacet
  facet normal 0 -0.7071056367906412 0.7071079255806018
    outer loop
      vertex 26.5 53.85166931152344 9.264436721801758
      vertex 28 53.85166931152344 9.264436721801758
      vertex 28 54.735565185546875 10.148329734802246
    endloop
  endfacet
  facet normal 0 -0.8910300659068301 0.4539442935538127
    outer loop
      vertex 26.5 54.735565185546875 10.148329734802246
      vertex 28 55.30413055419922 11.264345169067383
      vertex 26.5 55.30413055419922 11.264345169067383
    endloop
  endfacet
  facet normal 0 -0.8910300659068301 0.4539442935538127
    outer loop
      vertex 26.5 54.735565185546875 10.148329734802246
      vertex 28 54.735565185546875 10.148329734802246
      vertex 28 55.30413055419922 11.264345169067383
    endloop
  endfacet
  facet normal 0 -0.9876684556978267 0.15655996173821152
    outer loop
      vertex 26.5 55.30413055419922 11.264345169067383
      vertex 28 55.30413055419922 11.264345169067383
      vertex 28 55.5 12.5
    endloop
  endfacet
  facet normal 0 -0.9876684556978267 0.15655996173821152
    outer loop
      vertex 26.5 55.30413055419922 11.264345169067383
      vertex 28 55.5 12.5
      vertex 26.5 55.5 12.5
    endloop
  endfacet
  facet normal 0 0.3824380010794096 0.9239811552896441
    outer loop
      vertex 26.5 57.9398193359375 11.439043998718262
      vertex 28 59 11.000232696533203
      vertex 26.5 59 11.000232696533203
    endloop
  endfacet
  facet normal 0 0.3824380010794096 0.9239811552896441
    outer loop
      vertex 26.5 57.9398193359375 11.439043998718262
      vertex 28 57.9398193359375 11.439043998718262
      vertex 28 59 11.000232696533203
    endloop
  endfacet
  facet normal 0 0.923769605378278 0.38294871220472915
    outer loop
      vertex 26.5 57.9398193359375 11.439043998718262
      vertex 26.5 57.5 12.5
      vertex 28 57.9398193359375 11.439043998718262
    endloop
  endfacet
  facet normal 0 0.923769605378278 0.38294871220472915
    outer loop
      vertex 28 57.9398193359375 11.439043998718262
      vertex 26.5 57.5 12.5
      vertex 28 57.5 12.5
    endloop
  endfacet
  facet normal -1 0 0
    outer loop
      vertex 26.5 60.33937454223633 3.661877393722534
      vertex 26.5 63.048160552978516 17.28424072265625
      vertex 26.5 63.048160552978516 7.71575927734375
    endloop
  endfacet
  facet normal 0 0.9807861684234775 -0.19508585758376726
    outer loop
      vertex 28 63.048160552978516 7.71575927734375
      vertex 26.5 63.99978256225586 12.5
      vertex 28 63.99978256225586 12.5
    endloop
  endfacet
  facet normal 0 -0.3824380010794096 0.9239811552896441
    outer loop
      vertex 26.5 59 11.000232696533203
      vertex 28 60.0601806640625 11.439043998718262
      vertex 26.5 60.0601806640625 11.439043998718262
    endloop
  endfacet
  facet normal -1 0 0
    outer loop
      vertex 26.5 60.33937454223633 3.661877393722534
      vertex 26.5 60.5 12.5
      vertex 26.5 63.048160552978516 17.28424072265625
    endloop
  endfacet
  facet normal 0 -0.3824380010794096 0.9239811552896441
    outer loop
      vertex 26.5 59 11.000232696533203
      vertex 28 59 11.000232696533203
      vertex 28 60.0601806640625 11.439043998718262
    endloop
  endfacet
  facet normal 0 -0.923769605378278 0.38294871220472915
    outer loop
      vertex 26.5 60.0601806640625 11.439043998718262
      vertex 28 60.5 12.5
      vertex 26.5 60.5 12.5
    endloop
  endfacet
  facet normal 0 -0.923769605378278 0.38294871220472915
    outer loop
      vertex 26.5 60.0601806640625 11.439043998718262
      vertex 28 60.0601806640625 11.439043998718262
      vertex 28 60.5 12.5
    endloop
  endfacet
  facet normal -1 0 0
    outer loop
      vertex 26.5 17.5 12.5
      vertex 26.5 31.9398193359375 13.560956001281738
      vertex 26.5 31.5 12.5
    endloop
  endfacet
  facet normal 0 0.923769605378278 -0.38294871220472915
    outer loop
      vertex 26.5 31.5 12.5
      vertex 26.5 31.9398193359375 13.560956001281738
      vertex 28 31.5 12.5
    endloop
  endfacet
  facet normal 0 0.923769605378278 -0.38294871220472915
    outer loop
      vertex 28 31.5 12.5
      vertex 26.5 31.9398193359375 13.560956001281738
      vertex 28 31.9398193359375 13.560956001281738
    endloop
  endfacet
  facet normal 0 0.3824380010794096 -0.9239811552896441
    outer loop
      vertex 26.5 31.9398193359375 13.560956001281738
      vertex 26.5 33 13.999767303466797
      vertex 28 31.9398193359375 13.560956001281738
    endloop
  endfacet
  facet normal 0 -0.3824380010794096 -0.9239811552896441
    outer loop
      vertex 26.5 33 13.999767303466797
      vertex 26.5 34.0601806640625 13.560956001281738
      vertex 28 33 13.999767303466797
    endloop
  endfacet
  facet normal 0 0.3824380010794096 -0.9239811552896441
    outer loop
      vertex 28 31.9398193359375 13.560956001281738
      vertex 26.5 33 13.999767303466797
      vertex 28 33 13.999767303466797
    endloop
  endfacet
  facet normal 0 -0.3824380010794096 -0.9239811552896441
    outer loop
      vertex 28 33 13.999767303466797
      vertex 26.5 34.0601806640625 13.560956001281738
      vertex 28 34.0601806640625 13.560956001281738
    endloop
  endfacet
  facet normal 1 0 0
    outer loop
      vertex 28 1.5 25
      vertex 28 33 13.999767303466797
      vertex 28 42.5 12.5
    endloop
  endfacet
  facet normal -1 0 0
    outer loop
      vertex 26.5 17.5 12.5
      vertex 26.5 17.0601806640625 13.560956001281738
      vertex 26.5 51.5 25
    endloop
  endfacet
  facet normal -1 0 0
    outer loop
      vertex 26.5 16 13.999767303466797
      vertex 26.5 51.5 25
      vertex 26.5 17.0601806640625 13.560956001281738
    endloop
  endfacet
  facet normal 1 0 0
    outer loop
      vertex 28 1.5 25
      vertex 28 42.5 12.5
      vertex 28 42.9398193359375 13.560956001281738
    endloop
  endfacet
  facet normal -1 0 0
    outer loop
      vertex 26.5 17.5 12.5
      vertex 26.5 51.5 25
      vertex 26.5 31.9398193359375 13.560956001281738
    endloop
  endfacet
  facet normal 1 0 0
    outer loop
      vertex 28 1.5 25
      vertex 28 42.9398193359375 13.560956001281738
      vertex 28 44 13.999767303466797
    endloop
  endfacet
  facet normal 1 0 0
    outer loop
      vertex 28 1.5 25
      vertex 28 44 13.999767303466797
      vertex 28 47.69586944580078 13.735654830932617
    endloop
  endfacet
  facet normal 1 0 0
    outer loop
      vertex 28 1.5 25
      vertex 28 47.69586944580078 13.735654830932617
      vertex 28 48.264434814453125 14.851670265197754
    endloop
  endfacet
  facet normal 1 0 0
    outer loop
      vertex 28 1.5 25
      vertex 28 48.264434814453125 14.851670265197754
      vertex 28 49.14833068847656 15.735563278198242
    endloop
  endfacet
  facet normal 0 -0.923769605378278 -0.38294871220472915
    outer loop
      vertex 26.5 34.5 12.5
      vertex 28 34.0601806640625 13.560956001281738
      vertex 26.5 34.0601806640625 13.560956001281738
    endloop
  endfacet
  facet normal 0 -0.923769605378278 -0.38294871220472915
    outer loop
      vertex 26.5 34.5 12.5
      vertex 28 34.5 12.5
      vertex 28 34.0601806640625 13.560956001281738
    endloop
  endfacet
  facet normal 1 0 0
    outer loop
      vertex 28 34.5 12.5
      vertex 28 42.5 12.5
      vertex 28 34.0601806640625 13.560956001281738
    endloop
  endfacet
  facet normal 1 0 0
    outer loop
      vertex 28 33 13.999767303466797
      vertex 28 34.0601806640625 13.560956001281738
      vertex 28 42.5 12.5
    endloop
  endfacet
  facet normal -1 0 0
    outer loop
      vertex 26.5 34.5 12.5
      vertex 26.5 42.9398193359375 13.560956001281738
      vertex 26.5 42.5 12.5
    endloop
  endfacet
  facet normal 0 0.923769605378278 -0.38294871220472915
    outer loop
      vertex 26.5 42.5 12.5
      vertex 26.5 42.9398193359375 13.560956001281738
      vertex 28 42.5 12.5
    endloop
  endfacet
  facet normal 0 0.923769605378278 -0.38294871220472915
    outer loop
      vertex 28 42.5 12.5
      vertex 26.5 42.9398193359375 13.560956001281738
      vertex 28 42.9398193359375 13.560956001281738
    endloop
  endfacet
  facet normal 0 0.3824380010794096 -0.9239811552896441
    outer loop
      vertex 26.5 42.9398193359375 13.560956001281738
      vertex 26.5 44 13.999767303466797
      vertex 28 42.9398193359375 13.560956001281738
    endloop
  endfacet
  facet normal 0 0.3824380010794096 -0.9239811552896441
    outer loop
      vertex 28 42.9398193359375 13.560956001281738
      vertex 26.5 44 13.999767303466797
      vertex 28 44 13.999767303466797
    endloop
  endfacet
  facet normal -1 0 0
    outer loop
      vertex 26.5 31.9398193359375 13.560956001281738
      vertex 26.5 51.5 25
      vertex 26.5 33 13.999767303466797
    endloop
  endfacet
  facet normal -1 0 0
    outer loop
      vertex 26.5 34.5 12.5
      vertex 26.5 34.0601806640625 13.560956001281738
      vertex 26.5 51.5 25
    endloop
  endfacet
  facet normal -1 0 0
    outer loop
      vertex 26.5 34.5 12.5
      vertex 26.5 51.5 25
      vertex 26.5 42.9398193359375 13.560956001281738
    endloop
  endfacet
  facet normal -1 0 0
    outer loop
      vertex 26.5 33 13.999767303466797
      vertex 26.5 51.5 25
      vertex 26.5 34.0601806640625 13.560956001281738
    endloop
  endfacet
  facet normal 1 0 0
    outer loop
      vertex 28 1.5 25
      vertex 28 49.14833068847656 15.735563278198242
      vertex 28 50.0002326965332 20
    endloop
  endfacet
  facet normal 1 0 0
    outer loop
      vertex 28 1.5 25
      vertex 28 50.0002326965332 20
      vertex 28 50.43904495239258 21.0601806640625
    endloop
  endfacet
  facet normal 1 0 0
    outer loop
      vertex 28 1.5 25
      vertex 28 50.43904495239258 21.0601806640625
      vertex 28 51.5 21.5
    endloop
  endfacet
  facet normal 1 0 0
    outer loop
      vertex 28 1.5 25
      vertex 28 51.5 21.5
      vertex 28 51.5 25
    endloop
  endfacet
  facet normal 0 0 1
    outer loop
      vertex 28 1.5 25
      vertex 28 51.5 25
      vertex 26.5 51.5 25
    endloop
  endfacet
  facet normal 0 -0.923769605378278 -0.38294871220472915
    outer loop
      vertex 26.5 45.5 12.5
      vertex 28 45.0601806640625 13.560956001281738
      vertex 26.5 45.0601806640625 13.560956001281738
    endloop
  endfacet
  facet normal 0 -0.923769605378278 -0.38294871220472915
    outer loop
      vertex 26.5 45.5 12.5
      vertex 28 45.5 12.5
      vertex 28 45.0601806640625 13.560956001281738
    endloop
  endfacet
  facet normal 1 0 0
    outer loop
      vertex 28 45.5 12.5
      vertex 28 47.5 12.5
      vertex 28 45.0601806640625 13.560956001281738
    endloop
  endfacet
  facet normal 0 -0.3824380010794096 -0.9239811552896441
    outer loop
      vertex 26.5 44 13.999767303466797
      vertex 26.5 45.0601806640625 13.560956001281738
      vertex 28 44 13.999767303466797
    endloop
  endfacet
  facet normal 0 -0.3824380010794096 -0.9239811552896441
    outer loop
      vertex 26.5 45.0601806640625 13.560956001281738
      vertex 28 45.0601806640625 13.560956001281738
      vertex 28 44 13.999767303466797
    endloop
  endfacet
  facet normal 1 0 0
    outer loop
      vertex 28 44 13.999767303466797
      vertex 28 45.0601806640625 13.560956001281738
      vertex 28 47.69586944580078 13.735654830932617
    endloop
  endfacet
  facet normal -1 0 0
    outer loop
      vertex 26.5 45.5 12.5
      vertex 26.5 47.69586944580078 13.735654830932617
      vertex 26.5 47.5 12.5
    endloop
  endfacet
  facet normal 0 0.9876684556978267 -0.15655996173821152
    outer loop
      vertex 26.5 47.5 12.5
      vertex 26.5 47.69586944580078 13.735654830932617
      vertex 28 47.5 12.5
    endloop
  endfacet
  facet normal 1 0 0
    outer loop
      vertex 28 45.0601806640625 13.560956001281738
      vertex 28 47.5 12.5
      vertex 28 47.69586944580078 13.735654830932617
    endloop
  endfacet
  facet normal 0 0.9876684556978267 -0.15655996173821152
    outer loop
      vertex 28 47.5 12.5
      vertex 26.5 47.69586944580078 13.735654830932617
      vertex 28 47.69586944580078 13.735654830932617
    endloop
  endfacet
  facet normal 0 0.8910300659068301 -0.4539442935538127
    outer loop
      vertex 26.5 47.69586944580078 13.735654830932617
      vertex 26.5 48.264434814453125 14.851670265197754
      vertex 28 47.69586944580078 13.735654830932617
    endloop
  endfacet
  facet normal 0 0.8910300659068301 -0.4539442935538127
    outer loop
      vertex 28 47.69586944580078 13.735654830932617
      vertex 26.5 48.264434814453125 14.851670265197754
      vertex 28 48.264434814453125 14.851670265197754
    endloop
  endfacet
  facet normal 0 0.7071056367906412 -0.7071079255806018
    outer loop
      vertex 26.5 48.264434814453125 14.851670265197754
      vertex 26.5 49.14833068847656 15.735563278198242
      vertex 28 48.264434814453125 14.851670265197754
    endloop
  endfacet
  facet normal 0 0.7071056367906412 -0.7071079255806018
    outer loop
      vertex 28 48.264434814453125 14.851670265197754
      vertex 26.5 49.14833068847656 15.735563278198242
      vertex 28 49.14833068847656 15.735563278198242
    endloop
  endfacet
  facet normal -1 0 0
    outer loop
      vertex 26.5 45.5 12.5
      vertex 26.5 45.0601806640625 13.560956001281738
      vertex 26.5 51.5 25
    endloop
  endfacet
  facet normal -1 0 0
    outer loop
      vertex 26.5 45.5 12.5
      vertex 26.5 51.5 25
      vertex 26.5 47.69586944580078 13.735654830932617
    endloop
  endfacet
  facet normal -1 0 0
    outer loop
      vertex 26.5 42.9398193359375 13.560956001281738
      vertex 26.5 51.5 25
      vertex 26.5 44 13.999767303466797
    endloop
  endfacet
  facet normal -1 0 0
    outer loop
      vertex 26.5 44 13.999767303466797
      vertex 26.5 51.5 25
      vertex 26.5 45.0601806640625 13.560956001281738
    endloop
  endfacet
  facet normal 0 0.4539464265136624 -0.8910289792456114
    outer loop
      vertex 26.5 49.14833068847656 15.735563278198242
      vertex 26.5 50.26434326171875 16.30413055419922
      vertex 28 49.14833068847656 15.735563278198242
    endloop
  endfacet
  facet normal 0 0.15655972599709364 -0.9876684930662286
    outer loop
      vertex 26.5 50.26434326171875 16.30413055419922
      vertex 26.5 51.5 16.5
      vertex 28 50.26434326171875 16.30413055419922
    endloop
  endfacet
  facet normal 0 0.4539464265136624 -0.8910289792456114
    outer loop
      vertex 28 49.14833068847656 15.735563278198242
      vertex 26.5 50.26434326171875 16.30413055419922
      vertex 28 50.26434326171875 16.30413055419922
    endloop
  endfacet
  facet normal -1 0 0
    outer loop
      vertex 26.5 48.264434814453125 14.851670265197754
      vertex 26.5 50.0002326965332 20
      vertex 26.5 49.14833068847656 15.735563278198242
    endloop
  endfacet
  facet normal -1 0 0
    outer loop
      vertex 26.5 50.26434326171875 16.30413055419922
      vertex 26.5 51.5 18.5
      vertex 26.5 51.5 16.5
    endloop
  endfacet
  facet normal 0 0.15655972599709364 -0.9876684930662286
    outer loop
      vertex 28 50.26434326171875 16.30413055419922
      vertex 26.5 51.5 16.5
      vertex 28 51.5 16.5
    endloop
  endfacet
  facet normal 0 -0.4539464265136624 -0.8910289792456114
    outer loop
      vertex 26.5 52.73565673828125 16.30413055419922
      vertex 26.5 53.85166931152344 15.735563278198242
      vertex 28 52.73565673828125 16.30413055419922
    endloop
  endfacet
  facet normal 0 -0.15655972599709364 -0.9876684930662286
    outer loop
      vertex 28 51.5 16.5
      vertex 26.5 52.73565673828125 16.30413055419922
      vertex 28 52.73565673828125 16.30413055419922
    endloop
  endfacet
  facet normal 0 -0.4539464265136624 -0.8910289792456114
    outer loop
      vertex 26.5 53.85166931152344 15.735563278198242
      vertex 28 53.85166931152344 15.735563278198242
      vertex 28 52.73565673828125 16.30413055419922
    endloop
  endfacet
  facet normal 0 -0.15655972599709364 -0.9876684930662286
    outer loop
      vertex 26.5 51.5 16.5
      vertex 26.5 52.73565673828125 16.30413055419922
      vertex 28 51.5 16.5
    endloop
  endfacet
  facet normal 1 0 0
    outer loop
      vertex 28 51.5 16.5
      vertex 28 52.73565673828125 16.30413055419922
      vertex 28 51.5 18.5
    endloop
  endfacet
  facet normal 1 0 0
    outer loop
      vertex 28 54.735565185546875 14.851670265197754
      vertex 28 52.9997673034668 20
      vertex 28 53.85166931152344 15.735563278198242
    endloop
  endfacet
  facet normal -1 0 0
    outer loop
      vertex 26.5 49.14833068847656 15.735563278198242
      vertex 26.5 50.0002326965332 20
      vertex 26.5 50.26434326171875 16.30413055419922
    endloop
  endfacet
  facet normal -1 0 0
    outer loop
      vertex 26.5 47.69586944580078 13.735654830932617
      vertex 26.5 51.5 25
      vertex 26.5 48.264434814453125 14.851670265197754
    endloop
  endfacet
  facet normal -1 0 0
    outer loop
      vertex 26.5 50.26434326171875 16.30413055419922
      vertex 26.5 50.43904495239258 18.9398193359375
      vertex 26.5 51.5 18.5
    endloop
  endfacet
  facet normal 1 0 0
    outer loop
      vertex 28 49.14833068847656 15.735563278198242
      vertex 28 50.26434326171875 16.30413055419922
      vertex 28 50.0002326965332 20
    endloop
  endfacet
  facet normal 1 0 0
    outer loop
      vertex 28 50.26434326171875 16.30413055419922
      vertex 28 51.5 16.5
      vertex 28 50.43904495239258 18.9398193359375
    endloop
  endfacet
  facet normal -1 0 0
    outer loop
      vertex 26.5 50.26434326171875 16.30413055419922
      vertex 26.5 50.0002326965332 20
      vertex 26.5 50.43904495239258 18.9398193359375
    endloop
  endfacet
  facet normal 0 0.3829490059500573 0.9237694836060903
    outer loop
      vertex 26.5 51.5 18.5
      vertex 26.5 50.43904495239258 18.9398193359375
      vertex 28 51.5 18.5
    endloop
  endfacet
  facet normal 1 0 0
    outer loop
      vertex 28 51.5 16.5
      vertex 28 51.5 18.5
      vertex 28 50.43904495239258 18.9398193359375
    endloop
  endfacet
  facet normal 1 0 0
    outer loop
      vertex 28 50.26434326171875 16.30413055419922
      vertex 28 50.43904495239258 18.9398193359375
      vertex 28 50.0002326965332 20
    endloop
  endfacet
  facet normal -1 0 0
    outer loop
      vertex 26.5 51.5 16.5
      vertex 26.5 52.56095504760742 18.9398193359375
      vertex 26.5 52.73565673828125 16.30413055419922
    endloop
  endfacet
  facet normal -1 0 0
    outer loop
      vertex 26.5 52.73565673828125 16.30413055419922
      vertex 26.5 52.9997673034668 20
      vertex 26.5 53.85166931152344 15.735563278198242
    endloop
  endfacet
  facet normal 1 0 0
    outer loop
      vertex 28 51.5 18.5
      vertex 28 52.73565673828125 16.30413055419922
      vertex 28 52.56095504760742 18.9398193359375
    endloop
  endfacet
  facet normal 1 0 0
    outer loop
      vertex 28 52.73565673828125 16.30413055419922
      vertex 28 53.85166931152344 15.735563278198242
      vertex 28 52.9997673034668 20
    endloop
  endfacet
  facet normal 1 0 0
    outer loop
      vertex 28 55.30413055419922 13.735654830932617
      vertex 28 51.5 25
      vertex 28 54.735565185546875 14.851670265197754
    endloop
  endfacet
  facet normal -1 0 0
    outer loop
      vertex 26.5 51.5 16.5
      vertex 26.5 51.5 18.5
      vertex 26.5 52.56095504760742 18.9398193359375
    endloop
  endfacet
  facet normal -1 0 0
    outer loop
      vertex 26.5 52.73565673828125 16.30413055419922
      vertex 26.5 52.56095504760742 18.9398193359375
      vertex 26.5 52.9997673034668 20
    endloop
  endfacet
  facet normal 0 -0.3829490059500573 0.9237694836060903
    outer loop
      vertex 26.5 51.5 18.5
      vertex 28 51.5 18.5
      vertex 28 52.56095504760742 18.9398193359375
    endloop
  endfacet
  facet normal 1 0 0
    outer loop
      vertex 28 52.73565673828125 16.30413055419922
      vertex 28 52.9997673034668 20
      vertex 28 52.56095504760742 18.9398193359375
    endloop
  endfacet
  facet normal -1 0 0
    outer loop
      vertex 26.5 56.282958984375 0.9514715671539307
      vertex 26.5 55.5 12.5
      vertex 26.5 56.282958984375 24.04852867126465
    endloop
  endfacet
  facet normal 1 0 0
    outer loop
      vertex 28 56.282958984375 0.9514715671539307
      vertex 28 56.282958984375 24.04852867126465
      vertex 28 55.5 12.5
    endloop
  endfacet
  facet normal 0 -0.9876684556978267 -0.15655996173821152
    outer loop
      vertex 26.5 55.5 12.5
      vertex 28 55.5 12.5
      vertex 28 55.30413055419922 13.735654830932617
    endloop
  endfacet
  facet normal 0 -0.9876684556978267 -0.15655996173821152
    outer loop
      vertex 26.5 55.5 12.5
      vertex 28 55.30413055419922 13.735654830932617
      vertex 26.5 55.30413055419922 13.735654830932617
    endloop
  endfacet
  facet normal -1 0 0
    outer loop
      vertex 26.5 56.282958984375 0.9514715671539307
      vertex 26.5 56.282958984375 24.04852867126465
      vertex 26.5 57.5 12.5
    endloop
  endfacet
  facet normal 0 0.923769605378278 -0.38294871220472915
    outer loop
      vertex 26.5 57.5 12.5
      vertex 26.5 57.9398193359375 13.560956001281738
      vertex 28 57.5 12.5
    endloop
  endfacet
  facet normal 1 0 0
    outer loop
      vertex 28 56.282958984375 0.9514715671539307
      vertex 28 57.5 12.5
      vertex 28 56.282958984375 24.04852867126465
    endloop
  endfacet
  facet normal 0 0.923769605378278 -0.38294871220472915
    outer loop
      vertex 28 57.5 12.5
      vertex 26.5 57.9398193359375 13.560956001281738
      vertex 28 57.9398193359375 13.560956001281738
    endloop
  endfacet
  facet normal 0 0.3824380010794096 -0.9239811552896441
    outer loop
      vertex 26.5 57.9398193359375 13.560956001281738
      vertex 26.5 59 13.999767303466797
      vertex 28 57.9398193359375 13.560956001281738
    endloop
  endfacet
  facet normal 0 0.3824380010794096 -0.9239811552896441
    outer loop
      vertex 28 57.9398193359375 13.560956001281738
      vertex 26.5 59 13.999767303466797
      vertex 28 59 13.999767303466797
    endloop
  endfacet
  facet normal 0 -0.8910300659068301 -0.4539442935538127
    outer loop
      vertex 26.5 55.30413055419922 13.735654830932617
      vertex 28 54.735565185546875 14.851670265197754
      vertex 26.5 54.735565185546875 14.851670265197754
    endloop
  endfacet
  facet normal 0 -0.8910300659068301 -0.4539442935538127
    outer loop
      vertex 26.5 55.30413055419922 13.735654830932617
      vertex 28 55.30413055419922 13.735654830932617
      vertex 28 54.735565185546875 14.851670265197754
    endloop
  endfacet
  facet normal 0 -0.7071056367906412 -0.7071079255806018
    outer loop
      vertex 26.5 54.735565185546875 14.851670265197754
      vertex 28 53.85166931152344 15.735563278198242
      vertex 26.5 53.85166931152344 15.735563278198242
    endloop
  endfacet
  facet normal 0 -0.7071056367906412 -0.7071079255806018
    outer loop
      vertex 26.5 54.735565185546875 14.851670265197754
      vertex 28 54.735565185546875 14.851670265197754
      vertex 28 53.85166931152344 15.735563278198242
    endloop
  endfacet
  facet normal 0 -0.923769605378278 -0.38294871220472915
    outer loop
      vertex 26.5 60.5 12.5
      vertex 28 60.0601806640625 13.560956001281738
      vertex 26.5 60.0601806640625 13.560956001281738
    endloop
  endfacet
  facet normal 0 -0.923769605378278 -0.38294871220472915
    outer loop
      vertex 26.5 60.5 12.5
      vertex 28 60.5 12.5
      vertex 28 60.0601806640625 13.560956001281738
    endloop
  endfacet
  facet normal 0 -0.3824380010794096 -0.9239811552896441
    outer loop
      vertex 26.5 59 13.999767303466797
      vertex 26.5 60.0601806640625 13.560956001281738
      vertex 28 59 13.999767303466797
    endloop
  endfacet
  facet normal 0 -0.3824380010794096 -0.9239811552896441
    outer loop
      vertex 28 59 13.999767303466797
      vertex 26.5 60.0601806640625 13.560956001281738
      vertex 28 60.0601806640625 13.560956001281738
    endloop
  endfacet
  facet normal 1 0 0
    outer loop
      vertex 28 63.048160552978516 7.71575927734375
      vertex 28 60.33937454223633 21.338123321533203
      vertex 28 60.5 12.5
    endloop
  endfacet
  facet normal -1 0 0
    outer loop
      vertex 26.5 63.048160552978516 7.71575927734375
      vertex 26.5 63.048160552978516 17.28424072265625
      vertex 26.5 63.99978256225586 12.5
    endloop
  endfacet
  facet normal 1 0 0
    outer loop
      vertex 28 63.048160552978516 7.71575927734375
      vertex 28 63.99978256225586 12.5
      vertex 28 63.048160552978516 17.28424072265625
    endloop
  endfacet
  facet normal 0 0.9807861684234775 0.19508585758376726
    outer loop
      vertex 26.5 63.99978256225586 12.5
      vertex 26.5 63.048160552978516 17.28424072265625
      vertex 28 63.99978256225586 12.5
    endloop
  endfacet
  facet normal 1 0 0
    outer loop
      vertex 28 63.048160552978516 7.71575927734375
      vertex 28 63.048160552978516 17.28424072265625
      vertex 28 60.33937454223633 21.338123321533203
    endloop
  endfacet
  facet normal -1 0 0
    outer loop
      vertex 26.5 55.5 12.5
      vertex 26.5 55.30413055419922 13.735654830932617
      vertex 26.5 56.282958984375 24.04852867126465
    endloop
  endfacet
  facet normal 1 0 0
    outer loop
      vertex 28 55.5 12.5
      vertex 28 56.282958984375 24.04852867126465
      vertex 28 55.30413055419922 13.735654830932617
    endloop
  endfacet
  facet normal -1 0 0
    outer loop
      vertex 26.5 57.5 12.5
      vertex 26.5 60.33937454223633 21.338123321533203
      vertex 26.5 57.9398193359375 13.560956001281738
    endloop
  endfacet
  facet normal 1 0 0
    outer loop
      vertex 28 57.5 12.5
      vertex 28 57.9398193359375 13.560956001281738
      vertex 28 56.282958984375 24.04852867126465
    endloop
  endfacet
  facet normal -1 0 0
    outer loop
      vertex 26.5 55.30413055419922 13.735654830932617
      vertex 26.5 54.735565185546875 14.851670265197754
      vertex 26.5 56.282958984375 24.04852867126465
    endloop
  endfacet
  facet normal -1 0 0
    outer loop
      vertex 26.5 54.735565185546875 14.851670265197754
      vertex 26.5 53.85166931152344 15.735563278198242
      vertex 26.5 56.282958984375 24.04852867126465
    endloop
  endfacet
  facet normal 1 0 0
    outer loop
      vertex 28 57.9398193359375 13.560956001281738
      vertex 28 59 13.999767303466797
      vertex 28 56.282958984375 24.04852867126465
    endloop
  endfacet
  facet normal 1 0 0
    outer loop
      vertex 28 59 13.999767303466797
      vertex 28 60.0601806640625 13.560956001281738
      vertex 28 56.282958984375 24.04852867126465
    endloop
  endfacet
  facet normal -1 0 0
    outer loop
      vertex 26.5 57.9398193359375 13.560956001281738
      vertex 26.5 60.33937454223633 21.338123321533203
      vertex 26.5 59 13.999767303466797
    endloop
  endfacet
  facet normal -1 0 0
    outer loop
      vertex 26.5 59 13.999767303466797
      vertex 26.5 60.33937454223633 21.338123321533203
      vertex 26.5 60.0601806640625 13.560956001281738
    endloop
  endfacet
  facet normal -1 0 0
    outer loop
      vertex 26.5 60.5 12.5
      vertex 26.5 60.0601806640625 13.560956001281738
      vertex 26.5 60.33937454223633 21.338123321533203
    endloop
  endfacet
  facet normal 1 0 0
    outer loop
      vertex 28 60.5 12.5
      vertex 28 60.33937454223633 21.338123321533203
      vertex 28 60.0601806640625 13.560956001281738
    endloop
  endfacet
  facet normal -1 0 0
    outer loop
      vertex 26.5 60.5 12.5
      vertex 26.5 60.33937454223633 21.338123321533203
      vertex 26.5 63.048160552978516 17.28424072265625
    endloop
  endfacet
  facet normal 0 0.9807861684234775 0.19508585758376726
    outer loop
      vertex 28 63.99978256225586 12.5
      vertex 26.5 63.048160552978516 17.28424072265625
      vertex 28 63.048160552978516 17.28424072265625
    endloop
  endfacet
  facet normal 0 0.8314631451723992 0.5555799116419005
    outer loop
      vertex 26.5 63.048160552978516 17.28424072265625
      vertex 26.5 60.33937454223633 21.338123321533203
      vertex 28 63.048160552978516 17.28424072265625
    endloop
  endfacet
  facet normal 0 0.9239808615870789 0.38243871067244123
    outer loop
      vertex 26.5 50.43904495239258 18.9398193359375
      vertex 26.5 50.0002326965332 20
      vertex 28 50.43904495239258 18.9398193359375
    endloop
  endfacet
  facet normal 0 0.3829490059500573 0.9237694836060903
    outer loop
      vertex 28 51.5 18.5
      vertex 26.5 50.43904495239258 18.9398193359375
      vertex 28 50.43904495239258 18.9398193359375
    endloop
  endfacet
  facet normal -1 0 0
    outer loop
      vertex 26.5 48.264434814453125 14.851670265197754
      vertex 26.5 51.5 25
      vertex 26.5 50.0002326965332 20
    endloop
  endfacet
  facet normal 0 0.9239808615870789 0.38243871067244123
    outer loop
      vertex 28 50.43904495239258 18.9398193359375
      vertex 26.5 50.0002326965332 20
      vertex 28 50.0002326965332 20
    endloop
  endfacet
  facet normal 0 -0.3829490059500573 0.9237694836060903
    outer loop
      vertex 26.5 51.5 18.5
      vertex 28 52.56095504760742 18.9398193359375
      vertex 26.5 52.56095504760742 18.9398193359375
    endloop
  endfacet
  facet normal 0 -0.9239808615870789 0.38243871067244123
    outer loop
      vertex 26.5 52.56095504760742 18.9398193359375
      vertex 28 52.56095504760742 18.9398193359375
      vertex 28 52.9997673034668 20
    endloop
  endfacet
  facet normal 0 -0.9239808615870789 0.38243871067244123
    outer loop
      vertex 26.5 52.56095504760742 18.9398193359375
      vertex 28 52.9997673034668 20
      vertex 26.5 52.9997673034668 20
    endloop
  endfacet
  facet normal 1 0 0
    outer loop
      vertex 28 54.735565185546875 14.851670265197754
      vertex 28 51.5 25
      vertex 28 52.9997673034668 20
    endloop
  endfacet
  facet normal 0 0.9239808615870789 -0.38243871067244123
    outer loop
      vertex 26.5 50.0002326965332 20
      vertex 26.5 50.43904495239258 21.0601806640625
      vertex 28 50.0002326965332 20
    endloop
  endfacet
  facet normal 0 0.9239808615870789 -0.38243871067244123
    outer loop
      vertex 28 50.0002326965332 20
      vertex 26.5 50.43904495239258 21.0601806640625
      vertex 28 50.43904495239258 21.0601806640625
    endloop
  endfacet
  facet normal 0 0.3829490059500573 -0.9237694836060903
    outer loop
      vertex 26.5 50.43904495239258 21.0601806640625
      vertex 26.5 51.5 21.5
      vertex 28 50.43904495239258 21.0601806640625
    endloop
  endfacet
  facet normal 0 0.3829490059500573 -0.9237694836060903
    outer loop
      vertex 28 50.43904495239258 21.0601806640625
      vertex 26.5 51.5 21.5
      vertex 28 51.5 21.5
    endloop
  endfacet
  facet normal 0 -0.9239808615870789 -0.38243871067244123
    outer loop
      vertex 26.5 52.9997673034668 20
      vertex 28 52.56095504760742 21.0601806640625
      vertex 26.5 52.56095504760742 21.0601806640625
    endloop
  endfacet
  facet normal 0 -0.9239808615870789 -0.38243871067244123
    outer loop
      vertex 26.5 52.9997673034668 20
      vertex 28 52.9997673034668 20
      vertex 28 52.56095504760742 21.0601806640625
    endloop
  endfacet
  facet normal 0 -0.3829490059500573 -0.9237694836060903
    outer loop
      vertex 26.5 51.5 21.5
      vertex 26.5 52.56095504760742 21.0601806640625
      vertex 28 51.5 21.5
    endloop
  endfacet
  facet normal -1 0 0
    outer loop
      vertex 26.5 52.9997673034668 20
      vertex 26.5 52.56095504760742 21.0601806640625
      vertex 26.5 56.282958984375 24.04852867126465
    endloop
  endfacet
  facet normal 0 -0.3829490059500573 -0.9237694836060903
    outer loop
      vertex 28 51.5 21.5
      vertex 26.5 52.56095504760742 21.0601806640625
      vertex 28 52.56095504760742 21.0601806640625
    endloop
  endfacet
  facet normal -1 0 0
    outer loop
      vertex 26.5 50.0002326965332 20
      vertex 26.5 51.5 25
      vertex 26.5 50.43904495239258 21.0601806640625
    endloop
  endfacet
  facet normal -1 0 0
    outer loop
      vertex 26.5 50.43904495239258 21.0601806640625
      vertex 26.5 51.5 25
      vertex 26.5 51.5 21.5
    endloop
  endfacet
  facet normal -1 0 0
    outer loop
      vertex 26.5 51.5 21.5
      vertex 26.5 56.282958984375 24.04852867126465
      vertex 26.5 52.56095504760742 21.0601806640625
    endloop
  endfacet
  facet normal 1 0 0
    outer loop
      vertex 28 52.9997673034668 20
      vertex 28 51.5 25
      vertex 28 52.56095504760742 21.0601806640625
    endloop
  endfacet
  facet normal 1 0 0
    outer loop
      vertex 28 51.5 21.5
      vertex 28 52.56095504760742 21.0601806640625
      vertex 28 51.5 25
    endloop
  endfacet
  facet normal -1 0 0
    outer loop
      vertex 26.5 51.5 21.5
      vertex 26.5 51.5 25
      vertex 26.5 56.282958984375 24.04852867126465
    endloop
  endfacet
  facet normal 0 0.1951064245604079 0.9807820772706105
    outer loop
      vertex 26.5 51.5 25
      vertex 28 51.5 25
      vertex 28 56.282958984375 24.04852867126465
    endloop
  endfacet
  facet normal -1 0 0
    outer loop
      vertex 26.5 53.85166931152344 15.735563278198242
      vertex 26.5 52.9997673034668 20
      vertex 26.5 56.282958984375 24.04852867126465
    endloop
  endfacet
  facet normal -1 0 0
    outer loop
      vertex 26.5 57.5 12.5
      vertex 26.5 56.282958984375 24.04852867126465
      vertex 26.5 60.33937454223633 21.338123321533203
    endloop
  endfacet
  facet normal 1 0 0
    outer loop
      vertex 28 60.0601806640625 13.560956001281738
      vertex 28 60.33937454223633 21.338123321533203
      vertex 28 56.282958984375 24.04852867126465
    endloop
  endfacet
  facet normal 1 0 0
    outer loop
      vertex 28 55.30413055419922 13.735654830932617
      vertex 28 56.282958984375 24.04852867126465
      vertex 28 51.5 25
    endloop
  endfacet
  facet normal 0 0.8314631451723992 0.5555799116419005
    outer loop
      vertex 28 63.048160552978516 17.28424072265625
      vertex 26.5 60.33937454223633 21.338123321533203
      vertex 28 60.33937454223633 21.338123321533203
    endloop
  endfacet
  facet normal 0 0.5555695425352899 0.8314700736689978
    outer loop
      vertex 28 60.33937454223633 21.338123321533203
      vertex 26.5 56.282958984375 24.04852867126465
      vertex 28 56.282958984375 24.04852867126465
    endloop
  endfacet
  facet normal 0 0.1951064245604079 0.9807820772706105
    outer loop
      vertex 26.5 51.5 25
      vertex 28 56.282958984375 24.04852867126465
      vertex 26.5 56.282958984375 24.04852867126465
    endloop
  endfacet
  facet normal 0 0.5555695425352899 0.8314700736689978
    outer loop
      vertex 26.5 60.33937454223633 21.338123321533203
      vertex 26.5 56.282958984375 24.04852867126465
      vertex 28 60.33937454223633 21.338123321533203
    endloop
  endfacet
  facet normal -0.38268329292970116 0 -0.9238795902673035
    outer loop
      vertex -25 -2.6000000000000014 3
      vertex -25.707107543945312 -2.6000000000000014 3.292893409729004
      vertex -25 -0.10000000000000142 3
    endloop
  endfacet
  facet normal 0 -1 0
    outer loop
      vertex -25 -2.6000000000000014 3
      vertex -19 -2.6000000000000014 3
      vertex -19.353473663330078 -2.6000000000000014 3.146526336669922
    endloop
  endfacet
  facet normal 0 1 0
    outer loop
      vertex -25 -0.10000000000000142 3
      vertex -25.707107543945312 -0.10000000000000142 3.292893409729004
      vertex -19 -0.10000000000000142 3
    endloop
  endfacet
  facet normal 0 0 -1
    outer loop
      vertex -25 -2.6000000000000014 3
      vertex -25 -0.10000000000000142 3
      vertex -19 -0.10000000000000142 3
    endloop
  endfacet
  facet normal -0.9238798483296617 0 -0.3826826699111958
    outer loop
      vertex -25.707107543945312 -2.6000000000000014 3.292893409729004
      vertex -26 -2.6000000000000014 4
      vertex -25.707107543945312 -0.10000000000000142 3.292893409729004
    endloop
  endfacet
  facet normal -1 0 0
    outer loop
      vertex -26 -2.6000000000000014 4
      vertex -26 -2.6000000000000014 7.445236682891846
      vertex -26 -0.10000000000000142 4
    endloop
  endfacet
  facet normal 0 -1 0
    outer loop
      vertex -26 -2.6000000000000014 4
      vertex -23.7346248626709 -2.6000000000000014 6.210725784301758
      vertex -24.731517791748047 -2.6000000000000014 6.017848014831543
    endloop
  endfacet
  facet normal 0 -1 0
    outer loop
      vertex -26 -2.6000000000000014 4
      vertex -24.731517791748047 -2.6000000000000014 6.017848014831543
      vertex -25.621889114379883 -2.6000000000000014 6.503475189208984
    endloop
  endfacet
  facet normal 0 -1 0
    outer loop
      vertex -26 -2.6000000000000014 4
      vertex -25.621889114379883 -2.6000000000000014 6.503475189208984
      vertex -26 -2.6000000000000014 7.445236682891846
    endloop
  endfacet
  facet normal -0.38268329292970116 0 -0.9238795902673035
    outer loop
      vertex -25.707107543945312 -2.6000000000000014 3.292893409729004
      vertex -25.707107543945312 -0.10000000000000142 3.292893409729004
      vertex -25 -0.10000000000000142 3
    endloop
  endfacet
  facet normal -0.9238798483296617 0 -0.3826826699111958
    outer loop
      vertex -26 -2.6000000000000014 4
      vertex -26 -0.10000000000000142 4
      vertex -25.707107543945312 -0.10000000000000142 3.292893409729004
    endloop
  endfacet
  facet normal 0 1 0
    outer loop
      vertex -26 -0.10000000000000142 4
      vertex -25.621889114379883 -0.10000000000000142 6.503475189208984
      vertex -24.731517791748047 -0.10000000000000142 6.017848014831543
    endloop
  endfacet
  facet normal 0 1 0
    outer loop
      vertex -26 -0.10000000000000142 4
      vertex -26 -0.10000000000000142 7.445236682891846
      vertex -25.621889114379883 -0.10000000000000142 6.503475189208984
    endloop
  endfacet
  facet normal 0.47882940101167115 0 0.8779079705338164
    outer loop
      vertex -24.731517791748047 -2.6000000000000014 6.017848014831543
      vertex -24.731517791748047 -0.10000000000000142 6.017848014831543
      vertex -25.621889114379883 -0.10000000000000142 6.503475189208984
    endloop
  endfacet
  facet normal 0 -1 0
    outer loop
      vertex -25.707107543945312 -2.6000000000000014 3.292893409729004
      vertex -19.5 -2.6000000000000014 3.5
      vertex -26 -2.6000000000000014 4
    endloop
  endfacet
  facet normal 0 -1 0
    outer loop
      vertex -25 -2.6000000000000014 3
      vertex -19.353473663330078 -2.6000000000000014 3.146526336669922
      vertex -25.707107543945312 -2.6000000000000014 3.292893409729004
    endloop
  endfacet
  facet normal 0 -1 0
    outer loop
      vertex -26 -2.6000000000000014 4
      vertex -19.5 -2.6000000000000014 3.5
      vertex -23.7346248626709 -2.6000000000000014 6.210725784301758
    endloop
  endfacet
  facet normal 0 -1 0
    outer loop
      vertex -25.707107543945312 -2.6000000000000014 3.292893409729004
      vertex -19.353473663330078 -2.6000000000000014 3.146526336669922
      vertex -19.5 -2.6000000000000014 3.5
    endloop
  endfacet
  facet normal -0.18995616861571518 0 0.9817925717812485
    outer loop
      vertex -24.731517791748047 -2.6000000000000014 6.017848014831543
      vertex -23.7346248626709 -2.6000000000000014 6.210725784301758
      vertex -24.731517791748047 -0.10000000000000142 6.017848014831543
    endloop
  endfacet
  facet normal 0 -1 0
    outer loop
      vertex -23.7346248626709 -2.6000000000000014 6.210725784301758
      vertex -19.5 -2.6000000000000014 3.5
      vertex -23.089445114135742 -2.6000000000000014 6.992805480957031
    endloop
  endfacet
  facet normal 0 1 0
    outer loop
      vertex -25.707107543945312 -0.10000000000000142 3.292893409729004
      vertex -26 -0.10000000000000142 4
      vertex -19.5 -0.10000000000000142 3.5
    endloop
  endfacet
  facet normal 0 1 0
    outer loop
      vertex -26 -0.10000000000000142 4
      vertex -24.731517791748047 -0.10000000000000142 6.017848014831543
      vertex -19.5 -0.10000000000000142 3.5
    endloop
  endfacet
  facet normal 0 1 0
    outer loop
      vertex -25.707107543945312 -0.10000000000000142 3.292893409729004
      vertex -19.5 -0.10000000000000142 3.5
      vertex -19.353473663330078 -0.10000000000000142 3.146526336669922
    endloop
  endfacet
  facet normal 0 1 0
    outer loop
      vertex -25.707107543945312 -0.10000000000000142 3.292893409729004
      vertex -19.353473663330078 -0.10000000000000142 3.146526336669922
      vertex -19 -0.10000000000000142 3
    endloop
  endfacet
  facet normal -0.18995616861571518 0 0.9817925717812485
    outer loop
      vertex -23.7346248626709 -2.6000000000000014 6.210725784301758
      vertex -23.7346248626709 -0.10000000000000142 6.210725784301758
      vertex -24.731517791748047 -0.10000000000000142 6.017848014831543
    endloop
  endfacet
  facet normal 0 1 0
    outer loop
      vertex -24.731517791748047 -0.10000000000000142 6.017848014831543
      vertex -23.7346248626709 -0.10000000000000142 6.210725784301758
      vertex -19.5 -0.10000000000000142 3.5
    endloop
  endfacet
  facet normal 0 1 0
    outer loop
      vertex -23.7346248626709 -0.10000000000000142 6.210725784301758
      vertex -23.089445114135742 -0.10000000000000142 6.992805480957031
      vertex -19.5 -0.10000000000000142 3.5
    endloop
  endfacet
  facet normal 0 1 0
    outer loop
      vertex -23.089445114135742 -0.10000000000000142 6.992805480957031
      vertex -23.089862823486328 -0.10000000000000142 8.008356094360352
      vertex -19.5 -0.10000000000000142 3.5
    endloop
  endfacet
  facet normal -0.28006818944278605 -0.68142736896303 -0.676179377155472
    outer loop
      vertex -19 -8.78600082397461 3
      vertex -19.343557357788086 -8.800000762939455 3.156407356262207
      vertex -19.353538513183594 -8.78600082397461 3.146432876586914
    endloop
  endfacet
  facet normal -0.281268902775512 -0.6785601684196692 -0.6785601684196692
    outer loop
      vertex -19 -8.78600082397461 3
      vertex -19 -8.800000762939455 3.0139999389648438
      vertex -19.343557357788086 -8.800000762939455 3.156407356262207
    endloop
  endfacet
  facet normal 0 -1 0
    outer loop
      vertex -19 -8.800000762939455 3.0139999389648438
      vertex -18.899999618530273 -8.800000762939455 3.1000003814697266
      vertex -19.25347328186035 -8.800000762939455 3.2465267181396484
    endloop
  endfacet
  facet normal -0.3826665461321547 0 -0.923886526837191
    outer loop
      vertex -19 -8.78600082397461 3
      vertex -19.353538513183594 -8.78600082397461 3.146432876586914
      vertex -19 -2.6000000000000014 3
    endloop
  endfacet
  facet normal 0 -0.7071067811865476 -0.7071067811865476
    outer loop
      vertex -18.899999618530273 -9.086000061035158 3.1000003814697266
      vertex -12.911744117736816 -9.086000061035158 3.1000003814697266
      vertex -18.899999618530273 -9.100000000000001 3.1140003204345703
    endloop
  endfacet
  facet normal 0 -0.7071067811865475 -0.7071067811865475
    outer loop
      vertex -18.899999618530273 -9.100000000000001 3.1140003204345703
      vertex -12.930908203125 -9.092977142333986 3.1069774627685547
      vertex -12.9500732421875 -9.100000000000001 3.1140003204345703
    endloop
  endfacet
  facet normal 0 -0.7071067811865476 -0.7071067811865476
    outer loop
      vertex -18.899999618530273 -9.100000000000001 3.1140003204345703
      vertex -12.911744117736816 -9.086000061035158 3.1000003814697266
      vertex -12.930908203125 -9.092977142333986 3.1069774627685547
    endloop
  endfacet
  facet normal -0.6760912233804123 -0.6814430298386868 -0.2802428496005704
    outer loop
      vertex -19.25356674194336 -9.086000061035158 3.2464609146118164
      vertex -19.243593215942383 -9.100000000000001 3.256442070007324
      vertex -19.38599967956543 -9.100000000000001 3.6000003814697266
    endloop
  endfacet
  facet normal -0.9238868215312722 0.00038995650897793706 -0.3826656359470554
    outer loop
      vertex -19.25356674194336 -9.086000061035158 3.2464609146118164
      vertex -19.399999618530273 -9.086000061035158 3.6000003814697266
      vertex -19.25347328186035 -8.800000762939455 3.2465267181396484
    endloop
  endfacet
  facet normal -0.6786012607938607 -0.6786012607938607 -0.2810705564408428
    outer loop
      vertex -19.25356674194336 -9.086000061035158 3.2464609146118164
      vertex -19.38599967956543 -9.100000000000001 3.6000003814697266
      vertex -19.399999618530273 -9.086000061035158 3.6000003814697266
    endloop
  endfacet
  facet normal -0.9237753178436456 0 -0.38293493199611783
    outer loop
      vertex -19.399999618530273 -9.086000061035158 3.6000003814697266
      vertex -19.399999618530273 -8.800000762939455 3.6000003814697266
      vertex -19.25347328186035 -8.800000762939455 3.2465267181396484
    endloop
  endfacet
  facet normal -0.6759606343988998 -0.6815770217827478 -0.28023201837191447
    outer loop
      vertex -19.353538513183594 -8.78600082397461 3.146432876586914
      vertex -19.343557357788086 -8.800000762939455 3.156407356262207
      vertex -19.486000061035156 -8.800000762939455 3.5
    endloop
  endfacet
  facet normal -0.6785949804086274 -0.6785949804086274 -0.28110088069664446
    outer loop
      vertex -19.353538513183594 -8.78600082397461 3.146432876586914
      vertex -19.486000061035156 -8.800000762939455 3.5
      vertex -19.5 -8.78600082397461 3.5
    endloop
  endfacet
  facet normal 0 -1 0
    outer loop
      vertex -19.343557357788086 -8.800000762939455 3.156407356262207
      vertex -19.25347328186035 -8.800000762939455 3.2465267181396484
      vertex -19.399999618530273 -8.800000762939455 3.6000003814697266
    endloop
  endfacet
  facet normal 0 -1 0
    outer loop
      vertex -19.343557357788086 -8.800000762939455 3.156407356262207
      vertex -19.399999618530273 -8.800000762939455 3.6000003814697266
      vertex -19.486000061035156 -8.800000762939455 3.5
    endloop
  endfacet
  facet normal -0.9238710429695258 0.00001546725345003368 -0.3827039269764092
    outer loop
      vertex -19.353538513183594 -8.78600082397461 3.146432876586914
      vertex -19.5 -8.78600082397461 3.5
      vertex -19.353473663330078 -2.6000000000000014 3.146526336669922
    endloop
  endfacet
  facet normal -0.28005952981696614 -0.6815240718350605 -0.676085497010592
    outer loop
      vertex -18.899999618530273 -9.086000061035158 3.1000003814697266
      vertex -19.243593215942383 -9.100000000000001 3.256442070007324
      vertex -19.25356674194336 -9.086000061035158 3.2464609146118164
    endloop
  endfacet
  facet normal -0.38293491016325487 0.00033768194714455457 -0.9237752651750114
    outer loop
      vertex -18.899999618530273 -8.800000762939455 3.1000003814697266
      vertex -19.25356674194336 -9.086000061035158 3.2464609146118164
      vertex -19.25347328186035 -8.800000762939455 3.2465267181396484
    endloop
  endfacet
  facet normal -0.28130402158937 -0.6785528894042259 -0.6785528894042259
    outer loop
      vertex -18.899999618530273 -9.086000061035158 3.1000003814697266
      vertex -18.899999618530273 -9.100000000000001 3.1140003204345703
      vertex -19.243593215942383 -9.100000000000001 3.256442070007324
    endloop
  endfacet
  facet normal -0.3827018000446743 0 -0.9238719241553811
    outer loop
      vertex -18.899999618530273 -9.086000061035158 3.1000003814697266
      vertex -19.25356674194336 -9.086000061035158 3.2464609146118164
      vertex -18.899999618530273 -8.800000762939455 3.1000003814697266
    endloop
  endfacet
  facet normal 0 -1 0
    outer loop
      vertex -19 -8.800000762939455 3.0139999389648438
      vertex -19.25347328186035 -8.800000762939455 3.2465267181396484
      vertex -19.343557357788086 -8.800000762939455 3.156407356262207
    endloop
  endfacet
  facet normal 0 -1 0
    outer loop
      vertex -19.243593215942383 -9.100000000000001 3.256442070007324
      vertex -19.38599967956543 -9.100000000000001 10.994342684745789
      vertex -19.38599967956543 -9.100000000000001 3.6000003814697266
    endloop
  endfacet
  facet normal -0.7071067811865475 -0.7071067811865475 0
    outer loop
      vertex -19.399999618530273 -9.086000061035158 3.6000003814697266
      vertex -19.38599967956543 -9.100000000000001 3.6000003814697266
      vertex -19.38599967956543 -9.100000000000001 10.994342684745789
    endloop
  endfacet
  facet normal -1 0 0
    outer loop
      vertex -19.399999618530273 -9.086000061035158 3.6000003814697266
      vertex -19.399999618530273 -9.086000061035158 11.08932638168335
      vertex -19.399999618530273 -8.800000762939455 3.6000003814697266
    endloop
  endfacet
  facet normal 0 -1 0
    outer loop
      vertex -18.899999618530273 -9.100000000000001 3.1140003204345703
      vertex -16.003204345703125 -9.100000000000001 4.903478622436523
      vertex -18.24199867248535 -9.100000000000001 7.6444573402404785
    endloop
  endfacet
  facet normal 0 -1 0
    outer loop
      vertex -18.899999618530273 -9.100000000000001 3.1140003204345703
      vertex -19.38599967956543 -9.100000000000001 10.994342684745789
      vertex -19.243593215942383 -9.100000000000001 3.256442070007324
    endloop
  endfacet
  facet normal 0 -1 0
    outer loop
      vertex -18.899999618530273 -9.100000000000001 3.1140003204345703
      vertex -12.9500732421875 -9.100000000000001 3.1140003204345703
      vertex -16.003204345703125 -9.100000000000001 4.903478622436523
    endloop
  endfacet
  facet normal -0.5040994502906123 0.07847566169019499 -0.8600728543204864
    outer loop
      vertex -14.483195304870605 -11.100000000000001 3.8300962448120117
      vertex -16.003204345703125 -9.100000000000001 4.903478622436523
      vertex -12.9500732421875 -9.100000000000001 3.1140003204345703
    endloop
  endfacet
  facet normal -0.6641462160436644 -0.10770828400440312 -0.739803169276605
    outer loop
      vertex -14.483195304870605 -11.100000000000001 3.8300962448120117
      vertex -17.58378791809082 -11.100000000000001 6.613602638244629
      vertex -16.003204345703125 -9.100000000000001 4.903478622436523
    endloop
  endfacet
  facet normal 0 0 -1
    outer loop
      vertex -25 -2.6000000000000014 3
      vertex -19 -0.10000000000000142 3
      vertex -19 -2.6000000000000014 3
    endloop
  endfacet
  facet normal -0.38293493193428124 0.000017971124685822408 -0.9237753176944739
    outer loop
      vertex -19.353538513183594 -8.78600082397461 3.146432876586914
      vertex -19.353473663330078 -2.6000000000000014 3.146526336669922
      vertex -19 -2.6000000000000014 3
    endloop
  endfacet
  facet normal -0.9237753178436456 0 -0.3829349319961178
    outer loop
      vertex -19.5 -8.78600082397461 3.5
      vertex -19.5 -2.6000000000000014 3.5
      vertex -19.353473663330078 -2.6000000000000014 3.146526336669922
    endloop
  endfacet
  facet normal 0.47882940101167115 0 0.8779079705338164
    outer loop
      vertex -24.731517791748047 -2.6000000000000014 6.017848014831543
      vertex -25.621889114379883 -0.10000000000000142 6.503475189208984
      vertex -25.621889114379883 -2.6000000000000014 6.503475189208984
    endloop
  endfacet
  facet normal 0.9279980824219586 0 0.37258496886102077
    outer loop
      vertex -25.621889114379883 -2.6000000000000014 6.503475189208984
      vertex -26 -0.10000000000000142 7.445236682891846
      vertex -26 -2.6000000000000014 7.445236682891846
    endloop
  endfacet
  facet normal 0.9280715090861177 0 -0.37240203278528994
    outer loop
      vertex -26 -2.6000000000000014 7.554763317108154
      vertex -25.62228012084961 -0.10000000000000142 8.496087551116943
      vertex -25.62228012084961 -2.6000000000000014 8.496087551116943
    endloop
  endfacet
  facet normal 0 -1 0
    outer loop
      vertex -26 -2.6000000000000014 7.554763317108154
      vertex -25.62228012084961 -2.6000000000000014 8.496087551116943
      vertex -25.487491607666016 -2.6000000000000014 12
    endloop
  endfacet
  facet normal 0.47931150387995747 0 -0.8776448497247241
    outer loop
      vertex -25.62228012084961 -2.6000000000000014 8.496087551116943
      vertex -24.73257064819336 -0.10000000000000142 8.981987953186035
      vertex -24.73257064819336 -2.6000000000000014 8.981987953186035
    endloop
  endfacet
  facet normal -1 0 0
    outer loop
      vertex -26 -2.6000000000000014 7.445236682891846
      vertex -26 -0.10000000000000142 7.445236682891846
      vertex -26 -0.10000000000000142 4
    endloop
  endfacet
  facet normal 0.9279980824219586 0 0.37258496886102077
    outer loop
      vertex -25.621889114379883 -2.6000000000000014 6.503475189208984
      vertex -25.621889114379883 -0.10000000000000142 6.503475189208984
      vertex -26 -0.10000000000000142 7.445236682891846
    endloop
  endfacet
  facet normal 0.9280715090861177 0 -0.37240203278528994
    outer loop
      vertex -26 -2.6000000000000014 7.554763317108154
      vertex -26 -0.10000000000000142 7.554763317108154
      vertex -25.62228012084961 -0.10000000000000142 8.496087551116943
    endloop
  endfacet
  facet normal 0.47931150387995747 0 -0.8776448497247241
    outer loop
      vertex -25.62228012084961 -2.6000000000000014 8.496087551116943
      vertex -25.62228012084961 -0.10000000000000142 8.496087551116943
      vertex -24.73257064819336 -0.10000000000000142 8.981987953186035
    endloop
  endfacet
  facet normal -0.7713907093013339 0 0.6363618260106313
    outer loop
      vertex -23.7346248626709 -2.6000000000000014 6.210725784301758
      vertex -23.089445114135742 -2.6000000000000014 6.992805480957031
      vertex -23.7346248626709 -0.10000000000000142 6.210725784301758
    endloop
  endfacet
  facet normal -0.9999999154107454 0 -0.000411313143568871
    outer loop
      vertex -23.089445114135742 -2.6000000000000014 6.992805480957031
      vertex -23.089862823486328 -2.6000000000000014 8.008356094360352
      vertex -23.089445114135742 -0.10000000000000142 6.992805480957031
    endloop
  endfacet
  facet normal -0.7708712718463141 0 -0.6369909593095072
    outer loop
      vertex -23.089862823486328 -2.6000000000000014 8.008356094360352
      vertex -23.735668182373047 -2.6000000000000014 8.789894342422485
      vertex -23.089862823486328 -0.10000000000000142 8.008356094360352
    endloop
  endfacet
  facet normal -0.1892098454706177 0 -0.9819366753395988
    outer loop
      vertex -24.73257064819336 -2.6000000000000014 8.981987953186035
      vertex -23.735668182373047 -0.10000000000000142 8.789894342422485
      vertex -23.735668182373047 -2.6000000000000014 8.789894342422485
    endloop
  endfacet
  facet normal 0 -1 0
    outer loop
      vertex -23.089445114135742 -2.6000000000000014 6.992805480957031
      vertex -19.5 -2.6000000000000014 12
      vertex -23.089862823486328 -2.6000000000000014 8.008356094360352
    endloop
  endfacet
  facet normal -0.7713907093013339 0 0.6363618260106313
    outer loop
      vertex -23.089445114135742 -2.6000000000000014 6.992805480957031
      vertex -23.089445114135742 -0.10000000000000142 6.992805480957031
      vertex -23.7346248626709 -0.10000000000000142 6.210725784301758
    endloop
  endfacet
  facet normal -0.9999999154107454 0 -0.000411313143568871
    outer loop
      vertex -23.089445114135742 -0.10000000000000142 6.992805480957031
      vertex -23.089862823486328 -2.6000000000000014 8.008356094360352
      vertex -23.089862823486328 -0.10000000000000142 8.008356094360352
    endloop
  endfacet
  facet normal -0.7708712718463141 0 -0.6369909593095072
    outer loop
      vertex -23.735668182373047 -2.6000000000000014 8.789894342422485
      vertex -23.735668182373047 -0.10000000000000142 8.789894342422485
      vertex -23.089862823486328 -0.10000000000000142 8.008356094360352
    endloop
  endfacet
  facet normal -0.1892098454706177 0 -0.9819366753395988
    outer loop
      vertex -24.73257064819336 -2.6000000000000014 8.981987953186035
      vertex -24.73257064819336 -0.10000000000000142 8.981987953186035
      vertex -23.735668182373047 -0.10000000000000142 8.789894342422485
    endloop
  endfacet
  facet normal 0 1 0
    outer loop
      vertex -19.5 -0.10000000000000142 3.5
      vertex -23.089862823486328 -0.10000000000000142 8.008356094360352
      vertex -24.731517791748047 -0.10000000000000142 16.017848014831543
    endloop
  endfacet
  facet normal 0 -1 0
    outer loop
      vertex -26 -2.6000000000000014 7.554763317108154
      vertex -25.487491607666016 -2.6000000000000014 12
      vertex -25.487491607666016 -2.6000000000000014 13
    endloop
  endfacet
  facet normal -1 0 0
    outer loop
      vertex -26 -2.6000000000000014 7.554763317108154
      vertex -26 -2.6000000000000014 17.445236682891846
      vertex -26 -0.10000000000000142 7.554763317108154
    endloop
  endfacet
  facet normal 0 -1 0
    outer loop
      vertex -26 -2.6000000000000014 7.554763317108154
      vertex -25.487491607666016 -2.6000000000000014 13
      vertex -25.621889114379883 -2.6000000000000014 16.503475189208984
    endloop
  endfacet
  facet normal 0 1 0
    outer loop
      vertex -26 -0.10000000000000142 7.554763317108154
      vertex -26 -0.10000000000000142 17.445236682891846
      vertex -25.62228012084961 -0.10000000000000142 8.496087551116943
    endloop
  endfacet
  facet normal 0 1 0
    outer loop
      vertex -25.62228012084961 -0.10000000000000142 8.496087551116943
      vertex -26 -0.10000000000000142 17.445236682891846
      vertex -24.73257064819336 -0.10000000000000142 8.981987953186035
    endloop
  endfacet
  facet normal 0 -1 0
    outer loop
      vertex -25.62228012084961 -2.6000000000000014 8.496087551116943
      vertex -24.73257064819336 -2.6000000000000014 8.981987953186035
      vertex -19.5 -2.6000000000000014 12
    endloop
  endfacet
  facet normal 0 -1 0
    outer loop
      vertex -25.62228012084961 -2.6000000000000014 8.496087551116943
      vertex -19.5 -2.6000000000000014 12
      vertex -25.487491607666016 -2.6000000000000014 12
    endloop
  endfacet
  facet normal 0 -1 0
    outer loop
      vertex -23.089862823486328 -2.6000000000000014 8.008356094360352
      vertex -19.5 -2.6000000000000014 12
      vertex -23.735668182373047 -2.6000000000000014 8.789894342422485
    endloop
  endfacet
  facet normal 0 -1 0
    outer loop
      vertex -24.73257064819336 -2.6000000000000014 8.981987953186035
      vertex -23.735668182373047 -2.6000000000000014 8.789894342422485
      vertex -19.5 -2.6000000000000014 12
    endloop
  endfacet
  facet normal -0.1965101536253359 -0.9805017896577991 0
    outer loop
      vertex -25.487491607666016 -2.6000000000000014 12
      vertex -19.5 -3.8000007629394545 12
      vertex -25.487491607666016 -2.6000000000000014 13
    endloop
  endfacet
  facet normal 0 0 -1
    outer loop
      vertex -25.487491607666016 -2.6000000000000014 12
      vertex -19.5 -2.6000000000000014 12
      vertex -19.5 -3.8000007629394545 12
    endloop
  endfacet
  facet normal 0 1 0
    outer loop
      vertex -24.73257064819336 -0.10000000000000142 8.981987953186035
      vertex -24.731517791748047 -0.10000000000000142 16.017848014831543
      vertex -23.735668182373047 -0.10000000000000142 8.789894342422485
    endloop
  endfacet
  facet normal 0 1 0
    outer loop
      vertex -23.089862823486328 -0.10000000000000142 8.008356094360352
      vertex -23.735668182373047 -0.10000000000000142 8.789894342422485
      vertex -24.731517791748047 -0.10000000000000142 16.017848014831543
    endloop
  endfacet
  facet normal 0 1 0
    outer loop
      vertex -19.5 -0.10000000000000142 3.5
      vertex -24.731517791748047 -0.10000000000000142 16.017848014831543
      vertex -23.7346248626709 -0.10000000000000142 16.21072554588318
    endloop
  endfacet
  facet normal 0 1 0
    outer loop
      vertex -19.5 -0.10000000000000142 3.5
      vertex -23.7346248626709 -0.10000000000000142 16.21072554588318
      vertex -23.089445114135742 -0.10000000000000142 16.99280548095703
    endloop
  endfacet
  facet normal 0 -1 0
    outer loop
      vertex -18.899999618530273 -9.100000000000001 3.1140003204345703
      vertex -18.24199867248535 -9.100000000000001 7.6444573402404785
      vertex -19.38599967956543 -9.100000000000001 10.994342684745789
    endloop
  endfacet
  facet normal -0.7072003412075036 -0.7070132087845779 3.543036543146859e-7
    outer loop
      vertex -19.399999618530273 -9.086000061035158 3.6000003814697266
      vertex -19.38599967956543 -9.100000000000001 10.994342684745789
      vertex -19.393115997314453 -9.092881774902345 11.04183554649353
    endloop
  endfacet
  facet normal -0.707008796461126 -0.7072047523359767 0
    outer loop
      vertex -19.399999618530273 -9.086000061035158 3.6000003814697266
      vertex -19.393115997314453 -9.092881774902345 11.04183554649353
      vertex -19.399999618530273 -9.086000061035158 11.08932638168335
    endloop
  endfacet
  facet normal -0.9095143386593908 -0.09017985269824706 -0.40577242629372107
    outer loop
      vertex -17.58378791809082 -11.100000000000001 6.613602638244629
      vertex -19.28049659729004 -11.100000000000001 10.416672468185425
      vertex -18.24199867248535 -9.100000000000001 7.6444573402404785
    endloop
  endfacet
  facet normal -0.7071862024977129 0.00024214239292924447 -0.7070273094894746
    outer loop
      vertex -14.912217140197754 -12.100000000000001 9.37457823753357
      vertex -14.912786483764648 -11.100000000000001 9.375490188598633
      vertex -12.62550163269043 -11.100000000000001 7.087691307067871
    endloop
  endfacet
  facet normal -0.7725328228096142 0.07098704338015643 -0.6309943560396979
    outer loop
      vertex -17.58378791809082 -11.100000000000001 6.613602638244629
      vertex -18.24199867248535 -9.100000000000001 7.6444573402404785
      vertex -16.003204345703125 -9.100000000000001 4.903478622436523
    endloop
  endfacet
  facet normal 0 -1 0
    outer loop
      vertex -14.483195304870605 -11.100000000000001 3.8300962448120117
      vertex -12.62550163269043 -11.100000000000001 7.087691307067871
      vertex -14.912786483764648 -11.100000000000001 9.375490188598633
    endloop
  endfacet
  facet normal 0 -1 0
    outer loop
      vertex -14.483195304870605 -11.100000000000001 3.8300962448120117
      vertex -14.912786483764648 -11.100000000000001 9.375490188598633
      vertex -15.749829292297363 -11.100000000000001 12.5
    endloop
  endfacet
  facet normal -1 0 0
    outer loop
      vertex -19.399999618530273 -8.800000762939455 3.6000003814697266
      vertex -19.399999618530273 -9.086000061035158 11.08932638168335
      vertex -19.399999618530273 -9.100000000000001 13.91067361831665
    endloop
  endfacet
  facet normal -1 0 0
    outer loop
      vertex -19.399999618530273 -8.800000762939455 3.6000003814697266
      vertex -19.399999618530273 -9.100000000000001 13.91067361831665
      vertex -19.399999618530273 -9.086000061035158 13.91067361831665
    endloop
  endfacet
  facet normal -0.7071067811865476 -0.7071067811865476 0
    outer loop
      vertex -19.486000061035156 -8.800000762939455 3.5
      vertex -19.486000061035156 -8.800000762939455 21.5
      vertex -19.5 -8.78600082397461 3.5
    endloop
  endfacet
  facet normal 0 -1 0
    outer loop
      vertex -19.486000061035156 -8.800000762939455 3.5
      vertex -19.399999618530273 -8.800000762939455 3.6000003814697266
      vertex -19.486000061035156 -8.800000762939455 21.5
    endloop
  endfacet
  facet normal -0.9454469663218439 0.04338368300160054 -0.32287441819078644
    outer loop
      vertex -19.28049659729004 -11.100000000000001 10.416672468185425
      vertex -19.38599967956543 -9.100000000000001 10.994342684745789
      vertex -18.24199867248535 -9.100000000000001 7.6444573402404785
    endloop
  endfacet
  facet normal 0 -1 0
    outer loop
      vertex -17.58378791809082 -11.100000000000001 6.613602638244629
      vertex -19.280418395996094 -11.100000000000001 14.58369255065918
      vertex -19.28049659729004 -11.100000000000001 10.416672468185425
    endloop
  endfacet
  facet normal -0.9896579618369409 0 -0.14344726756809373
    outer loop
      vertex -19.399999618530273 -9.100000000000001 11.08932638168335
      vertex -19.399999618530273 -9.086000061035158 11.08932638168335
      vertex -19.393115997314453 -9.092881774902345 11.04183554649353
    endloop
  endfacet
  facet normal -0.9986112496314158 -0.05268369537503773 0.00001874065647006971
    outer loop
      vertex -19.28049659729004 -11.100000000000001 10.416672468185425
      vertex -19.280418395996094 -11.100000000000001 14.58369255065918
      vertex -19.38599967956543 -9.100000000000001 10.994342684745789
    endloop
  endfacet
  facet normal -1 0 0
    outer loop
      vertex -19.399999618530273 -9.100000000000001 11.08932638168335
      vertex -19.399999618530273 -9.100000000000001 13.91067361831665
      vertex -19.399999618530273 -9.086000061035158 11.08932638168335
    endloop
  endfacet
  facet normal -0.9636891561488995 -0.24430764284036016 -0.10778212268650554
    outer loop
      vertex -19.38599967956543 -9.100000000000001 10.994342684745789
      vertex -19.280418395996094 -11.100000000000001 14.58369255065918
      vertex -19.393115997314453 -9.092881774902345 11.04183554649353
    endloop
  endfacet
  facet normal -0.9041207255080268 -0.38343900037606377 -0.18852121020575985
    outer loop
      vertex -19.399999618530273 -9.100000000000001 11.08932638168335
      vertex -19.393115997314453 -9.092881774902345 11.04183554649353
      vertex -19.280418395996094 -11.100000000000001 14.58369255065918
    endloop
  endfacet
  facet normal -0.9659003841754629 -0.00031381246569664884 -0.25891378752671595
    outer loop
      vertex -14.912217140197754 -12.100000000000001 9.37457823753357
      vertex -15.75 -12.100000000000001 12.5
      vertex -14.912786483764648 -11.100000000000001 9.375490188598633
    endloop
  endfacet
  facet normal 0 -1 0
    outer loop
      vertex -14.912217140197754 -12.100000000000001 9.37457823753357
      vertex -13.829773902893066 -12.100000000000001 9.999662637710571
      vertex -14.5 -12.100000000000001 12.5
    endloop
  endfacet
  facet normal -0.965947041606339 0.0010142207515901397 -0.2587378676734979
    outer loop
      vertex -13.830126762390137 -12.350000000000001 10
      vertex -14.499774932861328 -12.350000000000001 12.5
      vertex -13.829773902893066 -12.100000000000001 9.999662637710571
    endloop
  endfacet
  facet normal -0.9659387244994967 0.00016489318054715147 -0.258770850990842
    outer loop
      vertex -14.912786483764648 -11.100000000000001 9.375490188598633
      vertex -15.75 -12.100000000000001 12.5
      vertex -15.749829292297363 -11.100000000000001 12.5
    endloop
  endfacet
  facet normal -0.9659000837441766 -0.000869569472364905 -0.25891363825014213
    outer loop
      vertex -13.829773902893066 -12.100000000000001 9.999662637710571
      vertex -14.499774932861328 -12.350000000000001 12.5
      vertex -14.5 -12.100000000000001 12.5
    endloop
  endfacet
  facet normal 0 -1 0
    outer loop
      vertex -14.483195304870605 -11.100000000000001 3.8300962448120117
      vertex -17.58357048034668 -11.100000000000001 18.38669776916504
      vertex -17.58378791809082 -11.100000000000001 6.613602638244629
    endloop
  endfacet
  facet normal 0 -1 0
    outer loop
      vertex -14.483195304870605 -11.100000000000001 3.8300962448120117
      vertex -15.749829292297363 -11.100000000000001 12.5
      vertex -17.58357048034668 -11.100000000000001 18.38669776916504
    endloop
  endfacet
  facet normal -1 0 0
    outer loop
      vertex -19.5 -8.78600082397461 3.5
      vertex -19.5 -2.6000000000000014 12
      vertex -19.5 -2.6000000000000014 3.5
    endloop
  endfacet
  facet normal 0 -1 0
    outer loop
      vertex -23.089445114135742 -2.6000000000000014 6.992805480957031
      vertex -19.5 -2.6000000000000014 3.5
      vertex -19.5 -2.6000000000000014 12
    endloop
  endfacet
  facet normal -1 0 0
    outer loop
      vertex -19.5 -8.78600082397461 3.5
      vertex -19.5 -3.8000007629394545 12
      vertex -19.5 -2.6000000000000014 12
    endloop
  endfacet
  facet normal -1 0 0
    outer loop
      vertex -19.5 -8.78600082397461 3.5
      vertex -19.5 -3.8000007629394545 13
      vertex -19.5 -3.8000007629394545 12
    endloop
  endfacet
  facet normal -0.38293493199611783 0 -0.9237753178436456
    outer loop
      vertex -19 -0.10000000000000142 3
      vertex -19.353473663330078 -0.10000000000000142 3.146526336669922
      vertex -19 25.4 3
    endloop
  endfacet
  facet normal -0.9237753178359508 -0.00000408160966889128 -0.38293493199292805
    outer loop
      vertex -19.353473663330078 -0.10000000000000142 3.146526336669922
      vertex -19.5 -0.10000000000000142 3.5
      vertex -19.353553771972656 25.54644658565521 3.1464462280273438
    endloop
  endfacet
  facet normal -0.5516822638379404 -0.00000432845461622988 -0.8340543625855029
    outer loop
      vertex -19.353473663330078 -0.10000000000000142 3.146526336669922
      vertex -19.353553771972656 25.54644658565521 3.1464462280273438
      vertex -19.18729591369629 25.436475896835326 3.0364761352539062
    endloop
  endfacet
  facet normal -0.19171857389522884 -0.0029819660465222352 -0.9814454117790133
    outer loop
      vertex -19.353473663330078 -0.10000000000000142 3.146526336669922
      vertex -19.18729591369629 25.436475896835326 3.0364761352539062
      vertex -19 25.4 3
    endloop
  endfacet
  facet normal -0.9815551506865215 0 -0.19117919907971131
    outer loop
      vertex -19.5 -0.10000000000000142 3.5
      vertex -19.5 25.4 3.5
      vertex -19.463520050048828 25.43648006916046 3.312704086303711
    endloop
  endfacet
  facet normal -0.83318791784741 -0.0028655756421189695 -0.5529825332045643
    outer loop
      vertex -19.5 -0.10000000000000142 3.5
      vertex -19.463520050048828 25.43648006916046 3.312704086303711
      vertex -19.353553771972656 25.54644658565521 3.1464462280273438
    endloop
  endfacet
  facet normal -1 0 0
    outer loop
      vertex -19.5 -0.10000000000000142 3.5
      vertex -19.5 25.4 21.5
      vertex -19.5 25.4 3.5
    endloop
  endfacet
  facet normal -0.18048316624302707 0.053082662087396815 -0.9821446215749527
    outer loop
      vertex -10.519198417663574 -11.100000000000001 2.5522403717041016
      vertex -12.911744117736816 -9.100000000000001 3.1000003814697266
      vertex -9.653063774108887 -9.100000000000001 2.501171112060547
    endloop
  endfacet
  facet normal 0 1 0
    outer loop
      vertex -12.911744117736816 -9.100000000000001 3.1000003814697266
      vertex -6.377501010894775 -9.100000000000001 3
      vertex -9.653063774108887 -9.100000000000001 2.501171112060547
    endloop
  endfacet
  facet normal 0.1499402262461528 -0.0900751837948624 -0.9845833584910798
    outer loop
      vertex -10.519198417663574 -11.100000000000001 2.5522403717041016
      vertex -9.653063774108887 -9.100000000000001 2.501171112060547
      vertex -6.377501010894775 -9.100000000000001 3
    endloop
  endfacet
  facet normal 0.107483873412088 0 -0.9942068280575901
    outer loop
      vertex -10.519198417663574 -11.100000000000001 2.5522403717041016
      vertex -6.377501010894775 -9.100000000000001 3
      vertex -6.377501010894775 -11.100000000000001 3
    endloop
  endfacet
  facet normal -0.30931057560023967 -0.1014414761051764 -0.9455350838268516
    outer loop
      vertex -14.483195304870605 -11.100000000000001 3.8300962448120117
      vertex -12.9500732421875 -9.100000000000001 3.1140003204345703
      vertex -12.930908203125 -9.092977142333986 3.1069774627685547
    endloop
  endfacet
  facet normal -0.4213456031352872 0 -0.9069001503575578
    outer loop
      vertex -14.483195304870605 -11.100000000000001 3.8300962448120117
      vertex -12.911744117736816 -9.086000061035158 3.1000003814697266
      vertex -12.911744117736816 -9.100000000000001 3.1000003814697266
    endloop
  endfacet
  facet normal -0.3067208552381143 -0.10366156613252885 -0.9461377260573384
    outer loop
      vertex -14.483195304870605 -11.100000000000001 3.8300962448120117
      vertex -12.930908203125 -9.092977142333986 3.1069774627685547
      vertex -12.911744117736816 -9.086000061035158 3.1000003814697266
    endloop
  endfacet
  facet normal -0.3050962508506029 -0.10577022539549007 -0.946429573257669
    outer loop
      vertex -14.483195304870605 -11.100000000000001 3.8300962448120117
      vertex -12.911744117736816 -9.100000000000001 3.1000003814697266
      vertex -10.519198417663574 -11.100000000000001 2.5522403717041016
    endloop
  endfacet
  facet normal 0 -1 0
    outer loop
      vertex -14.483195304870605 -11.100000000000001 3.8300962448120117
      vertex -10.519198417663574 -11.100000000000001 2.5522403717041016
      vertex -12.62550163269043 -11.100000000000001 7.087691307067871
    endloop
  endfacet
  facet normal 0 -1 0
    outer loop
      vertex -10.519198417663574 -11.100000000000001 2.5522403717041016
      vertex -9.5 -11.100000000000001 6.25
      vertex -12.62550163269043 -11.100000000000001 7.087691307067871
    endloop
  endfacet
  facet normal 0 -1 0
    outer loop
      vertex -10.519198417663574 -11.100000000000001 2.5522403717041016
      vertex -6.377501010894775 -11.100000000000001 3
      vertex -9.5 -11.100000000000001 6.25
    endloop
  endfacet
  facet normal 0 -1 0
    outer loop
      vertex -9.5 -11.100000000000001 6.25
      vertex -6.377501010894775 -11.100000000000001 3
      vertex -6.37449836730957 -11.100000000000001 7.087691307067871
    endloop
  endfacet
  facet normal 0 0 -1
    outer loop
      vertex -18.899999618530273 -9.086000061035158 3.1000003814697266
      vertex -18.899999618530273 -8.800000762939455 3.1000003814697266
      vertex 19.27603530883789 -8.800000762939455 3.1000003814697266
    endloop
  endfacet
  facet normal 0 -0.7071067811865476 -0.7071067811865476
    outer loop
      vertex -19 -8.78600082397461 3
      vertex 19 -8.78600082397461 3
      vertex -19 -8.800000762939455 3.0139999389648438
    endloop
  endfacet
  facet normal 0 -1 0
    outer loop
      vertex -19 -8.800000762939455 3.0139999389648438
      vertex 19 -8.800000762939455 3.0139999389648438
      vertex -18.899999618530273 -8.800000762939455 3.1000003814697266
    endloop
  endfacet
  facet normal 0 0 -1
    outer loop
      vertex -18.899999618530273 -9.086000061035158 3.1000003814697266
      vertex 19.27603530883789 -8.800000762939455 3.1000003814697266
      vertex -12.911744117736816 -9.086000061035158 3.1000003814697266
    endloop
  endfacet
  facet normal 0 0 -1
    outer loop
      vertex -12.911744117736816 -9.086000061035158 3.1000003814697266
      vertex 19.27603530883789 -8.800000762939455 3.1000003814697266
      vertex -12.911744117736816 -9.100000000000001 3.1000003814697266
    endloop
  endfacet
  facet normal 0 1 0
    outer loop
      vertex -12.911744117736816 -9.100000000000001 3.1000003814697266
      vertex 14.449999809265137 -9.100000000000001 3.1000003814697266
      vertex -6.377501010894775 -9.100000000000001 3
    endloop
  endfacet
  facet normal 0 -1 0
    outer loop
      vertex -6.377501010894775 -11.100000000000001 3
      vertex 2.5 -11.100000000000001 3
      vertex -6.37449836730957 -11.100000000000001 7.087691307067871
    endloop
  endfacet
  facet normal -0.25888122880887626 -0.00010917024820936773 -0.9659091559004206
    outer loop
      vertex -12.625421524047852 -12.100000000000001 7.087782859802246
      vertex -12.62550163269043 -11.100000000000001 7.087691307067871
      vertex -9.5 -11.100000000000001 6.25
    endloop
  endfacet
  facet normal -0.25891381870227026 0 -0.9659004267961621
    outer loop
      vertex -12.625421524047852 -12.100000000000001 7.087782859802246
      vertex -9.5 -11.100000000000001 6.25
      vertex -9.5 -12.100000000000001 6.25
    endloop
  endfacet
  facet normal 0 -1 0
    outer loop
      vertex -12.625421524047852 -12.100000000000001 7.087782859802246
      vertex -9.5 -12.100000000000001 6.25
      vertex -12.000337600708008 -12.100000000000001 8.170226097106934
    endloop
  endfacet
  facet normal -0.7071067391163007 -0.00012138292323899922 -0.7071068128384124
    outer loop
      vertex -14.912217140197754 -12.100000000000001 9.37457823753357
      vertex -12.62550163269043 -11.100000000000001 7.087691307067871
      vertex -12.625421524047852 -12.100000000000001 7.087782859802246
    endloop
  endfacet
  facet normal 0 -1 0
    outer loop
      vertex -13.829773902893066 -12.100000000000001 9.999662637710571
      vertex -12.625421524047852 -12.100000000000001 7.087782859802246
      vertex -12.000337600708008 -12.100000000000001 8.170226097106934
    endloop
  endfacet
  facet normal 0 -1 0
    outer loop
      vertex -14.912217140197754 -12.100000000000001 9.37457823753357
      vertex -12.625421524047852 -12.100000000000001 7.087782859802246
      vertex -13.829773902893066 -12.100000000000001 9.999662637710571
    endloop
  endfacet
  facet normal -0.7070473056085337 -0.0008239106263840557 -0.7071657717982345
    outer loop
      vertex -13.830126762390137 -12.350000000000001 10
      vertex -12.000337600708008 -12.100000000000001 8.170226097106934
      vertex -11.999887466430664 -12.350000000000001 8.170067310333252
    endloop
  endfacet
  facet normal -0.2589137102964804 0.00014730511768221906 -0.9659004446223807
    outer loop
      vertex -9.5 -12.100000000000001 7.5
      vertex -11.999887466430664 -12.350000000000001 8.170067310333252
      vertex -12.000337600708008 -12.100000000000001 8.170226097106934
    endloop
  endfacet
  facet normal 0 -1 0
    outer loop
      vertex -9.5 -12.350000000000001 7.5
      vertex -11.708518028259277 -12.350000000000001 10.407383680343628
      vertex -11.999887466430664 -12.350000000000001 8.170067310333252
    endloop
  endfacet
  facet normal 0 -1 0
    outer loop
      vertex -9.5 -12.350000000000001 7.5
      vertex -11.091655731201172 -12.350000000000001 9.907081604003906
      vertex -11.708518028259277 -12.350000000000001 10.407383680343628
    endloop
  endfacet
  facet normal 0 -1 0
    outer loop
      vertex -9.5 -12.100000000000001 6.25
      vertex -9.5 -12.100000000000001 7.5
      vertex -12.000337600708008 -12.100000000000001 8.170226097106934
    endloop
  endfacet
  facet normal -0.2588999693755094 0 -0.9659041390621329
    outer loop
      vertex -9.5 -12.350000000000001 7.5
      vertex -11.999887466430664 -12.350000000000001 8.170067310333252
      vertex -9.5 -12.100000000000001 7.5
    endloop
  endfacet
  facet normal 0.258881230351568 0 -0.9659091616563424
    outer loop
      vertex -9.5 -12.100000000000001 6.25
      vertex -9.5 -11.100000000000001 6.25
      vertex -6.37449836730957 -11.100000000000001 7.087691307067871
    endloop
  endfacet
  facet normal 0 -1 0
    outer loop
      vertex -9.5 -12.100000000000001 6.25
      vertex -6.374578475952148 -12.100000000000001 7.087782859802246
      vertex -9.5 -12.100000000000001 7.5
    endloop
  endfacet
  facet normal 0.2589138171593331 -0.00010917205911754008 -0.9659004210401013
    outer loop
      vertex -9.5 -12.100000000000001 6.25
      vertex -6.37449836730957 -11.100000000000001 7.087691307067871
      vertex -6.374578475952148 -12.100000000000001 7.087782859802246
    endloop
  endfacet
  facet normal 0.2589137131055385 0 -0.9659004551018199
    outer loop
      vertex -9.5 -12.350000000000001 7.5
      vertex -9.5 -12.100000000000001 7.5
      vertex -6.999662399291992 -12.100000000000001 8.170226097106934
    endloop
  endfacet
  facet normal 0 -1 0
    outer loop
      vertex -9.5 -12.100000000000001 7.5
      vertex -6.374578475952148 -12.100000000000001 7.087782859802246
      vertex -6.999662399291992 -12.100000000000001 8.170226097106934
    endloop
  endfacet
  facet normal 0 -1 0
    outer loop
      vertex -9.5 -12.350000000000001 7.5
      vertex -10.366324424743652 -12.350000000000001 9.583482265472412
      vertex -11.091655731201172 -12.350000000000001 9.907081604003906
    endloop
  endfacet
  facet normal 0 -1 0
    outer loop
      vertex -9.5 -12.350000000000001 7.5
      vertex -9.822099685668945 -12.350000000000001 10.526107430458069
      vertex -10.366324424743652 -12.350000000000001 9.583482265472412
    endloop
  endfacet
  facet normal 0 -1 0
    outer loop
      vertex -9.5 -12.350000000000001 7.5
      vertex -9.581954956054688 -12.350000000000001 9.458639144897461
      vertex -9.701839447021484 -12.350000000000001 10.510210871696472
    endloop
  endfacet
  facet normal 0 -1 0
    outer loop
      vertex -9.5 -12.350000000000001 7.5
      vertex -9.300243377685547 -12.350000000000001 10.510000705718994
      vertex -9.581954956054688 -12.350000000000001 9.458639144897461
    endloop
  endfacet
  facet normal 0 -1 0
    outer loop
      vertex -9.5 -12.350000000000001 7.5
      vertex -8.791999816894531 -12.350000000000001 9.541059494018555
      vertex -9.300243377685547 -12.350000000000001 10.510000705718994
    endloop
  endfacet
  facet normal 0 -1 0
    outer loop
      vertex -9.5 -12.350000000000001 7.5
      vertex -7.000112533569336 -12.350000000000001 8.170067310333252
      vertex -8.791999816894531 -12.350000000000001 9.541059494018555
    endloop
  endfacet
  facet normal 0.2588999665655673 0.00014733220363396583 -0.9659041285787995
    outer loop
      vertex -9.5 -12.350000000000001 7.5
      vertex -6.999662399291992 -12.100000000000001 8.170226097106934
      vertex -7.000112533569336 -12.350000000000001 8.170067310333252
    endloop
  endfacet
  facet normal -0.7071068265835767 0.000043832849620739455 -0.7071067344309379
    outer loop
      vertex -13.830126762390137 -12.350000000000001 10
      vertex -13.829773902893066 -12.100000000000001 9.999662637710571
      vertex -12.000337600708008 -12.100000000000001 8.170226097106934
    endloop
  endfacet
  facet normal 0.5000000236759644 0 -0.8660253901151137
    outer loop
      vertex -11.708518028259277 -16.35 10.407383680343628
      vertex -11.708518028259277 -12.350000000000001 10.407383680343628
      vertex -10.76589298248291 -16.35 10.951608538627625
    endloop
  endfacet
  facet normal 0 -1 0
    outer loop
      vertex -11.091655731201172 -16.35 9.907081604003906
      vertex -10.322005271911621 -16.35 10.676731586456299
      vertex -10.570135116577148 -16.35 10.810381293296814
    endloop
  endfacet
  facet normal 0 -1 0
    outer loop
      vertex -11.708518028259277 -16.35 10.407383680343628
      vertex -10.76589298248291 -16.35 10.951608538627625
      vertex -10.970976829528809 -16.35 11.144924998283386
    endloop
  endfacet
  facet normal 0.7071065621423432 0 -0.7071070002306838
    outer loop
      vertex -11.091655731201172 -16.35 9.907081604003906
      vertex -11.091655731201172 -12.350000000000001 9.907081604003906
      vertex -10.322005271911621 -16.35 10.676731586456299
    endloop
  endfacet
  facet normal -0.8660252809631248 0 0.5000002127326953
    outer loop
      vertex -11.091655731201172 -16.35 9.907081604003906
      vertex -10.570135116577148 -16.35 10.810381293296814
      vertex -10.570135116577148 -12.350000000000001 10.810381293296814
    endloop
  endfacet
  facet normal -0.7071068383316175 0 0.7071067240414729
    outer loop
      vertex -11.708518028259277 -16.35 10.407383680343628
      vertex -10.970976829528809 -16.35 11.144924998283386
      vertex -10.970976829528809 -12.350000000000001 11.144924998283386
    endloop
  endfacet
  facet normal -0.5602054297991585 0 -0.8283537145589076
    outer loop
      vertex -10.570135116577148 -16.35 10.810381293296814
      vertex -10.669672012329102 -16.35 10.877696871757507
      vertex -10.570135116577148 -12.350000000000001 10.810381293296814
    endloop
  endfacet
  facet normal -0.6091697070814098 -4.726886096784974e-8 -0.7930398905315842
    outer loop
      vertex -10.669672012329102 -16.35 10.877696871757507
      vertex -10.76589298248291 -16.35 10.951608538627625
      vertex -10.669672012329102 -12.350000000000001 10.877696633338928
    endloop
  endfacet
  facet normal 0 -1 0
    outer loop
      vertex -11.999887466430664 -12.350000000000001 8.170067310333252
      vertex -11.708518028259277 -12.350000000000001 10.407383680343628
      vertex -12.174873352050781 -12.350000000000001 11.050294399261475
    endloop
  endfacet
  facet normal 0 -1 0
    outer loop
      vertex -11.091655731201172 -12.350000000000001 9.907081604003906
      vertex -10.366324424743652 -12.350000000000001 9.583482265472412
      vertex -10.322005271911621 -12.350000000000001 10.676731586456299
    endloop
  endfacet
  facet normal -0.7071068383316175 0 0.7071067240414729
    outer loop
      vertex -11.708518028259277 -16.35 10.407383680343628
      vertex -10.970976829528809 -12.350000000000001 11.144924998283386
      vertex -11.708518028259277 -12.350000000000001 10.407383680343628
    endloop
  endfacet
  facet normal 0 -1 0
    outer loop
      vertex -11.999887466430664 -12.350000000000001 8.170067310333252
      vertex -12.174873352050781 -12.350000000000001 11.050294399261475
      vertex -12.458940505981445 -12.350000000000001 11.791999995708466
    endloop
  endfacet
  facet normal 0 -1 0
    outer loop
      vertex -11.708518028259277 -12.350000000000001 10.407383680343628
      vertex -11.12351131439209 -12.350000000000001 11.332005858421326
      vertex -12.174873352050781 -12.350000000000001 11.050294399261475
    endloop
  endfacet
  facet normal -0.8660252809631248 0 0.5000002127326953
    outer loop
      vertex -11.091655731201172 -16.35 9.907081604003906
      vertex -10.570135116577148 -12.350000000000001 10.810381293296814
      vertex -11.091655731201172 -12.350000000000001 9.907081604003906
    endloop
  endfacet
  facet normal 0.7071065621423432 0 -0.7071070002306838
    outer loop
      vertex -11.091655731201172 -12.350000000000001 9.907081604003906
      vertex -10.322005271911621 -12.350000000000001 10.676731586456299
      vertex -10.322005271911621 -16.35 10.676731586456299
    endloop
  endfacet
  facet normal 0.5000000236759644 0 -0.8660253901151137
    outer loop
      vertex -10.76589298248291 -16.35 10.951608538627625
      vertex -11.708518028259277 -12.350000000000001 10.407383680343628
      vertex -10.76589298248291 -12.350000000000001 10.951608538627625
    endloop
  endfacet
  facet normal -0.6091709428998867 0 -0.7930389412421455
    outer loop
      vertex -10.76589298248291 -16.35 10.951608538627625
      vertex -10.76589298248291 -12.350000000000001 10.951608538627625
      vertex -10.669672012329102 -12.350000000000001 10.877696633338928
    endloop
  endfacet
  facet normal -0.5602040683413109 -4.93737837847754e-8 -0.8283546352944744
    outer loop
      vertex -10.669672012329102 -16.35 10.877696871757507
      vertex -10.669672012329102 -12.350000000000001 10.877696633338928
      vertex -10.570135116577148 -12.350000000000001 10.810381293296814
    endloop
  endfacet
  facet normal 0 -1 0
    outer loop
      vertex -11.091655731201172 -12.350000000000001 9.907081604003906
      vertex -10.76589298248291 -12.350000000000001 10.951608538627625
      vertex -11.708518028259277 -12.350000000000001 10.407383680343628
    endloop
  endfacet
  facet normal 0 -1 0
    outer loop
      vertex -11.091655731201172 -12.350000000000001 9.907081604003906
      vertex -10.570135116577148 -12.350000000000001 10.810381293296814
      vertex -10.669672012329102 -12.350000000000001 10.877696633338928
    endloop
  endfacet
  facet normal 0 -1 0
    outer loop
      vertex -11.708518028259277 -12.350000000000001 10.407383680343628
      vertex -10.970976829528809 -12.350000000000001 11.144924998283386
      vertex -11.049692153930664 -12.350000000000001 11.235700607299805
    endloop
  endfacet
  facet normal 0 -1 0
    outer loop
      vertex -11.091655731201172 -12.350000000000001 9.907081604003906
      vertex -10.669672012329102 -12.350000000000001 10.877696633338928
      vertex -10.76589298248291 -12.350000000000001 10.951608538627625
    endloop
  endfacet
  facet normal 0 -1 0
    outer loop
      vertex -13.830126762390137 -12.350000000000001 10
      vertex -11.999887466430664 -12.350000000000001 8.170067310333252
      vertex -13.830126762390137 -12.350000000000001 15
    endloop
  endfacet
  facet normal 0 -1 0
    outer loop
      vertex -11.999887466430664 -12.350000000000001 8.170067310333252
      vertex -12.458940505981445 -12.350000000000001 11.791999995708466
      vertex -13.830126762390137 -12.350000000000001 15
    endloop
  endfacet
  facet normal 0 -1 0
    outer loop
      vertex -12.174873352050781 -16.35 11.050294399261475
      vertex -11.12351131439209 -16.35 11.332005858421326
      vertex -11.271573066711426 -16.35 11.571814715862274
    endloop
  endfacet
  facet normal 0.2588189167089901 0 -0.965925860692002
    outer loop
      vertex -12.174873352050781 -16.35 11.050294399261475
      vertex -12.174873352050781 -12.350000000000001 11.050294399261475
      vertex -11.12351131439209 -16.35 11.332005858421326
    endloop
  endfacet
  facet normal -0.49999975099330624 0 0.8660255475484725
    outer loop
      vertex -12.174873352050781 -16.35 11.050294399261475
      vertex -11.271573066711426 -16.35 11.571814715862274
      vertex -11.271573066711426 -12.350000000000001 11.571814715862274
    endloop
  endfacet
  facet normal -0.755508318327495 0 -0.6551390546578341
    outer loop
      vertex -10.970976829528809 -16.35 11.144924998283386
      vertex -11.04969310760498 -16.35 11.235700845718384
      vertex -10.970976829528809 -12.350000000000001 11.144924998283386
    endloop
  endfacet
  facet normal -0.793668578679458 1.529648263912985e-7 -0.6083503819485162
    outer loop
      vertex -11.04969310760498 -16.35 11.235700845718384
      vertex -11.12351131439209 -16.35 11.332005858421326
      vertex -11.049692153930664 -12.350000000000001 11.235700607299805
    endloop
  endfacet
  facet normal -0.8993266795595207 0 -0.43727739872127735
    outer loop
      vertex -11.271573066711426 -16.35 11.571814715862274
      vertex -11.324109077453613 -16.35 11.679862916469574
      vertex -11.271573066711426 -12.350000000000001 11.571814715862274
    endloop
  endfacet
  facet normal -0.9240738843720766 -2.8477153782113675e-8 -0.3822138880541905
    outer loop
      vertex -11.324109077453613 -16.35 11.679862916469574
      vertex -11.370491027832031 -16.35 11.791999995708466
      vertex -11.324109077453613 -12.350000000000001 11.67986261844635
    endloop
  endfacet
  facet normal 0 -1 0
    outer loop
      vertex -12.458940505981445 -16.35 11.791999995708466
      vertex -11.370491027832031 -16.35 11.791999995708466
      vertex -11.451440811157227 -16.35 12.061958819627762
    endloop
  endfacet
  facet normal 0 -1 0
    outer loop
      vertex -11.489999771118164 -16.35 12.30024316906929
      vertex -11.498320579528809 -16.35 12.581954665482044
      vertex -12.541360855102539 -16.35 12.581954665482044
    endloop
  endfacet
  facet normal 0 -1 0
    outer loop
      vertex -11.474220275878906 -16.35 12.179915368556976
      vertex -11.489794731140137 -16.35 12.701781451702118
      vertex -11.489999771118164 -16.35 12.30024316906929
    endloop
  endfacet
  facet normal 0 -1 0
    outer loop
      vertex -11.451440811157227 -16.35 12.061958819627762
      vertex -11.370491027832031 -16.35 11.791999995708466
      vertex -11.409017562866211 -16.35 13.096365451812744
    endloop
  endfacet
  facet normal 0 -1 0
    outer loop
      vertex -11.451440811157227 -16.35 12.061958819627762
      vertex -11.473892211914062 -16.35 12.822099447250366
      vertex -11.474220275878906 -16.35 12.179915368556976
    endloop
  endfacet
  facet normal 0 0 -1
    outer loop
      vertex -12.458940505981445 -16.35 11.791999995708466
      vertex -12.458940505981445 -12.350000000000001 11.791999995708466
      vertex -11.370491027832031 -16.35 11.791999995708466
    endloop
  endfacet
  facet normal -0.2588191294698451 0 0.965925803682908
    outer loop
      vertex -12.458940505981445 -16.35 11.791999995708466
      vertex -11.451440811157227 -16.35 12.061958819627762
      vertex -11.451440811157227 -12.350000000000001 12.061958819627762
    endloop
  endfacet
  facet normal -0.9818587078750969 0 -0.18961402313606768
    outer loop
      vertex -11.451440811157227 -16.35 12.061958819627762
      vertex -11.474220275878906 -16.35 12.179915368556976
      vertex -11.451440811157227 -12.350000000000001 12.061958819627762
    endloop
  endfacet
  facet normal -0.2588191676861721 0 -0.9659257934428697
    outer loop
      vertex -11.489999771118164 -16.35 12.30024316906929
      vertex -12.541360855102539 -16.35 12.581954665482044
      vertex -12.541360855102539 -12.350000000000001 12.581954665482044
    endloop
  endfacet
  facet normal -0.9915108053302696 -8.718809855047244e-9 -0.13002431662316116
    outer loop
      vertex -11.474220275878906 -16.35 12.179915368556976
      vertex -11.489999771118164 -16.35 12.30024316906929
      vertex -11.474220275878906 -12.350000000000001 12.179915100336075
    endloop
  endfacet
  facet normal 0 -1 0
    outer loop
      vertex -11.04969310760498 -16.35 11.235700845718384
      vertex -11.122328758239746 -16.35 13.669636845588684
      vertex -11.12351131439209 -16.35 11.332005858421326
    endloop
  endfacet
  facet normal 0 -1 0
    outer loop
      vertex -10.970976829528809 -16.35 11.144924998283386
      vertex -11.048391342163086 -16.35 13.765892624855042
      vertex -11.04969310760498 -16.35 11.235700845718384
    endloop
  endfacet
  facet normal 0 -1 0
    outer loop
      vertex -10.669672012329102 -16.35 10.877696871757507
      vertex -10.764328002929688 -16.35 14.04966926574707
      vertex -10.76589298248291 -16.35 10.951608538627625
    endloop
  endfacet
  facet normal 0 -1 0
    outer loop
      vertex -10.970976829528809 -16.35 11.144924998283386
      vertex -10.76589298248291 -16.35 10.951608538627625
      vertex -10.855074882507324 -16.35 13.97097647190094
    endloop
  endfacet
  facet normal 0 -1 0
    outer loop
      vertex -10.570135116577148 -16.35 10.810381293296814
      vertex -10.667994499206543 -16.35 14.123511552810669
      vertex -10.669672012329102 -16.35 10.877696871757507
    endloop
  endfacet
  facet normal 0 -1 0
    outer loop
      vertex -11.271573066711426 -16.35 11.571814715862274
      vertex -11.323267936706543 -16.35 13.322005152702332
      vertex -11.324109077453613 -16.35 11.679862916469574
    endloop
  endfacet
  facet normal 0 -1 0
    outer loop
      vertex -11.12351131439209 -16.35 11.332005858421326
      vertex -11.189619064331055 -16.35 13.57013487815857
      vertex -11.271573066711426 -16.35 11.571814715862274
    endloop
  endfacet
  facet normal 0 -1 0
    outer loop
      vertex -11.324109077453613 -16.35 11.679862916469574
      vertex -11.369771957397461 -16.35 13.209897577762604
      vertex -11.370491027832031 -16.35 11.791999995708466
    endloop
  endfacet
  facet normal -0.49999975099330624 0 0.8660255475484725
    outer loop
      vertex -12.174873352050781 -16.35 11.050294399261475
      vertex -11.271573066711426 -12.350000000000001 11.571814715862274
      vertex -12.174873352050781 -12.350000000000001 11.050294399261475
    endloop
  endfacet
  facet normal 0.2588189167089901 0 -0.965925860692002
    outer loop
      vertex -11.12351131439209 -16.35 11.332005858421326
      vertex -12.174873352050781 -12.350000000000001 11.050294399261475
      vertex -11.12351131439209 -12.350000000000001 11.332005858421326
    endloop
  endfacet
  facet normal 0 -1 0
    outer loop
      vertex -12.174873352050781 -12.350000000000001 11.050294399261475
      vertex -11.370491027832031 -12.350000000000001 11.791999995708466
      vertex -12.458940505981445 -12.350000000000001 11.791999995708466
    endloop
  endfacet
  facet normal 0 -1 0
    outer loop
      vertex -12.174873352050781 -12.350000000000001 11.050294399261475
      vertex -11.324109077453613 -12.350000000000001 11.67986261844635
      vertex -11.370491027832031 -12.350000000000001 11.791999995708466
    endloop
  endfacet
  facet normal 0 -1 0
    outer loop
      vertex -12.174873352050781 -12.350000000000001 11.050294399261475
      vertex -11.271573066711426 -12.350000000000001 11.571814715862274
      vertex -11.324109077453613 -12.350000000000001 11.67986261844635
    endloop
  endfacet
  facet normal -0.7555113952963802 1.4107883423055786e-7 -0.6551355062712575
    outer loop
      vertex -11.04969310760498 -16.35 11.235700845718384
      vertex -11.049692153930664 -12.350000000000001 11.235700607299805
      vertex -10.970976829528809 -12.350000000000001 11.144924998283386
    endloop
  endfacet
  facet normal -0.7936655111105867 0 -0.6083543839519621
    outer loop
      vertex -11.12351131439209 -16.35 11.332005858421326
      vertex -11.12351131439209 -12.350000000000001 11.332005858421326
      vertex -11.049692153930664 -12.350000000000001 11.235700607299805
    endloop
  endfacet
  facet normal -0.8993262052459371 -3.2579777703962494e-8 -0.4372783742170903
    outer loop
      vertex -11.324109077453613 -16.35 11.679862916469574
      vertex -11.324109077453613 -12.350000000000001 11.67986261844635
      vertex -11.271573066711426 -12.350000000000001 11.571814715862274
    endloop
  endfacet
  facet normal 0 -1 0
    outer loop
      vertex -11.708518028259277 -12.350000000000001 10.407383680343628
      vertex -11.049692153930664 -12.350000000000001 11.235700607299805
      vertex -11.12351131439209 -12.350000000000001 11.332005858421326
    endloop
  endfacet
  facet normal -0.2588191294698451 0 0.965925803682908
    outer loop
      vertex -12.458940505981445 -16.35 11.791999995708466
      vertex -11.451440811157227 -12.350000000000001 12.061958819627762
      vertex -12.458940505981445 -12.350000000000001 11.791999995708466
    endloop
  endfacet
  facet normal 0 0 -1
    outer loop
      vertex -11.370491027832031 -16.35 11.791999995708466
      vertex -12.458940505981445 -12.350000000000001 11.791999995708466
      vertex -11.370491027832031 -12.350000000000001 11.791999995708466
    endloop
  endfacet
  facet normal -0.2588191676861721 0 -0.9659257934428697
    outer loop
      vertex -11.489999771118164 -16.35 12.30024316906929
      vertex -12.541360855102539 -12.350000000000001 12.581954665482044
      vertex -11.489999771118164 -12.350000000000001 12.30024316906929
    endloop
  endfacet
  facet normal -0.9818586276035023 -1.2714638927424744e-8 -0.18961443879770068
    outer loop
      vertex -11.474220275878906 -16.35 12.179915368556976
      vertex -11.474220275878906 -12.350000000000001 12.179915100336075
      vertex -11.451440811157227 -12.350000000000001 12.061958819627762
    endloop
  endfacet
  facet normal -0.9915108426958579 0 -0.1300240316885681
    outer loop
      vertex -11.489999771118164 -16.35 12.30024316906929
      vertex -11.489999771118164 -12.350000000000001 12.30024316906929
      vertex -11.474220275878906 -12.350000000000001 12.179915100336075
    endloop
  endfacet
  facet normal 0 -1 0
    outer loop
      vertex -12.458940505981445 -12.350000000000001 11.791999995708466
      vertex -11.451440811157227 -12.350000000000001 12.061958819627762
      vertex -11.474220275878906 -12.350000000000001 12.179915100336075
    endloop
  endfacet
  facet normal 0 -1 0
    outer loop
      vertex -12.458940505981445 -12.350000000000001 11.791999995708466
      vertex -11.474220275878906 -12.350000000000001 12.179915100336075
      vertex -11.489999771118164 -12.350000000000001 12.30024316906929
    endloop
  endfacet
  facet normal 0 -1 0
    outer loop
      vertex -12.458940505981445 -12.350000000000001 11.791999995708466
      vertex -11.489999771118164 -12.350000000000001 12.30024316906929
      vertex -12.541360855102539 -12.350000000000001 12.581954665482044
    endloop
  endfacet
  facet normal -0.9240742431444667 0 -0.3822130206533799
    outer loop
      vertex -11.370491027832031 -16.35 11.791999995708466
      vertex -11.370491027832031 -12.350000000000001 11.791999995708466
      vertex -11.324109077453613 -12.350000000000001 11.67986261844635
    endloop
  endfacet
  facet normal 0.8660254649200884 0 -0.49999989410993345
    outer loop
      vertex -10.366324424743652 -16.35 9.583482265472412
      vertex -10.366324424743652 -12.350000000000001 9.583482265472412
      vertex -9.822099685668945 -16.35 10.526107430458069
    endloop
  endfacet
  facet normal 0.9659258039651358 0 -0.25881912841655635
    outer loop
      vertex -9.581954956054688 -16.35 9.458639144897461
      vertex -9.581954956054688 -12.350000000000001 9.458639144897461
      vertex -9.300243377685547 -16.35 10.510000705718994
    endloop
  endfacet
  facet normal -1 0 0
    outer loop
      vertex -9.581954956054688 -16.35 9.458639144897461
      vertex -9.581954956054688 -16.35 10.50167989730835
      vertex -9.581954956054688 -12.350000000000001 10.50167989730835
    endloop
  endfacet
  facet normal 1 0 0
    outer loop
      vertex -8.791999816894531 -16.35 9.541059494018555
      vertex -8.791999816894531 -12.350000000000001 9.541059494018555
      vertex -8.791999816894531 -16.35 10.629509210586548
    endloop
  endfacet
  facet normal 0 -1 0
    outer loop
      vertex -10.366324424743652 -16.35 9.583482265472412
      vertex -9.822099685668945 -16.35 10.526107430458069
      vertex -10.096364974975586 -16.35 10.590982437133789
    endloop
  endfacet
  facet normal -0.9659256843009435 0 0.25881957500883485
    outer loop
      vertex -10.366324424743652 -16.35 9.583482265472412
      vertex -10.096364974975586 -16.35 10.590982437133789
      vertex -10.096364974975586 -12.350000000000001 10.590982437133789
    endloop
  endfacet
  facet normal -0.13104594730291894 3.6339206295124045e-8 -0.991376295709898
    outer loop
      vertex -9.822099685668945 -16.35 10.526107430458069
      vertex -9.701839447021484 -12.350000000000001 10.510210871696472
      vertex -9.70184326171875 -16.35 10.51021122932434
    endloop
  endfacet
  facet normal -0.32672268528449694 0 -0.9451202499790636
    outer loop
      vertex -10.096364974975586 -16.35 10.590982437133789
      vertex -10.209945678710938 -16.35 10.630246639251709
      vertex -10.096364974975586 -12.350000000000001 10.590982437133789
    endloop
  endfacet
  facet normal -0.3831642233183654 7.25956746929191e-8 -0.923680235779043
    outer loop
      vertex -10.322005271911621 -16.35 10.676731586456299
      vertex -10.209943771362305 -12.350000000000001 10.63024616241455
      vertex -10.209945678710938 -16.35 10.630246639251709
    endloop
  endfacet
  facet normal 0 -1 0
    outer loop
      vertex -9.581954956054688 -16.35 9.458639144897461
      vertex -9.300243377685547 -16.35 10.510000705718994
      vertex -9.581954956054688 -16.35 10.50167989730835
    endloop
  endfacet
  facet normal -0.07098117708295293 0 -0.9974776551381582
    outer loop
      vertex -9.70184326171875 -16.35 10.51021122932434
      vertex -9.581954956054688 -12.350000000000001 10.50167989730835
      vertex -9.581954956054688 -16.35 10.50167989730835
    endloop
  endfacet
  facet normal 0.13000176919009715 2.3767715553705166e-8 -0.9915137618850502
    outer loop
      vertex -9.300243377685547 -16.35 10.510000705718994
      vertex -9.179986000061035 -12.350000000000001 10.525768280029297
      vertex -9.1799898147583 -16.35 10.52576768398285
    endloop
  endfacet
  facet normal -0.9659256766449246 0 -0.2588196035814219
    outer loop
      vertex -8.791999816894531 -16.35 9.541059494018555
      vertex -9.061959266662598 -16.35 10.548559546470642
      vertex -9.061959266662598 -12.350000000000001 10.548559546470642
    endloop
  endfacet
  facet normal 0.18959884387732112 0 -0.9818616391327156
    outer loop
      vertex -9.1799898147583 -16.35 10.52576768398285
      vertex -9.061959266662598 -12.350000000000001 10.548559546470642
      vertex -9.061959266662598 -16.35 10.548559546470642
    endloop
  endfacet
  facet normal -0.9659256843009435 0 0.25881957500883485
    outer loop
      vertex -10.366324424743652 -16.35 9.583482265472412
      vertex -10.096364974975586 -12.350000000000001 10.590982437133789
      vertex -10.366324424743652 -12.350000000000001 9.583482265472412
    endloop
  endfacet
  facet normal 0 -1 0
    outer loop
      vertex -9.5 -12.350000000000001 7.5
      vertex -9.701839447021484 -12.350000000000001 10.510210871696472
      vertex -9.822099685668945 -12.350000000000001 10.526107430458069
    endloop
  endfacet
  facet normal -1 0 0
    outer loop
      vertex -9.581954956054688 -16.35 9.458639144897461
      vertex -9.581954956054688 -12.350000000000001 10.50167989730835
      vertex -9.581954956054688 -12.350000000000001 9.458639144897461
    endloop
  endfacet
  facet normal -0.9659256766449246 0 -0.2588196035814219
    outer loop
      vertex -8.791999816894531 -16.35 9.541059494018555
      vertex -9.061959266662598 -12.350000000000001 10.548559546470642
      vertex -8.791999816894531 -12.350000000000001 9.541059494018555
    endloop
  endfacet
  facet normal 0.8660254649200884 0 -0.49999989410993345
    outer loop
      vertex -10.366324424743652 -12.350000000000001 9.583482265472412
      vertex -9.822099685668945 -12.350000000000001 10.526107430458069
      vertex -9.822099685668945 -16.35 10.526107430458069
    endloop
  endfacet
  facet normal -0.1310447593737904 0 -0.9913764527366309
    outer loop
      vertex -9.822099685668945 -16.35 10.526107430458069
      vertex -9.822099685668945 -12.350000000000001 10.526107430458069
      vertex -9.701839447021484 -12.350000000000001 10.510210871696472
    endloop
  endfacet
  facet normal -0.07098046372089406 -2.1489211280198647e-8 -0.9974777059012229
    outer loop
      vertex -9.70184326171875 -16.35 10.51021122932434
      vertex -9.701839447021484 -12.350000000000001 10.510210871696472
      vertex -9.581954956054688 -12.350000000000001 10.50167989730835
    endloop
  endfacet
  facet normal -0.3831620124735866 0 -0.9236811528862062
    outer loop
      vertex -10.322005271911621 -16.35 10.676731586456299
      vertex -10.322005271911621 -12.350000000000001 10.676731586456299
      vertex -10.209943771362305 -12.350000000000001 10.63024616241455
    endloop
  endfacet
  facet normal -0.32672404197186655 4.3127106059621266e-8 -0.9451197809788788
    outer loop
      vertex -10.209945678710938 -16.35 10.630246639251709
      vertex -10.209943771362305 -12.350000000000001 10.63024616241455
      vertex -10.096364974975586 -12.350000000000001 10.590982437133789
    endloop
  endfacet
  facet normal 0 -1 0
    outer loop
      vertex -10.366324424743652 -12.350000000000001 9.583482265472412
      vertex -10.209943771362305 -12.350000000000001 10.63024616241455
      vertex -10.322005271911621 -12.350000000000001 10.676731586456299
    endloop
  endfacet
  facet normal 0 -1 0
    outer loop
      vertex -10.366324424743652 -12.350000000000001 9.583482265472412
      vertex -10.096364974975586 -12.350000000000001 10.590982437133789
      vertex -10.209943771362305 -12.350000000000001 10.63024616241455
    endloop
  endfacet
  facet normal 0.9659258039651358 0 -0.25881912841655635
    outer loop
      vertex -9.581954956054688 -12.350000000000001 9.458639144897461
      vertex -9.300243377685547 -12.350000000000001 10.510000705718994
      vertex -9.300243377685547 -16.35 10.510000705718994
    endloop
  endfacet
  facet normal 0.130002546390701 0 -0.9915136599825207
    outer loop
      vertex -9.300243377685547 -16.35 10.510000705718994
      vertex -9.300243377685547 -12.350000000000001 10.510000705718994
      vertex -9.179986000061035 -12.350000000000001 10.525768280029297
    endloop
  endfacet
  facet normal 1 0 0
    outer loop
      vertex -8.791999816894531 -12.350000000000001 9.541059494018555
      vertex -8.791999816894531 -12.350000000000001 10.629509210586548
      vertex -8.791999816894531 -16.35 10.629509210586548
    endloop
  endfacet
  facet normal 0.18959997129348422 -3.4507869907003576e-8 -0.9818614214264194
    outer loop
      vertex -9.1799898147583 -16.35 10.52576768398285
      vertex -9.179986000061035 -12.350000000000001 10.525768280029297
      vertex -9.061959266662598 -12.350000000000001 10.548559546470642
    endloop
  endfacet
  facet normal 0.38218955512462166 0 -0.9240839485423626
    outer loop
      vertex -8.791999816894531 -16.35 10.629509210586548
      vertex -8.791999816894531 -12.350000000000001 10.629509210586548
      vertex -8.679946899414062 -12.350000000000001 10.67585289478302
    endloop
  endfacet
  facet normal 0 -1 0
    outer loop
      vertex -9.581954956054688 -12.350000000000001 9.458639144897461
      vertex -9.581954956054688 -12.350000000000001 10.50167989730835
      vertex -9.701839447021484 -12.350000000000001 10.510210871696472
    endloop
  endfacet
  facet normal 0 -1 0
    outer loop
      vertex -8.791999816894531 -12.350000000000001 9.541059494018555
      vertex -9.179986000061035 -12.350000000000001 10.525768280029297
      vertex -9.300243377685547 -12.350000000000001 10.510000705718994
    endloop
  endfacet
  facet normal 0 -1 0
    outer loop
      vertex -8.791999816894531 -12.350000000000001 9.541059494018555
      vertex -9.061959266662598 -12.350000000000001 10.548559546470642
      vertex -9.179986000061035 -12.350000000000001 10.525768280029297
    endloop
  endfacet
  facet normal 0 -1 0
    outer loop
      vertex -8.050293922424316 -16.35 9.825126886367798
      vertex -8.332005500793457 -16.35 10.876488447189331
      vertex -8.57181453704834 -16.35 10.728426694869995
    endloop
  endfacet
  facet normal -0.8660253095356828 0 -0.500000163243598
    outer loop
      vertex -8.050293922424316 -16.35 9.825126886367798
      vertex -8.57181453704834 -16.35 10.728426694869995
      vertex -8.57181453704834 -12.350000000000001 10.728426694869995
    endloop
  endfacet
  facet normal 0.9659258039651358 0 0.25881912841655635
    outer loop
      vertex -8.050293922424316 -16.35 9.825126886367798
      vertex -8.050293922424316 -12.350000000000001 9.825126886367798
      vertex -8.332005500793457 -16.35 10.876488447189331
    endloop
  endfacet
  facet normal 0.3821898763123798 -1.0536572007040577e-8 -0.9240838157030604
    outer loop
      vertex -8.791999816894531 -16.35 10.629509210586548
      vertex -8.679946899414062 -12.350000000000001 10.67585289478302
      vertex -8.67994499206543 -16.35 10.675853729248047
    endloop
  endfacet
  facet normal 0.43725695260499237 0 -0.8993366207369716
    outer loop
      vertex -8.67994499206543 -16.35 10.675853729248047
      vertex -8.57181453704834 -12.350000000000001 10.728426694869995
      vertex -8.57181453704834 -16.35 10.728426694869995
    endloop
  endfacet
  facet normal 0.6083307517033741 4.419156867459122e-8 -0.7936836249614867
    outer loop
      vertex -8.332005500793457 -16.35 10.876488447189331
      vertex -8.235790252685547 -12.350000000000001 10.950234293937683
      vertex -8.235791206359863 -16.35 10.950233340263367
    endloop
  endfacet
  facet normal -0.7071067240414637 0 -0.7071068383316267
    outer loop
      vertex -8.144925117492676 -16.35 11.02902352809906
      vertex -8.144925117492676 -12.350000000000001 11.02902352809906
      vertex -7.407383918762207 -16.35 10.29148244857788
    endloop
  endfacet
  facet normal 0 -1 0
    outer loop
      vertex -8.144925117492676 -16.35 11.02902352809906
      vertex -7.407383918762207 -16.35 10.29148244857788
      vertex -7.951608657836914 -16.35 11.234107375144958
    endloop
  endfacet
  facet normal 0.8660254101590498 0 0.49999998895884934
    outer loop
      vertex -7.407383918762207 -16.35 10.29148244857788
      vertex -7.407383918762207 -12.350000000000001 10.29148244857788
      vertex -7.951608657836914 -16.35 11.234107375144958
    endloop
  endfacet
  facet normal -0.8660253095356828 0 -0.500000163243598
    outer loop
      vertex -8.050293922424316 -16.35 9.825126886367798
      vertex -8.57181453704834 -12.350000000000001 10.728426694869995
      vertex -8.050293922424316 -12.350000000000001 9.825126886367798
    endloop
  endfacet
  facet normal 0 -1 0
    outer loop
      vertex -7.000112533569336 -12.350000000000001 8.170067310333252
      vertex -8.791999816894531 -12.350000000000001 10.629509210586548
      vertex -8.791999816894531 -12.350000000000001 9.541059494018555
    endloop
  endfacet
  facet normal 0 -1 0
    outer loop
      vertex -7.000112533569336 -12.350000000000001 8.170067310333252
      vertex -8.050293922424316 -12.350000000000001 9.825126886367798
      vertex -8.679946899414062 -12.350000000000001 10.67585289478302
    endloop
  endfacet
  facet normal 0 -1 0
    outer loop
      vertex -7.000112533569336 -12.350000000000001 8.170067310333252
      vertex -8.679946899414062 -12.350000000000001 10.67585289478302
      vertex -8.791999816894531 -12.350000000000001 10.629509210586548
    endloop
  endfacet
  facet normal 0 -1 0
    outer loop
      vertex -7.000112533569336 -12.350000000000001 8.170067310333252
      vertex -7.407383918762207 -12.350000000000001 10.29148244857788
      vertex -8.050293922424316 -12.350000000000001 9.825126886367798
    endloop
  endfacet
  facet normal 0 -1 0
    outer loop
      vertex -7.000112533569336 -12.350000000000001 8.170067310333252
      vertex -6.907081604003906 -12.350000000000001 10.908344745635986
      vertex -7.407383918762207 -12.350000000000001 10.29148244857788
    endloop
  endfacet
  facet normal 0.9659258039651358 0 0.25881912841655635
    outer loop
      vertex -8.050293922424316 -12.350000000000001 9.825126886367798
      vertex -8.332005500793457 -12.350000000000001 10.876488447189331
      vertex -8.332005500793457 -16.35 10.876488447189331
    endloop
  endfacet
  facet normal 0.4372563277700246 2.088376201995121e-8 -0.8993369245311083
    outer loop
      vertex -8.67994499206543 -16.35 10.675853729248047
      vertex -8.679946899414062 -12.350000000000001 10.67585289478302
      vertex -8.57181453704834 -12.350000000000001 10.728426694869995
    endloop
  endfacet
  facet normal 0.6083319090131396 0 -0.7936827379226723
    outer loop
      vertex -8.332005500793457 -16.35 10.876488447189331
      vertex -8.332005500793457 -12.350000000000001 10.876488447189331
      vertex -8.235790252685547 -12.350000000000001 10.950234293937683
    endloop
  endfacet
  facet normal 0 -1 0
    outer loop
      vertex -8.050293922424316 -12.350000000000001 9.825126886367798
      vertex -8.57181453704834 -12.350000000000001 10.728426694869995
      vertex -8.679946899414062 -12.350000000000001 10.67585289478302
    endloop
  endfacet
  facet normal 0 -1 0
    outer loop
      vertex -8.050293922424316 -12.350000000000001 9.825126886367798
      vertex -8.235790252685547 -12.350000000000001 10.950234293937683
      vertex -8.332005500793457 -12.350000000000001 10.876488447189331
    endloop
  endfacet
  facet normal 0 -1 0
    outer loop
      vertex -8.050293922424316 -12.350000000000001 9.825126886367798
      vertex -8.144925117492676 -12.350000000000001 11.02902352809906
      vertex -8.235790252685547 -12.350000000000001 10.950234293937683
    endloop
  endfacet
  facet normal -0.7071067240414637 0 -0.7071068383316267
    outer loop
      vertex -7.407383918762207 -16.35 10.29148244857788
      vertex -8.144925117492676 -12.350000000000001 11.02902352809906
      vertex -7.407383918762207 -12.350000000000001 10.29148244857788
    endloop
  endfacet
  facet normal 0.8660254101590498 0 0.49999998895884934
    outer loop
      vertex -7.951608657836914 -16.35 11.234107375144958
      vertex -7.407383918762207 -12.350000000000001 10.29148244857788
      vertex -7.951608657836914 -12.350000000000001 11.234107375144958
    endloop
  endfacet
  facet normal 0 -1 0
    outer loop
      vertex -8.050293922424316 -12.350000000000001 9.825126886367798
      vertex -7.407383918762207 -12.350000000000001 10.29148244857788
      vertex -8.144925117492676 -12.350000000000001 11.02902352809906
    endloop
  endfacet
  facet normal 0 -1 0
    outer loop
      vertex -7.407383918762207 -12.350000000000001 10.29148244857788
      vertex -6.907081604003906 -12.350000000000001 10.908344745635986
      vertex -7.8103814125061035 -12.350000000000001 11.42986512184143
    endloop
  endfacet
  facet normal 0 -1 0
    outer loop
      vertex -8.791999816894531 -16.35 9.541059494018555
      vertex -8.903635025024414 -16.35 14.409017562866211
      vertex -9.061959266662598 -16.35 10.548559546470642
    endloop
  endfacet
  facet normal 0 -1 0
    outer loop
      vertex -8.791999816894531 -16.35 9.541059494018555
      vertex -8.791999816894531 -16.35 10.629509210586548
      vertex -8.903635025024414 -16.35 14.409017562866211
    endloop
  endfacet
  facet normal 0 -1 0
    outer loop
      vertex -10.322005271911621 -16.35 10.676731586456299
      vertex -10.209945678710938 -16.35 10.630246639251709
      vertex -10.32016658782959 -16.35 14.324096083641052
    endloop
  endfacet
  facet normal 0 -1 0
    outer loop
      vertex -10.096364974975586 -16.35 10.590982437133789
      vertex -10.208000183105469 -16.35 14.370490789413452
      vertex -10.209945678710938 -16.35 10.630246639251709
    endloop
  endfacet
  facet normal 0 -1 0
    outer loop
      vertex -10.570135116577148 -16.35 10.810381293296814
      vertex -10.322005271911621 -16.35 10.676731586456299
      vertex -10.42818546295166 -16.35 14.271573305130005
    endloop
  endfacet
  facet normal 0 -1 0
    outer loop
      vertex -10.096364974975586 -16.35 10.590982437133789
      vertex -9.822099685668945 -16.35 10.526107430458069
      vertex -9.938040733337402 -16.35 14.451440453529358
    endloop
  endfacet
  facet normal 0 -1 0
    outer loop
      vertex -9.822099685668945 -16.35 10.526107430458069
      vertex -9.70184326171875 -16.35 10.51021122932434
      vertex -9.820113182067871 -16.35 14.474215745925903
    endloop
  endfacet
  facet normal 0 -1 0
    outer loop
      vertex -9.70184326171875 -16.35 10.51021122932434
      vertex -9.581954956054688 -16.35 10.50167989730835
      vertex -9.699756622314453 -16.35 14.489999294281006
    endloop
  endfacet
  facet normal 0 -1 0
    outer loop
      vertex -9.581954956054688 -16.35 10.50167989730835
      vertex -9.300243377685547 -16.35 10.510000705718994
      vertex -9.418045043945312 -16.35 14.49832010269165
    endloop
  endfacet
  facet normal 0 -1 0
    outer loop
      vertex -9.300243377685547 -16.35 10.510000705718994
      vertex -9.1799898147583 -16.35 10.52576768398285
      vertex -9.298243522644043 -16.35 14.489797592163086
    endloop
  endfacet
  facet normal 0 -1 0
    outer loop
      vertex -9.1799898147583 -16.35 10.52576768398285
      vertex -9.061959266662598 -16.35 10.548559546470642
      vertex -9.177900314331055 -16.35 14.473892569541931
    endloop
  endfacet
  facet normal 0 -1 0
    outer loop
      vertex -8.791999816894531 -16.35 10.629509210586548
      vertex -8.67994499206543 -16.35 10.675853729248047
      vertex -8.79012393951416 -16.35 14.369779467582703
    endloop
  endfacet
  facet normal 0.6551184421329465 0 -0.7555261919862879
    outer loop
      vertex -8.235791206359863 -16.35 10.950233340263367
      vertex -8.144925117492676 -12.350000000000001 11.02902352809906
      vertex -8.144925117492676 -16.35 11.02902352809906
    endloop
  endfacet
  facet normal 0.7930155754233118 1.439886864570828e-8 -0.6092013600904329
    outer loop
      vertex -7.951608657836914 -16.35 11.234107375144958
      vertex -7.877787113189697 -12.350000000000001 11.330203175544739
      vertex -7.8777875900268555 -16.35 11.330202460289001
    endloop
  endfacet
  facet normal 0 -1 0
    outer loop
      vertex -6.907081604003906 -16.35 10.908344745635986
      vertex -7.676731586456299 -16.35 11.677994847297668
      vertex -7.8103814125061035 -16.35 11.42986512184143
    endloop
  endfacet
  facet normal -0.4999999918083955 0 -0.8660254085138638
    outer loop
      vertex -6.907081604003906 -16.35 10.908344745635986
      vertex -7.8103814125061035 -16.35 11.42986512184143
      vertex -7.8103814125061035 -12.350000000000001 11.42986512184143
    endloop
  endfacet
  facet normal 0.7071068359476006 0 0.7071067264254901
    outer loop
      vertex -6.907081604003906 -16.35 10.908344745635986
      vertex -6.907081604003906 -12.350000000000001 10.908344745635986
      vertex -7.676731586456299 -16.35 11.677994847297668
    endloop
  endfacet
  facet normal 0.8283323268423766 0 -0.5602370536727236
    outer loop
      vertex -7.8777875900268555 -16.35 11.330202460289001
      vertex -7.8103814125061035 -12.350000000000001 11.42986512184143
      vertex -7.8103814125061035 -16.35 11.42986512184143
    endloop
  endfacet
  facet normal 0 -1 0
    outer loop
      vertex -8.67994499206543 -16.35 10.675853729248047
      vertex -8.57181453704834 -16.35 10.728426694869995
      vertex -8.677994728088379 -16.35 14.323268413543701
    endloop
  endfacet
  facet normal 0 -1 0
    outer loop
      vertex -8.57181453704834 -16.35 10.728426694869995
      vertex -8.332005500793457 -16.35 10.876488447189331
      vertex -8.429864883422852 -16.35 14.189618706703186
    endloop
  endfacet
  facet normal 0 -1 0
    outer loop
      vertex -8.332005500793457 -16.35 10.876488447189331
      vertex -8.235791206359863 -16.35 10.950233340263367
      vertex -8.330379486083984 -16.35 14.122340321540833
    endloop
  endfacet
  facet normal 0 -1 0
    outer loop
      vertex -8.235791206359863 -16.35 10.950233340263367
      vertex -8.144925117492676 -16.35 11.02902352809906
      vertex -8.23410701751709 -16.35 14.048391461372375
    endloop
  endfacet
  facet normal 0 -1 0
    outer loop
      vertex -8.144925117492676 -16.35 11.02902352809906
      vertex -7.951608657836914 -16.35 11.234107375144958
      vertex -8.029023170471191 -16.35 13.855075001716614
    endloop
  endfacet
  facet normal 0 -1 0
    outer loop
      vertex -7.951608657836914 -16.35 11.234107375144958
      vertex -7.8777875900268555 -16.35 11.330202460289001
      vertex -7.950342178344727 -16.35 13.764342188835144
    endloop
  endfacet
  facet normal 0 -1 0
    outer loop
      vertex -6.583482265472412 -16.35 11.633675754070282
      vertex -7.526107311248779 -16.35 12.177900552749634
      vertex -7.590982437133789 -16.35 11.903634548187256
    endloop
  endfacet
  facet normal 0 -1 0
    outer loop
      vertex -7.8777875900268555 -16.35 11.330202460289001
      vertex -7.8103814125061035 -16.35 11.42986512184143
      vertex -7.87648868560791 -16.35 13.667994141578674
    endloop
  endfacet
  facet normal 0 -1 0
    outer loop
      vertex -7.8103814125061035 -16.35 11.42986512184143
      vertex -7.676731586456299 -16.35 11.677994847297668
      vertex -7.728426456451416 -16.35 13.428185284137726
    endloop
  endfacet
  facet normal 0 -1 0
    outer loop
      vertex -7.676731586456299 -16.35 11.677994847297668
      vertex -7.63032341003418 -16.35 11.789852678775787
      vertex -7.675910472869873 -16.35 13.320181846618652
    endloop
  endfacet
  facet normal 0 -1 0
    outer loop
      vertex -7.63032341003418 -16.35 11.789852678775787
      vertex -7.590982437133789 -16.35 11.903634548187256
      vertex -7.629508972167969 -16.35 13.208000004291534
    endloop
  endfacet
  facet normal 0 -1 0
    outer loop
      vertex -7.590982437133789 -16.35 11.903634548187256
      vertex -7.526107311248779 -16.35 12.177900552749634
      vertex -7.548559665679932 -16.35 12.938041180372238
    endloop
  endfacet
  facet normal 0 -1 0
    outer loop
      vertex -7.526107311248779 -16.35 12.177900552749634
      vertex -7.5102434158325195 -16.35 12.297839656472206
      vertex -7.525628089904785 -16.35 12.819148242473602
    endloop
  endfacet
  facet normal 0 -1 0
    outer loop
      vertex -7.5102434158325195 -16.35 12.297839656472206
      vertex -7.50167989730835 -16.35 12.418045334517956
      vertex -7.510000705718994 -16.35 12.69975683093071
    endloop
  endfacet
  facet normal 0.9236599971224617 9.80784292400202e-9 -0.38321300828094795
    outer loop
      vertex -7.676731586456299 -16.35 11.677994847297668
      vertex -7.6303229331970215 -12.350000000000001 11.789853930473328
      vertex -7.63032341003418 -16.35 11.789852678775787
    endloop
  endfacet
  facet normal 0.9451017068519723 0 -0.3267763206009404
    outer loop
      vertex -7.63032341003418 -16.35 11.789852678775787
      vertex -7.590982437133789 -12.350000000000001 11.903634548187256
      vertex -7.590982437133789 -16.35 11.903634548187256
    endloop
  endfacet
  facet normal -0.2588189885211338 0 -0.9659258414500035
    outer loop
      vertex -6.583482265472412 -16.35 11.633675754070282
      vertex -7.590982437133789 -16.35 11.903634548187256
      vertex -7.590982437133789 -12.350000000000001 11.903634548187256
    endloop
  endfacet
  facet normal 0.9913659413994633 5.373235062966167e-8 -0.13112425493841015
    outer loop
      vertex -7.526107311248779 -16.35 12.177900552749634
      vertex -7.5102434158325195 -12.350000000000001 12.297841295599937
      vertex -7.5102434158325195 -16.35 12.297839656472206
    endloop
  endfacet
  facet normal 0.9974720105824806 0 -0.07106045387234616
    outer loop
      vertex -7.5102434158325195 -16.35 12.297839656472206
      vertex -7.50167989730835 -12.350000000000001 12.418045334517956
      vertex -7.50167989730835 -16.35 12.418045334517956
    endloop
  endfacet
  facet normal 0 0 -1
    outer loop
      vertex -7.50167989730835 -16.35 12.418045334517956
      vertex -7.50167989730835 -12.350000000000001 12.418045334517956
      vertex -6.458639144897461 -16.35 12.418045334517956
    endloop
  endfacet
  facet normal 0.6551178405859766 2.3939340830470938e-8 -0.7555267135885841
    outer loop
      vertex -8.235791206359863 -16.35 10.950233340263367
      vertex -8.235790252685547 -12.350000000000001 10.950234293937683
      vertex -8.144925117492676 -12.350000000000001 11.02902352809906
    endloop
  endfacet
  facet normal 0.7930158649753049 0 -0.6092009831717846
    outer loop
      vertex -7.951608657836914 -16.35 11.234107375144958
      vertex -7.951608657836914 -12.350000000000001 11.234107375144958
      vertex -7.877787113189697 -12.350000000000001 11.330203175544739
    endloop
  endfacet
  facet normal -0.4999999918083955 0 -0.8660254085138638
    outer loop
      vertex -6.907081604003906 -16.35 10.908344745635986
      vertex -7.8103814125061035 -12.350000000000001 11.42986512184143
      vertex -6.907081604003906 -12.350000000000001 10.908344745635986
    endloop
  endfacet
  facet normal 0.8283323001468078 1.4332937679211367e-9 -0.5602370931431608
    outer loop
      vertex -7.8777875900268555 -16.35 11.330202460289001
      vertex -7.877787113189697 -12.350000000000001 11.330203175544739
      vertex -7.8103814125061035 -12.350000000000001 11.42986512184143
    endloop
  endfacet
  facet normal 0.9236601212632517 0 -0.38321270906371974
    outer loop
      vertex -7.676731586456299 -16.35 11.677994847297668
      vertex -7.676731586456299 -12.350000000000001 11.677994847297668
      vertex -7.6303229331970215 -12.350000000000001 11.789853930473328
    endloop
  endfacet
  facet normal 0.7071068359476006 0 0.7071067264254901
    outer loop
      vertex -7.676731586456299 -16.35 11.677994847297668
      vertex -6.907081604003906 -12.350000000000001 10.908344745635986
      vertex -7.676731586456299 -12.350000000000001 11.677994847297668
    endloop
  endfacet
  facet normal 0 -1 0
    outer loop
      vertex -7.407383918762207 -12.350000000000001 10.29148244857788
      vertex -7.877787113189697 -12.350000000000001 11.330203175544739
      vertex -7.951608657836914 -12.350000000000001 11.234107375144958
    endloop
  endfacet
  facet normal 0 -1 0
    outer loop
      vertex -7.407383918762207 -12.350000000000001 10.29148244857788
      vertex -7.8103814125061035 -12.350000000000001 11.42986512184143
      vertex -7.877787113189697 -12.350000000000001 11.330203175544739
    endloop
  endfacet
  facet normal 0 -1 0
    outer loop
      vertex -6.907081604003906 -12.350000000000001 10.908344745635986
      vertex -7.6303229331970215 -12.350000000000001 11.789853930473328
      vertex -7.676731586456299 -12.350000000000001 11.677994847297668
    endloop
  endfacet
  facet normal 0 -1 0
    outer loop
      vertex -6.907081604003906 -12.350000000000001 10.908344745635986
      vertex -6.583482265472412 -12.350000000000001 11.633675754070282
      vertex -7.590982437133789 -12.350000000000001 11.903634548187256
    endloop
  endfacet
  facet normal 0 -1 0
    outer loop
      vertex -6.907081604003906 -12.350000000000001 10.908344745635986
      vertex -7.590982437133789 -12.350000000000001 11.903634548187256
      vertex -7.6303229331970215 -12.350000000000001 11.789853930473328
    endloop
  endfacet
  facet normal 0.9451018198612187 -1.0408739596910185e-8 -0.3267759937556804
    outer loop
      vertex -7.63032341003418 -16.35 11.789852678775787
      vertex -7.6303229331970215 -12.350000000000001 11.789853930473328
      vertex -7.590982437133789 -12.350000000000001 11.903634548187256
    endloop
  endfacet
  facet normal 0.4999999826051777 0 0.8660254138273437
    outer loop
      vertex -7.526107311248779 -16.35 12.177900552749634
      vertex -6.583482265472412 -12.350000000000001 11.633675754070282
      vertex -7.526107311248779 -12.350000000000001 12.177900552749634
    endloop
  endfacet
  facet normal 0.9913661743390567 0 -0.13112249378479254
    outer loop
      vertex -7.526107311248779 -16.35 12.177900552749634
      vertex -7.526107311248779 -12.350000000000001 12.177900552749634
      vertex -7.5102434158325195 -12.350000000000001 12.297841295599937
    endloop
  endfacet
  facet normal 0.9974719418988365 2.911968520733666e-8 -0.071061417974617
    outer loop
      vertex -7.5102434158325195 -16.35 12.297839656472206
      vertex -7.5102434158325195 -12.350000000000001 12.297841295599937
      vertex -7.50167989730835 -12.350000000000001 12.418045334517956
    endloop
  endfacet
  facet normal 0 -1 0
    outer loop
      vertex -6.583482265472412 -12.350000000000001 11.633675754070282
      vertex -7.5102434158325195 -12.350000000000001 12.297841295599937
      vertex -7.526107311248779 -12.350000000000001 12.177900552749634
    endloop
  endfacet
  facet normal 0 -1 0
    outer loop
      vertex -6.583482265472412 -12.350000000000001 11.633675754070282
      vertex -7.50167989730835 -12.350000000000001 12.418045334517956
      vertex -7.5102434158325195 -12.350000000000001 12.297841295599937
    endloop
  endfacet
  facet normal 0 -1 0
    outer loop
      vertex -6.374578475952148 -12.100000000000001 7.087782859802246
      vertex -5.170226097106934 -12.100000000000001 9.999662637710571
      vertex -6.999662399291992 -12.100000000000001 8.170226097106934
    endloop
  endfacet
  facet normal 0.7071862180202194 -0.00012138201285792712 -0.7070273250084934
    outer loop
      vertex -6.374578475952148 -12.100000000000001 7.087782859802246
      vertex -6.37449836730957 -11.100000000000001 7.087691307067871
      vertex -4.087213516235352 -11.100000000000001 9.375490188598633
    endloop
  endfacet
  facet normal 0.7071065871764866 -0.0008240550145180733 -0.7071064950238788
    outer loop
      vertex -7.000112533569336 -12.350000000000001 8.170067310333252
      vertex -6.999662399291992 -12.100000000000001 8.170226097106934
      vertex -5.170226097106934 -12.100000000000001 9.999662637710571
    endloop
  endfacet
  facet normal 0 -1 0
    outer loop
      vertex -6.374578475952148 -12.100000000000001 7.087782859802246
      vertex -4.087782859802246 -12.100000000000001 9.37457823753357
      vertex -5.170226097106934 -12.100000000000001 9.999662637710571
    endloop
  endfacet
  facet normal 0.7071067235754527 0.0002422601327335825 -0.7071067972975627
    outer loop
      vertex -6.374578475952148 -12.100000000000001 7.087782859802246
      vertex -4.087213516235352 -11.100000000000001 9.375490188598633
      vertex -4.087782859802246 -12.100000000000001 9.37457823753357
    endloop
  endfacet
  facet normal 0 -1 0
    outer loop
      vertex -6.37449836730957 -11.100000000000001 7.087691307067871
      vertex 2.5 -11.100000000000001 3
      vertex -4.087213516235352 -11.100000000000001 9.375490188598633
    endloop
  endfacet
  facet normal 0 -1 0
    outer loop
      vertex -4.087213516235352 -11.100000000000001 9.375490188598633
      vertex 2.5 -11.100000000000001 3
      vertex -3.2501704692840576 -11.100000000000001 12.499999999999996
    endloop
  endfacet
  facet normal 0 -1 0
    outer loop
      vertex -7.000112533569336 -12.350000000000001 8.170067310333252
      vertex -5.169872760772705 -12.350000000000001 10
      vertex -6.907081604003906 -12.350000000000001 10.908344745635986
    endloop
  endfacet
  facet normal 0.707047452754299 0.00004501751798806965 -0.7071661032084897
    outer loop
      vertex -7.000112533569336 -12.350000000000001 8.170067310333252
      vertex -5.170226097106934 -12.100000000000001 9.999662637710571
      vertex -5.169872760772705 -12.350000000000001 10
    endloop
  endfacet
  facet normal 0 -1 0
    outer loop
      vertex -6.907081604003906 -12.350000000000001 10.908344745635986
      vertex -5.169872760772705 -12.350000000000001 10
      vertex -6.583482265472412 -12.350000000000001 11.633675754070282
    endloop
  endfacet
  facet normal 0.9658999506352165 0.001015759448247185 -0.2589136025697177
    outer loop
      vertex -5.169872760772705 -12.350000000000001 10
      vertex -5.170226097106934 -12.100000000000001 9.999662637710571
      vertex -4.5 -12.100000000000001 12.499999999999998
    endloop
  endfacet
  facet normal 0 -1 0
    outer loop
      vertex -5.170226097106934 -12.100000000000001 9.999662637710571
      vertex -4.087782859802246 -12.100000000000001 9.37457823753357
      vertex -4.5 -12.100000000000001 12.499999999999998
    endloop
  endfacet
  facet normal 0.9659386715996913 -0.0003139645612282615 -0.2587709105260446
    outer loop
      vertex -4.087782859802246 -12.100000000000001 9.37457823753357
      vertex -4.087213516235352 -11.100000000000001 9.375490188598633
      vertex -3.2501704692840576 -11.100000000000001 12.499999999999996
    endloop
  endfacet
  facet normal 0.4999999826051777 0 0.8660254138273437
    outer loop
      vertex -6.583482265472412 -16.35 11.633675754070282
      vertex -6.583482265472412 -12.350000000000001 11.633675754070282
      vertex -7.526107311248779 -16.35 12.177900552749634
    endloop
  endfacet
  facet normal 0 -1 0
    outer loop
      vertex -6.583482265472412 -12.350000000000001 11.633675754070282
      vertex -5.169872760772705 -12.350000000000001 10
      vertex -6.458639144897461 -12.350000000000001 12.418045334517956
    endloop
  endfacet
  facet normal -0.2588189885211338 0 -0.9659258414500035
    outer loop
      vertex -6.583482265472412 -16.35 11.633675754070282
      vertex -7.590982437133789 -12.350000000000001 11.903634548187256
      vertex -6.583482265472412 -12.350000000000001 11.633675754070282
    endloop
  endfacet
  facet normal 0 0 -1
    outer loop
      vertex -7.50167989730835 -12.350000000000001 12.418045334517956
      vertex -6.458639144897461 -12.350000000000001 12.418045334517956
      vertex -6.458639144897461 -16.35 12.418045334517956
    endloop
  endfacet
  facet normal 0 -1 0
    outer loop
      vertex -6.583482265472412 -12.350000000000001 11.633675754070282
      vertex -6.458639144897461 -12.350000000000001 12.418045334517956
      vertex -7.50167989730835 -12.350000000000001 12.418045334517956
    endloop
  endfacet
  facet normal 0 -1 0
    outer loop
      vertex -5.169872760772705 -12.350000000000001 10
      vertex -6.541059494018555 -12.350000000000001 13.208000004291534
      vertex -6.458639144897461 -12.350000000000001 12.418045334517956
    endloop
  endfacet
  facet normal 0.9659471747235715 -0.0008677694688697862 -0.25873790333018254
    outer loop
      vertex -5.169872760772705 -12.350000000000001 10
      vertex -4.5 -12.100000000000001 12.499999999999998
      vertex -4.500224590301514 -12.350000000000001 12.499999999999998
    endloop
  endfacet
  facet normal 0.9659004186419542 0.00016465635283629778 -0.2589137967656086
    outer loop
      vertex -4.087782859802246 -12.100000000000001 9.37457823753357
      vertex -3.2501704692840576 -11.100000000000001 12.499999999999996
      vertex -3.25 -12.100000000000001 12.499999999999998
    endloop
  endfacet
  facet normal 0 0 -1
    outer loop
      vertex -19 -8.78600082397461 3
      vertex -19 -2.6000000000000014 3
      vertex 19 25.4 3
    endloop
  endfacet
  facet normal 0 0 -1
    outer loop
      vertex -19 -2.6000000000000014 3
      vertex -19 -0.10000000000000142 3
      vertex 19 25.4 3
    endloop
  endfacet
  facet normal 0 0 -1
    outer loop
      vertex -19 -0.10000000000000142 3
      vertex -19 25.4 3
      vertex 19 25.4 3
    endloop
  endfacet
  facet normal 0 -1 0
    outer loop
      vertex -26 -2.6000000000000014 7.554763317108154
      vertex -25.621889114379883 -2.6000000000000014 16.503475189208984
      vertex -26 -2.6000000000000014 17.445236682891846
    endloop
  endfacet
  facet normal 0 -1 0
    outer loop
      vertex -25.487491607666016 -2.6000000000000014 13
      vertex -24.731517791748047 -2.6000000000000014 16.017848014831543
      vertex -25.621889114379883 -2.6000000000000014 16.503475189208984
    endloop
  endfacet
  facet normal 0 -1 0
    outer loop
      vertex -25.487491607666016 -2.6000000000000014 13
      vertex -23.7346248626709 -2.6000000000000014 16.21072554588318
      vertex -24.731517791748047 -2.6000000000000014 16.017848014831543
    endloop
  endfacet
  facet normal 0 1 0
    outer loop
      vertex -24.73257064819336 -0.10000000000000142 8.981987953186035
      vertex -25.621889114379883 -0.10000000000000142 16.503475189208984
      vertex -24.731517791748047 -0.10000000000000142 16.017848014831543
    endloop
  endfacet
  facet normal -1 0 0
    outer loop
      vertex -26 -0.10000000000000142 7.554763317108154
      vertex -26 -2.6000000000000014 17.445236682891846
      vertex -26 -0.10000000000000142 17.445236682891846
    endloop
  endfacet
  facet normal 0 1 0
    outer loop
      vertex -24.73257064819336 -0.10000000000000142 8.981987953186035
      vertex -26 -0.10000000000000142 17.445236682891846
      vertex -25.621889114379883 -0.10000000000000142 16.503475189208984
    endloop
  endfacet
  facet normal -0.1965101536253359 -0.9805017896577991 0
    outer loop
      vertex -19.5 -3.8000007629394545 12
      vertex -19.5 -3.8000007629394545 13
      vertex -25.487491607666016 -2.6000000000000014 13
    endloop
  endfacet
  facet normal 0 0 1
    outer loop
      vertex -25.487491607666016 -2.6000000000000014 13
      vertex -19.5 -3.8000007629394545 13
      vertex -19.5 -2.6000000000000014 13
    endloop
  endfacet
  facet normal 0 -1 0
    outer loop
      vertex -25.487491607666016 -2.6000000000000014 13
      vertex -23.089445114135742 -2.6000000000000014 16.99280548095703
      vertex -23.7346248626709 -2.6000000000000014 16.21072554588318
    endloop
  endfacet
  facet normal 0 1 0
    outer loop
      vertex -19.5 -0.10000000000000142 3.5
      vertex -23.089445114135742 -0.10000000000000142 16.99280548095703
      vertex -23.089862823486328 -0.10000000000000142 18.00835609436035
    endloop
  endfacet
  facet normal 0.47882940101167115 0 0.8779079705338164
    outer loop
      vertex -24.731517791748047 -2.6000000000000014 16.017848014831543
      vertex -25.621889114379883 -0.10000000000000142 16.503475189208984
      vertex -25.621889114379883 -2.6000000000000014 16.503475189208984
    endloop
  endfacet
  facet normal 0.9279980824219586 0 0.37258496886102077
    outer loop
      vertex -25.621889114379883 -2.6000000000000014 16.503475189208984
      vertex -26 -0.10000000000000142 17.445236682891846
      vertex -26 -2.6000000000000014 17.445236682891846
    endloop
  endfacet
  facet normal 0.9280715090861177 0 -0.37240203278528994
    outer loop
      vertex -26 -2.6000000000000014 17.554763317108154
      vertex -25.62228012084961 -0.10000000000000142 18.496087551116943
      vertex -25.62228012084961 -2.6000000000000014 18.496087551116943
    endloop
  endfacet
  facet normal -1 0 0
    outer loop
      vertex -26 -2.6000000000000014 17.554763317108154
      vertex -26 -2.6000000000000014 21
      vertex -26 -0.10000000000000142 17.554763317108154
    endloop
  endfacet
  facet normal 0.47882940101167115 0 0.8779079705338164
    outer loop
      vertex -24.731517791748047 -2.6000000000000014 16.017848014831543
      vertex -24.731517791748047 -0.10000000000000142 16.017848014831543
      vertex -25.621889114379883 -0.10000000000000142 16.503475189208984
    endloop
  endfacet
  facet normal 0.9279980824219586 0 0.37258496886102077
    outer loop
      vertex -25.621889114379883 -2.6000000000000014 16.503475189208984
      vertex -25.621889114379883 -0.10000000000000142 16.503475189208984
      vertex -26 -0.10000000000000142 17.445236682891846
    endloop
  endfacet
  facet normal 0.9280715090861177 0 -0.37240203278528994
    outer loop
      vertex -26 -2.6000000000000014 17.554763317108154
      vertex -26 -0.10000000000000142 17.554763317108154
      vertex -25.62228012084961 -0.10000000000000142 18.496087551116943
    endloop
  endfacet
  facet normal 0.47931150387995747 0 -0.8776448497247241
    outer loop
      vertex -25.62228012084961 -2.6000000000000014 18.496087551116943
      vertex -25.62228012084961 -0.10000000000000142 18.496087551116943
      vertex -24.73257064819336 -0.10000000000000142 18.981987953186035
    endloop
  endfacet
  facet normal -0.18995594228117535 0 0.9817926155721842
    outer loop
      vertex -24.731517791748047 -2.6000000000000014 16.017848014831543
      vertex -23.7346248626709 -2.6000000000000014 16.21072554588318
      vertex -24.731517791748047 -0.10000000000000142 16.017848014831543
    endloop
  endfacet
  facet normal -0.7713908045308567 0 0.636361710574448
    outer loop
      vertex -23.7346248626709 -2.6000000000000014 16.21072554588318
      vertex -23.089445114135742 -2.6000000000000014 16.99280548095703
      vertex -23.7346248626709 -0.10000000000000142 16.21072554588318
    endloop
  endfacet
  facet normal 0 -1 0
    outer loop
      vertex -25.487491607666016 -2.6000000000000014 13
      vertex -19.5 -2.6000000000000014 13
      vertex -19.5 -2.6000000000000014 21.5
    endloop
  endfacet
  facet normal 0 -1 0
    outer loop
      vertex -25.487491607666016 -2.6000000000000014 13
      vertex -19.5 -2.6000000000000014 21.5
      vertex -23.089445114135742 -2.6000000000000014 16.99280548095703
    endloop
  endfacet
  facet normal -0.9999999154107454 0 -0.000411313143568871
    outer loop
      vertex -23.089445114135742 -2.6000000000000014 16.99280548095703
      vertex -23.089862823486328 -2.6000000000000014 18.00835609436035
      vertex -23.089445114135742 -0.10000000000000142 16.99280548095703
    endloop
  endfacet
  facet normal -0.7708711764265421 0 -0.6369910747842227
    outer loop
      vertex -23.089862823486328 -2.6000000000000014 18.00835609436035
      vertex -23.735668182373047 -2.6000000000000014 18.789894104003906
      vertex -23.089862823486328 -0.10000000000000142 18.00835609436035
    endloop
  endfacet
  facet normal -0.18995594228117535 0 0.9817926155721842
    outer loop
      vertex -23.7346248626709 -2.6000000000000014 16.21072554588318
      vertex -23.7346248626709 -0.10000000000000142 16.21072554588318
      vertex -24.731517791748047 -0.10000000000000142 16.017848014831543
    endloop
  endfacet
  facet normal -0.7713908045308567 0 0.636361710574448
    outer loop
      vertex -23.089445114135742 -2.6000000000000014 16.99280548095703
      vertex -23.089445114135742 -0.10000000000000142 16.99280548095703
      vertex -23.7346248626709 -0.10000000000000142 16.21072554588318
    endloop
  endfacet
  facet normal -0.9999999154107454 0 -0.000411313143568871
    outer loop
      vertex -23.089445114135742 -0.10000000000000142 16.99280548095703
      vertex -23.089862823486328 -2.6000000000000014 18.00835609436035
      vertex -23.089862823486328 -0.10000000000000142 18.00835609436035
    endloop
  endfacet
  facet normal -0.7708711764265421 0 -0.6369910747842227
    outer loop
      vertex -23.735668182373047 -2.6000000000000014 18.789894104003906
      vertex -23.735668182373047 -0.10000000000000142 18.789894104003906
      vertex -23.089862823486328 -0.10000000000000142 18.00835609436035
    endloop
  endfacet
  facet normal -0.981175089376875 -0.18016531617278436 -0.06954065598369172
    outer loop
      vertex -19.399999618530273 -9.100000000000001 11.08932638168335
      vertex -19.280418395996094 -11.100000000000001 14.58369255065918
      vertex -19.499980926513672 -9.100000000000001 12.5
    endloop
  endfacet
  facet normal 0 1 0
    outer loop
      vertex -19.399999618530273 -9.100000000000001 11.08932638168335
      vertex -19.499980926513672 -9.100000000000001 12.5
      vertex -19.399999618530273 -9.100000000000001 13.91067361831665
    endloop
  endfacet
  facet normal -1 0 0
    outer loop
      vertex -19.399999618530273 -8.800000762939455 3.6000003814697266
      vertex -19.399999618530273 -9.086000061035158 13.91067361831665
      vertex -19.399999618530273 -9.086000061035158 21.399999618530273
    endloop
  endfacet
  facet normal -0.9968573913131862 -0.03582759984009094 0.07065213707997393
    outer loop
      vertex -19.280418395996094 -11.100000000000001 14.58369255065918
      vertex -19.399999618530273 -9.100000000000001 13.91067361831665
      vertex -19.499980926513672 -9.100000000000001 12.5
    endloop
  endfacet
  facet normal 0 -1 0
    outer loop
      vertex -17.58378791809082 -11.100000000000001 6.613602638244629
      vertex -17.58357048034668 -11.100000000000001 18.38669776916504
      vertex -19.280418395996094 -11.100000000000001 14.58369255065918
    endloop
  endfacet
  facet normal -0.9845792905722351 0 0.17493890526773698
    outer loop
      vertex -19.280418395996094 -11.100000000000001 14.58369255065918
      vertex -19.399999618530273 -9.086000061035158 13.91067361831665
      vertex -19.399999618530273 -9.100000000000001 13.91067361831665
    endloop
  endfacet
  facet normal -0.9898263875049844 -0.011377289231491654 0.14182482113006592
    outer loop
      vertex -19.280418395996094 -11.100000000000001 14.58369255065918
      vertex -19.393115997314453 -9.092881774902345 13.958163857460022
      vertex -19.399999618530273 -9.086000061035158 13.91067361831665
    endloop
  endfacet
  facet normal -0.9891266587643875 -0.009806523270322264 0.14673883270268723
    outer loop
      vertex -19.280418395996094 -11.100000000000001 14.58369255065918
      vertex -19.38599967956543 -9.100000000000001 14.005657315254211
      vertex -19.393115997314453 -9.092881774902345 13.958163857460022
    endloop
  endfacet
  facet normal -1 0 0
    outer loop
      vertex -19.399999618530273 -8.800000762939455 3.6000003814697266
      vertex -19.399999618530273 -9.086000061035158 21.399999618530273
      vertex -19.399999618530273 -8.800000762939455 21.399999618530273
    endloop
  endfacet
  facet normal -0.7071067811865476 -0.7071067811865476 0
    outer loop
      vertex -19.5 -8.78600082397461 3.5
      vertex -19.486000061035156 -8.800000762939455 21.5
      vertex -19.5 -8.78600082397461 21.5
    endloop
  endfacet
  facet normal 0 -1 0
    outer loop
      vertex -19.399999618530273 -8.800000762939455 3.6000003814697266
      vertex -19.399999618530273 -8.800000762939455 21.399999618530273
      vertex -19.486000061035156 -8.800000762939455 21.5
    endloop
  endfacet
  facet normal -1 0 0
    outer loop
      vertex -19.5 -8.78600082397461 3.5
      vertex -19.5 -8.78600082397461 21.5
      vertex -19.5 -2.6000000000000014 21.5
    endloop
  endfacet
  facet normal -0.945446065361015 0.04340560167380286 0.32287411050858555
    outer loop
      vertex -19.280418395996094 -11.100000000000001 14.58369255065918
      vertex -18.24199867248535 -9.100000000000001 17.35554265975952
      vertex -19.38599967956543 -9.100000000000001 14.005657315254211
    endloop
  endfacet
  facet normal 0 -1 0
    outer loop
      vertex -14.912217140197754 -12.100000000000001 9.37457823753357
      vertex -14.912217140197754 -12.100000000000001 15.62542176246643
      vertex -15.75 -12.100000000000001 12.5
    endloop
  endfacet
  facet normal 0 -1 0
    outer loop
      vertex -14.912217140197754 -12.100000000000001 9.37457823753357
      vertex -14.5 -12.100000000000001 12.5
      vertex -14.912217140197754 -12.100000000000001 15.62542176246643
    endloop
  endfacet
  facet normal 0 -1 0
    outer loop
      vertex -13.830126762390137 -12.350000000000001 10
      vertex -13.830126762390137 -12.350000000000001 15
      vertex -14.499774932861328 -12.350000000000001 12.5
    endloop
  endfacet
  facet normal -0.9659004186053033 0.0001648866414359563 0.258913796755784
    outer loop
      vertex -15.75 -12.100000000000001 12.5
      vertex -14.912217140197754 -12.100000000000001 15.62542176246643
      vertex -15.749829292297363 -11.100000000000001 12.5
    endloop
  endfacet
  facet normal -0.9659471731775982 -0.0008696118655010726 0.25873790291607907
    outer loop
      vertex -14.499774932861328 -12.350000000000001 12.5
      vertex -13.830126762390137 -12.350000000000001 15
      vertex -14.5 -12.100000000000001 12.5
    endloop
  endfacet
  facet normal -0.9659386900231953 -0.0003139646344335854 0.25877084175478837
    outer loop
      vertex -15.749829292297363 -11.100000000000001 12.5
      vertex -14.912217140197754 -12.100000000000001 15.62542176246643
      vertex -14.912786483764648 -11.100000000000001 15.624509811401367
    endloop
  endfacet
  facet normal -0.9658999524411062 0.0010139171421925724 0.25891360305379396
    outer loop
      vertex -14.5 -12.100000000000001 12.5
      vertex -13.830126762390137 -12.350000000000001 15
      vertex -13.829773902893066 -12.100000000000001 15.000337362289429
    endloop
  endfacet
  facet normal 0 -1 0
    outer loop
      vertex -14.5 -12.100000000000001 12.5
      vertex -13.829773902893066 -12.100000000000001 15.000337362289429
      vertex -14.912217140197754 -12.100000000000001 15.62542176246643
    endloop
  endfacet
  facet normal 0 -1 0
    outer loop
      vertex -15.749829292297363 -11.100000000000001 12.5
      vertex -14.912786483764648 -11.100000000000001 15.624509811401367
      vertex -17.58357048034668 -11.100000000000001 18.38669776916504
    endloop
  endfacet
  facet normal -0.7070075160250013 -0.7072060324148967 -3.7109044818941743e-7
    outer loop
      vertex -19.399999618530273 -9.086000061035158 13.91067361831665
      vertex -19.393115997314453 -9.092881774902345 13.958163857460022
      vertex -19.38599967956543 -9.100000000000001 21.399999618530273
    endloop
  endfacet
  facet normal -0.7072015231670746 -0.7070120265102775 0
    outer loop
      vertex -19.393115997314453 -9.092881774902345 13.958163857460022
      vertex -19.38599967956543 -9.100000000000001 14.005657315254211
      vertex -19.38599967956543 -9.100000000000001 21.399999618530273
    endloop
  endfacet
  facet normal -0.909498093104939 -0.09019545173811735 0.40580537098988334
    outer loop
      vertex -19.280418395996094 -11.100000000000001 14.58369255065918
      vertex -17.58357048034668 -11.100000000000001 18.38669776916504
      vertex -18.24199867248535 -9.100000000000001 17.35554265975952
    endloop
  endfacet
  facet normal 0 -1 0
    outer loop
      vertex -19.38599967956543 -9.100000000000001 14.005657315254211
      vertex -18.24199867248535 -9.100000000000001 17.35554265975952
      vertex -19.38599967956543 -9.100000000000001 21.399999618530273
    endloop
  endfacet
  facet normal -0.7071067235754527 0.0002422601327335825 0.7071067972975627
    outer loop
      vertex -14.912786483764648 -11.100000000000001 15.624509811401367
      vertex -14.912217140197754 -12.100000000000001 15.62542176246643
      vertex -12.625421524047852 -12.100000000000001 17.912217140197754
    endloop
  endfacet
  facet normal -0.7725322311098632 0.07099777779424045 0.630993872747348
    outer loop
      vertex -18.24199867248535 -9.100000000000001 17.35554265975952
      vertex -17.58357048034668 -11.100000000000001 18.38669776916504
      vertex -16.003204345703125 -9.100000000000001 20.096521377563477
    endloop
  endfacet
  facet normal 0 -1 0
    outer loop
      vertex -14.912786483764648 -11.100000000000001 15.624509811401367
      vertex -14.482874870300293 -11.100000000000001 21.170087814331055
      vertex -17.58357048034668 -11.100000000000001 18.38669776916504
    endloop
  endfacet
  facet normal 0 -1 0
    outer loop
      vertex -14.912786483764648 -11.100000000000001 15.624509811401367
      vertex -12.62550163269043 -11.100000000000001 17.91230869293213
      vertex -14.482874870300293 -11.100000000000001 21.170087814331055
    endloop
  endfacet
  facet normal -1 0 0
    outer loop
      vertex -19.5 -8.78600082397461 3.5
      vertex -19.5 -2.6000000000000014 21.5
      vertex -19.5 -3.8000007629394545 13
    endloop
  endfacet
  facet normal 0 1 0
    outer loop
      vertex -19.5 -0.10000000000000142 3.5
      vertex -23.089862823486328 -0.10000000000000142 18.00835609436035
      vertex -19.5 -0.10000000000000142 21.5
    endloop
  endfacet
  facet normal -1 0 0
    outer loop
      vertex -19.5 -3.8000007629394545 13
      vertex -19.5 -2.6000000000000014 21.5
      vertex -19.5 -2.6000000000000014 13
    endloop
  endfacet
  facet normal 0 -1 0
    outer loop
      vertex -26 -2.6000000000000014 17.554763317108154
      vertex -25.62228012084961 -2.6000000000000014 18.496087551116943
      vertex -26 -2.6000000000000014 21
    endloop
  endfacet
  facet normal 0 -1 0
    outer loop
      vertex -25.62228012084961 -2.6000000000000014 18.496087551116943
      vertex -24.73257064819336 -2.6000000000000014 18.981987953186035
      vertex -26 -2.6000000000000014 21
    endloop
  endfacet
  facet normal 0.47931150387995747 0 -0.8776448497247241
    outer loop
      vertex -25.62228012084961 -2.6000000000000014 18.496087551116943
      vertex -24.73257064819336 -0.10000000000000142 18.981987953186035
      vertex -24.73257064819336 -2.6000000000000014 18.981987953186035
    endloop
  endfacet
  facet normal -0.9238798483296617 0 0.3826826699111958
    outer loop
      vertex -26 -2.6000000000000014 21
      vertex -25.707107543945312 -2.6000000000000014 21.707106590270996
      vertex -26 -0.10000000000000142 21
    endloop
  endfacet
  facet normal -0.38268329292970116 0 0.9238795902673035
    outer loop
      vertex -25.707107543945312 -2.6000000000000014 21.707106590270996
      vertex -25 -2.6000000000000014 22
      vertex -25.707107543945312 -0.10000000000000142 21.707106590270996
    endloop
  endfacet
  facet normal 0 1 0
    outer loop
      vertex -26 -0.10000000000000142 17.554763317108154
      vertex -26 -0.10000000000000142 21
      vertex -25.62228012084961 -0.10000000000000142 18.496087551116943
    endloop
  endfacet
  facet normal 0 1 0
    outer loop
      vertex -25.62228012084961 -0.10000000000000142 18.496087551116943
      vertex -26 -0.10000000000000142 21
      vertex -24.73257064819336 -0.10000000000000142 18.981987953186035
    endloop
  endfacet
  facet normal -1 0 0
    outer loop
      vertex -26 -2.6000000000000014 21
      vertex -26 -0.10000000000000142 21
      vertex -26 -0.10000000000000142 17.554763317108154
    endloop
  endfacet
  facet normal 0 1 0
    outer loop
      vertex -24.73257064819336 -0.10000000000000142 18.981987953186035
      vertex -26 -0.10000000000000142 21
      vertex -23.735668182373047 -0.10000000000000142 18.789894104003906
    endloop
  endfacet
  facet normal -0.9238798483296617 0 0.3826826699111958
    outer loop
      vertex -25.707107543945312 -2.6000000000000014 21.707106590270996
      vertex -25.707107543945312 -0.10000000000000142 21.707106590270996
      vertex -26 -0.10000000000000142 21
    endloop
  endfacet
  facet normal -0.18921007190263722 0 -0.9819366317082783
    outer loop
      vertex -24.73257064819336 -2.6000000000000014 18.981987953186035
      vertex -23.735668182373047 -0.10000000000000142 18.789894104003906
      vertex -23.735668182373047 -2.6000000000000014 18.789894104003906
    endloop
  endfacet
  facet normal 0 -1 0
    outer loop
      vertex -23.089445114135742 -2.6000000000000014 16.99280548095703
      vertex -19.5 -2.6000000000000014 21.5
      vertex -23.089862823486328 -2.6000000000000014 18.00835609436035
    endloop
  endfacet
  facet normal 0 -1 0
    outer loop
      vertex -23.089862823486328 -2.6000000000000014 18.00835609436035
      vertex -19.5 -2.6000000000000014 21.5
      vertex -23.735668182373047 -2.6000000000000014 18.789894104003906
    endloop
  endfacet
  facet normal 0 -1 0
    outer loop
      vertex -24.73257064819336 -2.6000000000000014 18.981987953186035
      vertex -23.735668182373047 -2.6000000000000014 18.789894104003906
      vertex -19.5 -2.6000000000000014 21.5
    endloop
  endfacet
  facet normal 0 -1 0
    outer loop
      vertex -24.73257064819336 -2.6000000000000014 18.981987953186035
      vertex -19.5 -2.6000000000000014 21.5
      vertex -26 -2.6000000000000014 21
    endloop
  endfacet
  facet normal 0 -1 0
    outer loop
      vertex -26 -2.6000000000000014 21
      vertex -19.5 -2.6000000000000014 21.5
      vertex -25.707107543945312 -2.6000000000000014 21.707106590270996
    endloop
  endfacet
  facet normal 0 -1 0
    outer loop
      vertex -25.707107543945312 -2.6000000000000014 21.707106590270996
      vertex -19.5 -2.6000000000000014 21.5
      vertex -19.353473663330078 -2.6000000000000014 21.853473663330078
    endloop
  endfacet
  facet normal 0 -1 0
    outer loop
      vertex -25.707107543945312 -2.6000000000000014 21.707106590270996
      vertex -19.353473663330078 -2.6000000000000014 21.853473663330078
      vertex -19 -2.6000000000000014 22
    endloop
  endfacet
  facet normal -0.18921007190263722 0 -0.9819366317082783
    outer loop
      vertex -24.73257064819336 -2.6000000000000014 18.981987953186035
      vertex -24.73257064819336 -0.10000000000000142 18.981987953186035
      vertex -23.735668182373047 -0.10000000000000142 18.789894104003906
    endloop
  endfacet
  facet normal 0 1 0
    outer loop
      vertex -23.089862823486328 -0.10000000000000142 18.00835609436035
      vertex -23.735668182373047 -0.10000000000000142 18.789894104003906
      vertex -19.5 -0.10000000000000142 21.5
    endloop
  endfacet
  facet normal 0 1 0
    outer loop
      vertex -23.735668182373047 -0.10000000000000142 18.789894104003906
      vertex -26 -0.10000000000000142 21
      vertex -19.5 -0.10000000000000142 21.5
    endloop
  endfacet
  facet normal 0 1 0
    outer loop
      vertex -26 -0.10000000000000142 21
      vertex -25.707107543945312 -0.10000000000000142 21.707106590270996
      vertex -19.5 -0.10000000000000142 21.5
    endloop
  endfacet
  facet normal 0 1 0
    outer loop
      vertex -25.707107543945312 -0.10000000000000142 21.707106590270996
      vertex -25 -0.10000000000000142 22
      vertex -19.353473663330078 -0.10000000000000142 21.853473663330078
    endloop
  endfacet
  facet normal 0 1 0
    outer loop
      vertex -25.707107543945312 -0.10000000000000142 21.707106590270996
      vertex -19.353473663330078 -0.10000000000000142 21.853473663330078
      vertex -19.5 -0.10000000000000142 21.5
    endloop
  endfacet
  facet normal -0.38268329292970116 0 0.9238795902673035
    outer loop
      vertex -25 -2.6000000000000014 22
      vertex -25 -0.10000000000000142 22
      vertex -25.707107543945312 -0.10000000000000142 21.707106590270996
    endloop
  endfacet
  facet normal 0 -1 0
    outer loop
      vertex -25.707107543945312 -2.6000000000000014 21.707106590270996
      vertex -19 -2.6000000000000014 22
      vertex -25 -2.6000000000000014 22
    endloop
  endfacet
  facet normal 0 0 1
    outer loop
      vertex -25 -2.6000000000000014 22
      vertex -19 -2.6000000000000014 22
      vertex -25 -0.10000000000000142 22
    endloop
  endfacet
  facet normal 0 1 0
    outer loop
      vertex -25 -0.10000000000000142 22
      vertex -19 -0.10000000000000142 22
      vertex -19.353473663330078 -0.10000000000000142 21.853473663330078
    endloop
  endfacet
  facet normal -0.7071067811865475 -0.7071067811865475 0
    outer loop
      vertex -19.399999618530273 -9.086000061035158 13.91067361831665
      vertex -19.38599967956543 -9.100000000000001 21.399999618530273
      vertex -19.399999618530273 -9.086000061035158 21.399999618530273
    endloop
  endfacet
  facet normal 0 -1 0
    outer loop
      vertex -18.24199867248535 -9.100000000000001 17.35554265975952
      vertex -19.243593215942383 -9.100000000000001 21.743557929992676
      vertex -19.38599967956543 -9.100000000000001 21.399999618530273
    endloop
  endfacet
  facet normal 0 -1 0
    outer loop
      vertex -18.24199867248535 -9.100000000000001 17.35554265975952
      vertex -16.003204345703125 -9.100000000000001 20.096521377563477
      vertex -18.899999618530273 -9.100000000000001 21.88599967956543
    endloop
  endfacet
  facet normal -0.6785606769326457 -0.6785606769326457 0.28126644919261057
    outer loop
      vertex -19.399999618530273 -9.086000061035158 21.399999618530273
      vertex -19.38599967956543 -9.100000000000001 21.399999618530273
      vertex -19.243593215942383 -9.100000000000001 21.743557929992676
    endloop
  endfacet
  facet normal -0.9238868917772034 0 0.38266566504229005
    outer loop
      vertex -19.399999618530273 -9.086000061035158 21.399999618530273
      vertex -19.25356674194336 -9.086000061035158 21.753539085388184
      vertex -19.399999618530273 -8.800000762939455 21.399999618530273
    endloop
  endfacet
  facet normal -0.6762009922231359 -0.6814025504176313 0.2800763867247537
    outer loop
      vertex -19.399999618530273 -9.086000061035158 21.399999618530273
      vertex -19.243593215942383 -9.100000000000001 21.743557929992676
      vertex -19.25356674194336 -9.086000061035158 21.753539085388184
    endloop
  endfacet
  facet normal -0.9237752475970141 0.000389982002064053 0.382934902876603
    outer loop
      vertex -19.25356674194336 -9.086000061035158 21.753539085388184
      vertex -19.25347328186035 -8.800000762939455 21.75347328186035
      vertex -19.399999618530273 -8.800000762939455 21.399999618530273
    endloop
  endfacet
  facet normal 0 -1 0
    outer loop
      vertex -19.399999618530273 -8.800000762939455 21.399999618530273
      vertex -19.34359359741211 -8.800000762939455 21.843558311462402
      vertex -19.486000061035156 -8.800000762939455 21.5
    endloop
  endfacet
  facet normal -0.6785606769326457 -0.6785606769326457 0.28126644919261057
    outer loop
      vertex -19.486000061035156 -8.800000762939455 21.5
      vertex -19.34359359741211 -8.800000762939455 21.843558311462402
      vertex -19.5 -8.78600082397461 21.5
    endloop
  endfacet
  facet normal 0 -1 0
    outer loop
      vertex -19.399999618530273 -8.800000762939455 21.399999618530273
      vertex -19.25347328186035 -8.800000762939455 21.75347328186035
      vertex -19.34359359741211 -8.800000762939455 21.843558311462402
    endloop
  endfacet
  facet normal -0.6762009922231359 -0.6814025504176313 0.2800763867247537
    outer loop
      vertex -19.5 -8.78600082397461 21.5
      vertex -19.34359359741211 -8.800000762939455 21.843558311462402
      vertex -19.353567123413086 -8.78600082397461 21.85353946685791
    endloop
  endfacet
  facet normal -0.9238868917772033 0 0.38266566504229
    outer loop
      vertex -19.5 -8.78600082397461 21.5
      vertex -19.353567123413086 -8.78600082397461 21.85353946685791
      vertex -19.5 -2.6000000000000014 21.5
    endloop
  endfacet
  facet normal 0 -1 0
    outer loop
      vertex -18.24199867248535 -9.100000000000001 17.35554265975952
      vertex -18.899999618530273 -9.100000000000001 21.88599967956543
      vertex -19.243593215942383 -9.100000000000001 21.743557929992676
    endloop
  endfacet
  facet normal -0.28023357997415954 -0.6815662946189464 0.6759708031374329
    outer loop
      vertex -19.25356674194336 -9.086000061035158 21.753539085388184
      vertex -19.243593215942383 -9.100000000000001 21.743557929992676
      vertex -18.899999618530273 -9.100000000000001 21.88599967956543
    endloop
  endfacet
  facet normal -0.3827017782320756 0.000337627990743702 0.9238718714980705
    outer loop
      vertex -19.25356674194336 -9.086000061035158 21.753539085388184
      vertex -18.899999618530273 -9.086000061035158 21.899999618530273
      vertex -19.25347328186035 -8.800000762939455 21.75347328186035
    endloop
  endfacet
  facet normal -0.2810991949571149 -0.6785953295574845 0.6785953295574845
    outer loop
      vertex -19.25356674194336 -9.086000061035158 21.753539085388184
      vertex -18.899999618530273 -9.100000000000001 21.88599967956543
      vertex -18.899999618530273 -9.086000061035158 21.899999618530273
    endloop
  endfacet
  facet normal -0.38293493199611783 0 0.9237753178436456
    outer loop
      vertex -19.25347328186035 -8.800000762939455 21.75347328186035
      vertex -18.899999618530273 -9.086000061035158 21.899999618530273
      vertex -18.899999618530273 -8.800000762939455 21.899999618530273
    endloop
  endfacet
  facet normal 0 -1 0
    outer loop
      vertex -19.34359359741211 -8.800000762939455 21.843558311462402
      vertex -19.25347328186035 -8.800000762939455 21.75347328186035
      vertex -19 -8.800000762939455 21.986000061035156
    endloop
  endfacet
  facet normal -0.6641183368965594 -0.1077122944836877 0.7398276124982139
    outer loop
      vertex -17.58357048034668 -11.100000000000001 18.38669776916504
      vertex -14.482874870300293 -11.100000000000001 21.170087814331055
      vertex -16.003204345703125 -9.100000000000001 20.096521377563477
    endloop
  endfacet
  facet normal 0 -1 0
    outer loop
      vertex -18.899999618530273 -9.100000000000001 21.88599967956543
      vertex -16.003204345703125 -9.100000000000001 20.096521377563477
      vertex -12.9500732421875 -9.100000000000001 21.88599967956543
    endloop
  endfacet
  facet normal -0.504099514111731 0.07847405831623697 0.860072963209341
    outer loop
      vertex -14.482874870300293 -11.100000000000001 21.170087814331055
      vertex -12.9500732421875 -9.100000000000001 21.88599967956543
      vertex -16.003204345703125 -9.100000000000001 20.096521377563477
    endloop
  endfacet
  facet normal -0.28023357997415954 -0.6815662946189464 0.6759708031374329
    outer loop
      vertex -19.353567123413086 -8.78600082397461 21.85353946685791
      vertex -19.34359359741211 -8.800000762939455 21.843558311462402
      vertex -19 -8.800000762939455 21.986000061035156
    endloop
  endfacet
  facet normal 0 -1 0
    outer loop
      vertex -19.25347328186035 -8.800000762939455 21.75347328186035
      vertex -18.899999618530273 -8.800000762939455 21.899999618530273
      vertex -19 -8.800000762939455 21.986000061035156
    endloop
  endfacet
  facet normal -0.2810991949571149 -0.6785953295574845 0.6785953295574845
    outer loop
      vertex -19.353567123413086 -8.78600082397461 21.85353946685791
      vertex -19 -8.800000762939455 21.986000061035156
      vertex -19 -8.78600082397461 22
    endloop
  endfacet
  facet normal -0.38270179999804943 0.000015609660685431165 0.9238719240428249
    outer loop
      vertex -19.353567123413086 -8.78600082397461 21.85353946685791
      vertex -19 -8.78600082397461 22
      vertex -19.353473663330078 -2.6000000000000014 21.853473663330078
    endloop
  endfacet
  facet normal 0 -0.7071067811865476 0.7071067811865476
    outer loop
      vertex -18.899999618530273 -9.100000000000001 21.88599967956543
      vertex -12.9500732421875 -9.100000000000001 21.88599967956543
      vertex -18.899999618530273 -9.086000061035158 21.899999618530273
    endloop
  endfacet
  facet normal 0 0 1
    outer loop
      vertex -18.899999618530273 -9.086000061035158 21.899999618530273
      vertex -12.911744117736816 -9.086000061035158 21.899999618530273
      vertex -18.899999618530273 -8.800000762939455 21.899999618530273
    endloop
  endfacet
  facet normal 0 -0.7071067811865475 0.7071067811865475
    outer loop
      vertex -18.899999618530273 -9.086000061035158 21.899999618530273
      vertex -12.9500732421875 -9.100000000000001 21.88599967956543
      vertex -12.930908203125 -9.092977142333986 21.893022537231445
    endloop
  endfacet
  facet normal 0 -0.7071067811865475 0.7071067811865475
    outer loop
      vertex -18.899999618530273 -9.086000061035158 21.899999618530273
      vertex -12.930908203125 -9.092977142333986 21.893022537231445
      vertex -12.911744117736816 -9.086000061035158 21.899999618530273
    endloop
  endfacet
  facet normal -0.9237753176934922 0.000018030160437629394 0.3829349319338743
    outer loop
      vertex -19.353567123413086 -8.78600082397461 21.85353946685791
      vertex -19.353473663330078 -2.6000000000000014 21.853473663330078
      vertex -19.5 -2.6000000000000014 21.5
    endloop
  endfacet
  facet normal -0.3829349319961178 0 0.9237753178436456
    outer loop
      vertex -19 -8.78600082397461 22
      vertex -19 -2.6000000000000014 22
      vertex -19.353473663330078 -2.6000000000000014 21.853473663330078
    endloop
  endfacet
  facet normal 0 0 1
    outer loop
      vertex -25 -0.10000000000000142 22
      vertex -19 -2.6000000000000014 22
      vertex -19 -0.10000000000000142 22
    endloop
  endfacet
  facet normal -1 0 0
    outer loop
      vertex -19.5 -0.10000000000000142 3.5
      vertex -19.5 -0.10000000000000142 21.5
      vertex -19.5 25.4 21.5
    endloop
  endfacet
  facet normal -0.9237753178436456 0 0.38293493199611783
    outer loop
      vertex -19.5 -0.10000000000000142 21.5
      vertex -19.353473663330078 -0.10000000000000142 21.853473663330078
      vertex -19.5 25.4 21.5
    endloop
  endfacet
  facet normal -0.38293493199292805 -0.00000408160966889128 0.9237753178359508
    outer loop
      vertex -19.353473663330078 -0.10000000000000142 21.853473663330078
      vertex -19 -0.10000000000000142 22
      vertex -19.353553771972656 25.54644658565521 21.853553771972656
    endloop
  endfacet
  facet normal -0.9814454117790133 -0.0029819660465222352 0.19171857389522884
    outer loop
      vertex -19.353473663330078 -0.10000000000000142 21.853473663330078
      vertex -19.463523864746094 25.436475896835326 21.68729591369629
      vertex -19.5 25.4 21.5
    endloop
  endfacet
  facet normal -0.8340543625855029 -0.00000432845461622988 0.5516822638379404
    outer loop
      vertex -19.353473663330078 -0.10000000000000142 21.853473663330078
      vertex -19.353553771972656 25.54644658565521 21.853553771972656
      vertex -19.463523864746094 25.436475896835326 21.68729591369629
    endloop
  endfacet
  facet normal -0.19117919907971131 0 0.9815551506865215
    outer loop
      vertex -19 -0.10000000000000142 22
      vertex -19 25.4 22
      vertex -19.18729591369629 25.43648006916046 21.963520050048828
    endloop
  endfacet
  facet normal -0.5529825332045643 -0.0028655756421189695 0.83318791784741
    outer loop
      vertex -19 -0.10000000000000142 22
      vertex -19.18729591369629 25.43648006916046 21.963520050048828
      vertex -19.353553771972656 25.54644658565521 21.853553771972656
    endloop
  endfacet
  facet normal 0 -1 0
    outer loop
      vertex -12.458940505981445 -12.350000000000001 11.791999995708466
      vertex -12.541360855102539 -12.350000000000001 12.581954665482044
      vertex -13.830126762390137 -12.350000000000001 15
    endloop
  endfacet
  facet normal 0 -1 0
    outer loop
      vertex -13.830126762390137 -12.350000000000001 15
      vertex -12.541360855102539 -12.350000000000001 12.581954665482044
      vertex -12.41651725769043 -12.350000000000001 13.366324245929718
    endloop
  endfacet
  facet normal 0 -1 0
    outer loop
      vertex -11.489999771118164 -16.35 12.30024316906929
      vertex -11.489794731140137 -16.35 12.701781451702118
      vertex -11.498320579528809 -16.35 12.581954665482044
    endloop
  endfacet
  facet normal 0 -1 0
    outer loop
      vertex -11.474220275878906 -16.35 12.179915368556976
      vertex -11.473892211914062 -16.35 12.822099447250366
      vertex -11.489794731140137 -16.35 12.701781451702118
    endloop
  endfacet
  facet normal 0 -1 0
    outer loop
      vertex -11.451440811157227 -16.35 12.061958819627762
      vertex -11.409017562866211 -16.35 13.096365451812744
      vertex -11.473892211914062 -16.35 12.822099447250366
    endloop
  endfacet
  facet normal 0 -1 0
    outer loop
      vertex -11.370491027832031 -16.35 11.791999995708466
      vertex -11.369771957397461 -16.35 13.209897577762604
      vertex -11.409017562866211 -16.35 13.096365451812744
    endloop
  endfacet
  facet normal 0 -1 0
    outer loop
      vertex -11.473892211914062 -16.35 12.822099447250366
      vertex -11.409017562866211 -16.35 13.096365451812744
      vertex -12.41651725769043 -16.35 13.366324245929718
    endloop
  endfacet
  facet normal 0 0 1
    outer loop
      vertex -12.541360855102539 -16.35 12.581954665482044
      vertex -11.498320579528809 -16.35 12.581954665482044
      vertex -11.498320579528809 -12.350000000000001 12.581954665482044
    endloop
  endfacet
  facet normal -0.9974783068701595 0 0.07097201789043249
    outer loop
      vertex -11.498320579528809 -16.35 12.581954665482044
      vertex -11.489794731140137 -16.35 12.701781451702118
      vertex -11.498320579528809 -12.350000000000001 12.581954665482044
    endloop
  endfacet
  facet normal -0.9913782446996787 8.298197524641508e-9 0.13103120214736558
    outer loop
      vertex -11.489794731140137 -16.35 12.701781451702118
      vertex -11.473892211914062 -16.35 12.822099447250366
      vertex -11.489794731140137 -12.350000000000001 12.701781198382378
    endloop
  endfacet
  facet normal -0.4999999826051777 0 -0.8660254138273437
    outer loop
      vertex -11.473892211914062 -16.35 12.822099447250366
      vertex -12.41651725769043 -16.35 13.366324245929718
      vertex -12.41651725769043 -12.350000000000001 13.366324245929718
    endloop
  endfacet
  facet normal 0.2588191028112969 0 0.9659258108260463
    outer loop
      vertex -11.409017562866211 -16.35 13.096365451812744
      vertex -11.409017562866211 -12.350000000000001 13.096365451812744
      vertex -12.41651725769043 -16.35 13.366324245929718
    endloop
  endfacet
  facet normal -0.9451248862052029 0 0.32670927362963287
    outer loop
      vertex -11.409017562866211 -16.35 13.096365451812744
      vertex -11.369771957397461 -16.35 13.209897577762604
      vertex -11.409017562866211 -12.350000000000001 13.096365451812744
    endloop
  endfacet
  facet normal 0 -1 0
    outer loop
      vertex -11.324109077453613 -16.35 11.679862916469574
      vertex -11.323267936706543 -16.35 13.322005152702332
      vertex -11.369771957397461 -16.35 13.209897577762604
    endloop
  endfacet
  facet normal 0 -1 0
    outer loop
      vertex -11.271573066711426 -16.35 11.571814715862274
      vertex -11.189619064331055 -16.35 13.57013487815857
      vertex -11.323267936706543 -16.35 13.322005152702332
    endloop
  endfacet
  facet normal 0 -1 0
    outer loop
      vertex -11.12351131439209 -16.35 11.332005858421326
      vertex -11.122328758239746 -16.35 13.669636845588684
      vertex -11.189619064331055 -16.35 13.57013487815857
    endloop
  endfacet
  facet normal 0 -1 0
    outer loop
      vertex -11.04969310760498 -16.35 11.235700845718384
      vertex -11.048391342163086 -16.35 13.765892624855042
      vertex -11.122328758239746 -16.35 13.669636845588684
    endloop
  endfacet
  facet normal 0 -1 0
    outer loop
      vertex -10.970976829528809 -16.35 11.144924998283386
      vertex -10.855074882507324 -16.35 13.97097647190094
      vertex -11.048391342163086 -16.35 13.765892624855042
    endloop
  endfacet
  facet normal 0 -1 0
    outer loop
      vertex -10.76589298248291 -16.35 10.951608538627625
      vertex -10.764328002929688 -16.35 14.04966926574707
      vertex -10.855074882507324 -16.35 13.97097647190094
    endloop
  endfacet
  facet normal 0 -1 0
    outer loop
      vertex -10.669672012329102 -16.35 10.877696871757507
      vertex -10.667994499206543 -16.35 14.123511552810669
      vertex -10.764328002929688 -16.35 14.04966926574707
    endloop
  endfacet
  facet normal 0 -1 0
    outer loop
      vertex -10.570135116577148 -16.35 10.810381293296814
      vertex -10.42818546295166 -16.35 14.271573305130005
      vertex -10.667994499206543 -16.35 14.123511552810669
    endloop
  endfacet
  facet normal -0.9236826574329405 2.2838019458779374e-8 0.38315838547214465
    outer loop
      vertex -11.369771957397461 -16.35 13.209897577762604
      vertex -11.323267936706543 -16.35 13.322005152702332
      vertex -11.369771957397461 -12.350000000000001 13.209897339344025
    endloop
  endfacet
  facet normal 0 -1 0
    outer loop
      vertex -11.323267936706543 -16.35 13.322005152702332
      vertex -11.189619064331055 -16.35 13.57013487815857
      vertex -12.092918395996094 -16.35 14.091655254364014
    endloop
  endfacet
  facet normal -0.7071066169034135 0 -0.7071069454696435
    outer loop
      vertex -11.323267936706543 -16.35 13.322005152702332
      vertex -12.092918395996094 -16.35 14.091655254364014
      vertex -12.092918395996094 -12.350000000000001 14.091655254364014
    endloop
  endfacet
  facet normal 0.5000001897648111 0 0.866025294223646
    outer loop
      vertex -11.189619064331055 -16.35 13.57013487815857
      vertex -11.189619064331055 -12.350000000000001 13.57013487815857
      vertex -12.092918395996094 -16.35 14.091655254364014
    endloop
  endfacet
  facet normal -0.8283600918293583 0 0.560195999864741
    outer loop
      vertex -11.189619064331055 -16.35 13.57013487815857
      vertex -11.122328758239746 -16.35 13.669636845588684
      vertex -11.189619064331055 -12.350000000000001 13.57013487815857
    endloop
  endfacet
  facet normal -0.7930438278882121 1.8154519237551586e-8 0.6091645812491165
    outer loop
      vertex -11.122328758239746 -16.35 13.669636845588684
      vertex -11.048391342163086 -16.35 13.765892624855042
      vertex -11.122328758239746 -12.350000000000001 13.669636726379395
    endloop
  endfacet
  facet normal -0.6551468254249441 0 0.7555015798366128
    outer loop
      vertex -10.855074882507324 -16.35 13.97097647190094
      vertex -10.764328002929688 -16.35 14.04966926574707
      vertex -10.855074882507324 -12.350000000000001 13.97097647190094
    endloop
  endfacet
  facet normal 0 0 1
    outer loop
      vertex -12.541360855102539 -16.35 12.581954665482044
      vertex -11.498320579528809 -12.350000000000001 12.581954665482044
      vertex -12.541360855102539 -12.350000000000001 12.581954665482044
    endloop
  endfacet
  facet normal -0.997478296248454 4.494662739138686e-9 0.07097216717334719
    outer loop
      vertex -11.489794731140137 -16.35 12.701781451702118
      vertex -11.489794731140137 -12.350000000000001 12.701781198382378
      vertex -11.498320579528809 -12.350000000000001 12.581954665482044
    endloop
  endfacet
  facet normal -0.9913782805362074 0 0.13103093100895288
    outer loop
      vertex -11.473892211914062 -16.35 12.822099447250366
      vertex -11.473892211914062 -12.350000000000001 12.822099447250366
      vertex -11.489794731140137 -12.350000000000001 12.701781198382378
    endloop
  endfacet
  facet normal 0.2588191028112969 0 0.9659258108260463
    outer loop
      vertex -12.41651725769043 -16.35 13.366324245929718
      vertex -11.409017562866211 -12.350000000000001 13.096365451812744
      vertex -12.41651725769043 -12.350000000000001 13.366324245929718
    endloop
  endfacet
  facet normal -0.4999999826051777 0 -0.8660254138273437
    outer loop
      vertex -11.473892211914062 -16.35 12.822099447250366
      vertex -12.41651725769043 -12.350000000000001 13.366324245929718
      vertex -11.473892211914062 -12.350000000000001 12.822099447250366
    endloop
  endfacet
  facet normal -0.9451246743521775 1.9473426728879437e-8 0.32670988649058375
    outer loop
      vertex -11.369771957397461 -16.35 13.209897577762604
      vertex -11.369771957397461 -12.350000000000001 13.209897339344025
      vertex -11.409017562866211 -12.350000000000001 13.096365451812744
    endloop
  endfacet
  facet normal 0 -1 0
    outer loop
      vertex -12.541360855102539 -12.350000000000001 12.581954665482044
      vertex -11.498320579528809 -12.350000000000001 12.581954665482044
      vertex -12.41651725769043 -12.350000000000001 13.366324245929718
    endloop
  endfacet
  facet normal 0 -1 0
    outer loop
      vertex -11.498320579528809 -12.350000000000001 12.581954665482044
      vertex -11.489794731140137 -12.350000000000001 12.701781198382378
      vertex -12.41651725769043 -12.350000000000001 13.366324245929718
    endloop
  endfacet
  facet normal 0 -1 0
    outer loop
      vertex -11.489794731140137 -12.350000000000001 12.701781198382378
      vertex -11.473892211914062 -12.350000000000001 12.822099447250366
      vertex -12.41651725769043 -12.350000000000001 13.366324245929718
    endloop
  endfacet
  facet normal -0.7071066169034135 0 -0.7071069454696435
    outer loop
      vertex -11.323267936706543 -16.35 13.322005152702332
      vertex -12.092918395996094 -12.350000000000001 14.091655254364014
      vertex -11.323267936706543 -12.350000000000001 13.322005152702332
    endloop
  endfacet
  facet normal 0.5000001897648111 0 0.866025294223646
    outer loop
      vertex -12.092918395996094 -16.35 14.091655254364014
      vertex -11.189619064331055 -12.350000000000001 13.57013487815857
      vertex -12.092918395996094 -12.350000000000001 14.091655254364014
    endloop
  endfacet
  facet normal 0 -1 0
    outer loop
      vertex -11.409017562866211 -12.350000000000001 13.096365451812744
      vertex -12.092918395996094 -12.350000000000001 14.091655254364014
      vertex -12.41651725769043 -12.350000000000001 13.366324245929718
    endloop
  endfacet
  facet normal 0 -1 0
    outer loop
      vertex -11.409017562866211 -12.350000000000001 13.096365451812744
      vertex -11.369771957397461 -12.350000000000001 13.209897339344025
      vertex -12.092918395996094 -12.350000000000001 14.091655254364014
    endloop
  endfacet
  facet normal 0 -1 0
    outer loop
      vertex -11.369771957397461 -12.350000000000001 13.209897339344025
      vertex -11.323267936706543 -12.350000000000001 13.322005152702332
      vertex -12.092918395996094 -12.350000000000001 14.091655254364014
    endloop
  endfacet
  facet normal -0.9236829458250769 0 0.3831576902424223
    outer loop
      vertex -11.323267936706543 -16.35 13.322005152702332
      vertex -11.323267936706543 -12.350000000000001 13.322005152702332
      vertex -11.369771957397461 -12.350000000000001 13.209897339344025
    endloop
  endfacet
  facet normal -0.8283597803866685 1.669515551310202e-8 0.5601964603938069
    outer loop
      vertex -11.122328758239746 -16.35 13.669636845588684
      vertex -11.122328758239746 -12.350000000000001 13.669636726379395
      vertex -11.189619064331055 -12.350000000000001 13.57013487815857
    endloop
  endfacet
  facet normal -0.7930441923476961 0 0.609164106775498
    outer loop
      vertex -11.048391342163086 -16.35 13.765892624855042
      vertex -11.048391342163086 -12.350000000000001 13.765892624855042
      vertex -11.122328758239746 -12.350000000000001 13.669636726379395
    endloop
  endfacet
  facet normal -0.6551462589444585 2.2515716286600046e-8 0.7555020710700138
    outer loop
      vertex -10.764328002929688 -16.35 14.04966926574707
      vertex -10.764328002929688 -12.350000000000001 14.04966914653778
      vertex -10.855074882507324 -12.350000000000001 13.97097647190094
    endloop
  endfacet
  facet normal 0 -1 0
    outer loop
      vertex -11.189619064331055 -12.350000000000001 13.57013487815857
      vertex -11.122328758239746 -12.350000000000001 13.669636726379395
      vertex -11.592616081237793 -12.350000000000001 14.70851755142212
    endloop
  endfacet
  facet normal 0 -1 0
    outer loop
      vertex -11.122328758239746 -12.350000000000001 13.669636726379395
      vertex -11.048391342163086 -12.350000000000001 13.765892624855042
      vertex -11.592616081237793 -12.350000000000001 14.70851755142212
    endloop
  endfacet
  facet normal 0 -1 0
    outer loop
      vertex -13.830126762390137 -12.350000000000001 15
      vertex -12.41651725769043 -12.350000000000001 13.366324245929718
      vertex -12.092918395996094 -12.350000000000001 14.091655254364014
    endloop
  endfacet
  facet normal -0.7070475449164957 0.00004366918631020511 0.7071660111462925
    outer loop
      vertex -13.830126762390137 -12.350000000000001 15
      vertex -11.999887466430664 -12.350000000000001 16.829932689666748
      vertex -13.829773902893066 -12.100000000000001 15.000337362289429
    endloop
  endfacet
  facet normal 0 -1 0
    outer loop
      vertex -13.830126762390137 -12.350000000000001 15
      vertex -12.092918395996094 -12.350000000000001 14.091655254364014
      vertex -11.999887466430664 -12.350000000000001 16.829932689666748
    endloop
  endfacet
  facet normal -0.8660254101590498 0 -0.49999998895884934
    outer loop
      vertex -11.592616081237793 -16.35 14.70851755142212
      vertex -11.592616081237793 -12.350000000000001 14.70851755142212
      vertex -11.048391342163086 -16.35 13.765892624855042
    endloop
  endfacet
  facet normal 0 -1 0
    outer loop
      vertex -11.592616081237793 -16.35 14.70851755142212
      vertex -11.048391342163086 -16.35 13.765892624855042
      vertex -10.855074882507324 -16.35 13.97097647190094
    endloop
  endfacet
  facet normal 0 -1 0
    outer loop
      vertex -10.667994499206543 -16.35 14.123511552810669
      vertex -10.42818546295166 -16.35 14.271573305130005
      vertex -10.949706077575684 -16.35 15.174873113632202
    endloop
  endfacet
  facet normal 0.7071067240414637 0 0.7071068383316267
    outer loop
      vertex -11.592616081237793 -16.35 14.70851755142212
      vertex -10.855074882507324 -16.35 13.97097647190094
      vertex -10.855074882507324 -12.350000000000001 13.97097647190094
    endloop
  endfacet
  facet normal -0.6083620158988413 2.365290108534999e-8 0.7936596610711024
    outer loop
      vertex -10.764328002929688 -16.35 14.04966926574707
      vertex -10.667994499206543 -16.35 14.123511552810669
      vertex -10.764328002929688 -12.350000000000001 14.04966914653778
    endloop
  endfacet
  facet normal 0.8660253095356828 0 0.500000163243598
    outer loop
      vertex -10.42818546295166 -16.35 14.271573305130005
      vertex -10.42818546295166 -12.350000000000001 14.271573305130005
      vertex -10.949706077575684 -16.35 15.174873113632202
    endloop
  endfacet
  facet normal -0.9659258039651358 0 -0.25881912841655635
    outer loop
      vertex -10.667994499206543 -16.35 14.123511552810669
      vertex -10.949706077575684 -16.35 15.174873113632202
      vertex -10.949706077575684 -12.350000000000001 15.174873113632202
    endloop
  endfacet
  facet normal 0 -1 0
    outer loop
      vertex -11.189619064331055 -12.350000000000001 13.57013487815857
      vertex -11.592616081237793 -12.350000000000001 14.70851755142212
      vertex -12.092918395996094 -12.350000000000001 14.091655254364014
    endloop
  endfacet
  facet normal -0.8660254101590498 0 -0.49999998895884934
    outer loop
      vertex -11.048391342163086 -16.35 13.765892624855042
      vertex -11.592616081237793 -12.350000000000001 14.70851755142212
      vertex -11.048391342163086 -12.350000000000001 13.765892624855042
    endloop
  endfacet
  facet normal -0.6083626345349652 0 0.7936591868690719
    outer loop
      vertex -10.667994499206543 -16.35 14.123511552810669
      vertex -10.667994499206543 -12.350000000000001 14.123511552810669
      vertex -10.764328002929688 -12.350000000000001 14.04966914653778
    endloop
  endfacet
  facet normal 0.7071067240414637 0 0.7071068383316267
    outer loop
      vertex -11.592616081237793 -16.35 14.70851755142212
      vertex -10.855074882507324 -12.350000000000001 13.97097647190094
      vertex -11.592616081237793 -12.350000000000001 14.70851755142212
    endloop
  endfacet
  facet normal -0.9659258039651358 0 -0.25881912841655635
    outer loop
      vertex -10.667994499206543 -16.35 14.123511552810669
      vertex -10.949706077575684 -12.350000000000001 15.174873113632202
      vertex -10.667994499206543 -12.350000000000001 14.123511552810669
    endloop
  endfacet
  facet normal 0 -1 0
    outer loop
      vertex -10.855074882507324 -12.350000000000001 13.97097647190094
      vertex -10.764328002929688 -12.350000000000001 14.04966914653778
      vertex -10.949706077575684 -12.350000000000001 15.174873113632202
    endloop
  endfacet
  facet normal 0 -1 0
    outer loop
      vertex -10.764328002929688 -12.350000000000001 14.04966914653778
      vertex -10.667994499206543 -12.350000000000001 14.123511552810669
      vertex -10.949706077575684 -12.350000000000001 15.174873113632202
    endloop
  endfacet
  facet normal 0 -1 0
    outer loop
      vertex -11.592616081237793 -12.350000000000001 14.70851755142212
      vertex -10.855074882507324 -12.350000000000001 13.97097647190094
      vertex -10.949706077575684 -12.350000000000001 15.174873113632202
    endloop
  endfacet
  facet normal 0 -1 0
    outer loop
      vertex -10.42818546295166 -12.350000000000001 14.271573305130005
      vertex -10.32016658782959 -12.350000000000001 14.324096083641052
      vertex -10.949706077575684 -12.350000000000001 15.174873113632202
    endloop
  endfacet
  facet normal 0 -1 0
    outer loop
      vertex -12.092918395996094 -12.350000000000001 14.091655254364014
      vertex -11.592616081237793 -12.350000000000001 14.70851755142212
      vertex -11.999887466430664 -12.350000000000001 16.829932689666748
    endloop
  endfacet
  facet normal 0 -1 0
    outer loop
      vertex -11.592616081237793 -12.350000000000001 14.70851755142212
      vertex -10.949706077575684 -12.350000000000001 15.174873113632202
      vertex -11.999887466430664 -12.350000000000001 16.829932689666748
    endloop
  endfacet
  facet normal 0.8660253095356828 0 0.500000163243598
    outer loop
      vertex -10.42818546295166 -12.350000000000001 14.271573305130005
      vertex -10.949706077575684 -12.350000000000001 15.174873113632202
      vertex -10.949706077575684 -16.35 15.174873113632202
    endloop
  endfacet
  facet normal 0 -1 0
    outer loop
      vertex -10.32016658782959 -12.350000000000001 14.324096083641052
      vertex -10.208000183105469 -12.350000000000001 14.370490789413452
      vertex -11.999887466430664 -12.350000000000001 16.829932689666748
    endloop
  endfacet
  facet normal 0 -1 0
    outer loop
      vertex -10.32016658782959 -12.350000000000001 14.324096083641052
      vertex -11.999887466430664 -12.350000000000001 16.829932689666748
      vertex -10.949706077575684 -12.350000000000001 15.174873113632202
    endloop
  endfacet
  facet normal 0 -1 0
    outer loop
      vertex -10.208000183105469 -12.350000000000001 14.370490789413452
      vertex -10.208000183105469 -12.350000000000001 15.458940505981445
      vertex -11.999887466430664 -12.350000000000001 16.829932689666748
    endloop
  endfacet
  facet normal 0 -1 0
    outer loop
      vertex -10.322005271911621 -16.35 10.676731586456299
      vertex -10.32016658782959 -16.35 14.324096083641052
      vertex -10.42818546295166 -16.35 14.271573305130005
    endloop
  endfacet
  facet normal 0 -1 0
    outer loop
      vertex -10.209945678710938 -16.35 10.630246639251709
      vertex -10.208000183105469 -16.35 14.370490789413452
      vertex -10.32016658782959 -16.35 14.324096083641052
    endloop
  endfacet
  facet normal 0 -1 0
    outer loop
      vertex -9.822099685668945 -16.35 10.526107430458069
      vertex -9.820113182067871 -16.35 14.474215745925903
      vertex -9.938040733337402 -16.35 14.451440453529358
    endloop
  endfacet
  facet normal 0 -1 0
    outer loop
      vertex -9.70184326171875 -16.35 10.51021122932434
      vertex -9.699756622314453 -16.35 14.489999294281006
      vertex -9.820113182067871 -16.35 14.474215745925903
    endloop
  endfacet
  facet normal 0 -1 0
    outer loop
      vertex -9.581954956054688 -16.35 10.50167989730835
      vertex -9.418045043945312 -16.35 14.49832010269165
      vertex -9.699756622314453 -16.35 14.489999294281006
    endloop
  endfacet
  facet normal 0 -1 0
    outer loop
      vertex -9.300243377685547 -16.35 10.510000705718994
      vertex -9.298243522644043 -16.35 14.489797592163086
      vertex -9.418045043945312 -16.35 14.49832010269165
    endloop
  endfacet
  facet normal 0 -1 0
    outer loop
      vertex -9.1799898147583 -16.35 10.52576768398285
      vertex -9.177900314331055 -16.35 14.473892569541931
      vertex -9.298243522644043 -16.35 14.489797592163086
    endloop
  endfacet
  facet normal 0 -1 0
    outer loop
      vertex -9.061959266662598 -16.35 10.548559546470642
      vertex -8.903635025024414 -16.35 14.409017562866211
      vertex -9.177900314331055 -16.35 14.473892569541931
    endloop
  endfacet
  facet normal 0 -1 0
    outer loop
      vertex -8.791999816894531 -16.35 10.629509210586548
      vertex -8.79012393951416 -16.35 14.369779467582703
      vertex -8.903635025024414 -16.35 14.409017562866211
    endloop
  endfacet
  facet normal 0 -1 0
    outer loop
      vertex -10.096364974975586 -16.35 10.590982437133789
      vertex -10.208000183105469 -16.35 15.458940505981445
      vertex -10.208000183105469 -16.35 14.370490789413452
    endloop
  endfacet
  facet normal 0 -1 0
    outer loop
      vertex -10.096364974975586 -16.35 10.590982437133789
      vertex -9.938040733337402 -16.35 14.451440453529358
      vertex -10.208000183105469 -16.35 15.458940505981445
    endloop
  endfacet
  facet normal 0 -1 0
    outer loop
      vertex -8.57181453704834 -16.35 10.728426694869995
      vertex -8.429864883422852 -16.35 14.189618706703186
      vertex -8.677994728088379 -16.35 14.323268413543701
    endloop
  endfacet
  facet normal 0 -1 0
    outer loop
      vertex -8.332005500793457 -16.35 10.876488447189331
      vertex -8.330379486083984 -16.35 14.122340321540833
      vertex -8.429864883422852 -16.35 14.189618706703186
    endloop
  endfacet
  facet normal 0 -1 0
    outer loop
      vertex -8.67994499206543 -16.35 10.675853729248047
      vertex -8.677994728088379 -16.35 14.323268413543701
      vertex -8.79012393951416 -16.35 14.369779467582703
    endloop
  endfacet
  facet normal 0 -1 0
    outer loop
      vertex -8.144925117492676 -16.35 11.02902352809906
      vertex -8.029023170471191 -16.35 13.855075001716614
      vertex -8.23410701751709 -16.35 14.048391461372375
    endloop
  endfacet
  facet normal 0 -1 0
    outer loop
      vertex -8.235791206359863 -16.35 10.950233340263367
      vertex -8.23410701751709 -16.35 14.048391461372375
      vertex -8.330379486083984 -16.35 14.122340321540833
    endloop
  endfacet
  facet normal 0 -1 0
    outer loop
      vertex -7.8777875900268555 -16.35 11.330202460289001
      vertex -7.87648868560791 -16.35 13.667994141578674
      vertex -7.950342178344727 -16.35 13.764342188835144
    endloop
  endfacet
  facet normal 0 -1 0
    outer loop
      vertex -7.951608657836914 -16.35 11.234107375144958
      vertex -7.950342178344727 -16.35 13.764342188835144
      vertex -8.029023170471191 -16.35 13.855075001716614
    endloop
  endfacet
  facet normal 0 -1 0
    outer loop
      vertex -7.590982437133789 -16.35 11.903634548187256
      vertex -7.548559665679932 -16.35 12.938041180372238
      vertex -7.629508972167969 -16.35 13.208000004291534
    endloop
  endfacet
  facet normal 0 -1 0
    outer loop
      vertex -7.5102434158325195 -16.35 12.297839656472206
      vertex -7.510000705718994 -16.35 12.69975683093071
      vertex -7.525628089904785 -16.35 12.819148242473602
    endloop
  endfacet
  facet normal 0 -1 0
    outer loop
      vertex -7.526107311248779 -16.35 12.177900552749634
      vertex -7.525628089904785 -16.35 12.819148242473602
      vertex -7.548559665679932 -16.35 12.938041180372238
    endloop
  endfacet
  facet normal 0 -1 0
    outer loop
      vertex -7.8103814125061035 -16.35 11.42986512184143
      vertex -7.728426456451416 -16.35 13.428185284137726
      vertex -7.87648868560791 -16.35 13.667994141578674
    endloop
  endfacet
  facet normal 0 -1 0
    outer loop
      vertex -7.676731586456299 -16.35 11.677994847297668
      vertex -7.675910472869873 -16.35 13.320181846618652
      vertex -7.728426456451416 -16.35 13.428185284137726
    endloop
  endfacet
  facet normal 0 -1 0
    outer loop
      vertex -7.63032341003418 -16.35 11.789852678775787
      vertex -7.629508972167969 -16.35 13.208000004291534
      vertex -7.675910472869873 -16.35 13.320181846618652
    endloop
  endfacet
  facet normal 0 -1 0
    outer loop
      vertex -7.50167989730835 -16.35 12.418045334517956
      vertex -6.458639144897461 -16.35 12.418045334517956
      vertex -7.510000705718994 -16.35 12.69975683093071
    endloop
  endfacet
  facet normal 0 -1 0
    outer loop
      vertex -7.548559665679932 -16.35 12.938041180372238
      vertex -6.541059494018555 -16.35 13.208000004291534
      vertex -7.629508972167969 -16.35 13.208000004291534
    endloop
  endfacet
  facet normal 0.991542163757942 5.824868907398025e-8 0.12978496634901643
    outer loop
      vertex -7.510000705718994 -16.35 12.69975683093071
      vertex -7.525628566741943 -12.350000000000001 12.81915009021759
      vertex -7.525628089904785 -16.35 12.819148242473602
    endloop
  endfacet
  facet normal 0.9819028429821061 0 0.18938533983299163
    outer loop
      vertex -7.525628089904785 -16.35 12.819148242473602
      vertex -7.548559665679932 -12.350000000000001 12.938041180372238
      vertex -7.548559665679932 -16.35 12.938041180372238
    endloop
  endfacet
  facet normal 0.2588190151796718 0 -0.965925834306871
    outer loop
      vertex -7.548559665679932 -16.35 12.938041180372238
      vertex -7.548559665679932 -12.350000000000001 12.938041180372238
      vertex -6.541059494018555 -16.35 13.208000004291534
    endloop
  endfacet
  facet normal 0.7936594317646443 7.648096716434371e-8 0.6083623150483732
    outer loop
      vertex -7.87648868560791 -16.35 13.667994141578674
      vertex -7.950342655181885 -12.350000000000001 13.764342308044434
      vertex -7.950342178344727 -16.35 13.764342188835144
    endloop
  endfacet
  facet normal 0.7554999458266175 0 0.6551487097262559
    outer loop
      vertex -7.950342178344727 -16.35 13.764342188835144
      vertex -8.029023170471191 -12.350000000000001 13.855075001716614
      vertex -8.029023170471191 -16.35 13.855075001716614
    endloop
  endfacet
  facet normal 0 -1 0
    outer loop
      vertex -7.728426456451416 -16.35 13.428185284137726
      vertex -6.825126647949219 -16.35 13.949705600738525
      vertex -7.87648868560791 -16.35 13.667994141578674
    endloop
  endfacet
  facet normal 0.9240708717408825 9.876675353612601e-8 0.3822211715748301
    outer loop
      vertex -7.629508972167969 -16.35 13.208000004291534
      vertex -7.675910949707031 -12.350000000000001 13.320181965827942
      vertex -7.675910472869873 -16.35 13.320181846618652
    endloop
  endfacet
  facet normal 0.8993209886896065 0 0.4372891026567533
    outer loop
      vertex -7.728426456451416 -16.35 13.428185284137726
      vertex -7.675910472869873 -16.35 13.320181846618652
      vertex -7.728426456451416 -12.350000000000001 13.428185284137726
    endloop
  endfacet
  facet normal 0.49999994894958566 0 -0.8660254332584072
    outer loop
      vertex -7.728426456451416 -16.35 13.428185284137726
      vertex -7.728426456451416 -12.350000000000001 13.428185284137726
      vertex -6.825126647949219 -16.35 13.949705600738525
    endloop
  endfacet
  facet normal -0.2588189167089901 0 0.965925860692002
    outer loop
      vertex -7.87648868560791 -16.35 13.667994141578674
      vertex -6.825126647949219 -16.35 13.949705600738525
      vertex -6.825126647949219 -12.350000000000001 13.949705600738525
    endloop
  endfacet
  facet normal 0.9915419126242324 0 0.12978688496716081
    outer loop
      vertex -7.510000705718994 -16.35 12.69975683093071
      vertex -7.510000705718994 -12.350000000000001 12.69975683093071
      vertex -7.525628566741943 -12.350000000000001 12.81915009021759
    endloop
  endfacet
  facet normal 0.9819030279715705 2.9568499646907544e-8 0.18938438071884506
    outer loop
      vertex -7.525628089904785 -16.35 12.819148242473602
      vertex -7.525628566741943 -12.350000000000001 12.81915009021759
      vertex -7.548559665679932 -12.350000000000001 12.938041180372238
    endloop
  endfacet
  facet normal 0.2588190581640174 0 0.9659258227892507
    outer loop
      vertex -6.458639144897461 -12.350000000000001 12.418045334517956
      vertex -7.510000705718994 -12.350000000000001 12.69975683093071
      vertex -7.510000705718994 -16.35 12.69975683093071
    endloop
  endfacet
  facet normal 0.9240696278883838 0 0.3822241787409896
    outer loop
      vertex -7.629508972167969 -16.35 13.208000004291534
      vertex -7.629508972167969 -12.350000000000001 13.208000004291534
      vertex -7.675910949707031 -12.350000000000001 13.320181965827942
    endloop
  endfacet
  facet normal 0 0 1
    outer loop
      vertex -7.629508972167969 -16.35 13.208000004291534
      vertex -6.541059494018555 -12.350000000000001 13.208000004291534
      vertex -7.629508972167969 -12.350000000000001 13.208000004291534
    endloop
  endfacet
  facet normal 0 -1 0
    outer loop
      vertex -7.510000705718994 -12.350000000000001 12.69975683093071
      vertex -6.541059494018555 -12.350000000000001 13.208000004291534
      vertex -7.525628566741943 -12.350000000000001 12.81915009021759
    endloop
  endfacet
  facet normal 0 -1 0
    outer loop
      vertex -7.525628566741943 -12.350000000000001 12.81915009021759
      vertex -6.541059494018555 -12.350000000000001 13.208000004291534
      vertex -7.548559665679932 -12.350000000000001 12.938041180372238
    endloop
  endfacet
  facet normal 0.793657898679525 0 0.6083643150806932
    outer loop
      vertex -7.87648868560791 -16.35 13.667994141578674
      vertex -7.87648868560791 -12.350000000000001 13.667994141578674
      vertex -7.950342655181885 -12.350000000000001 13.764342308044434
    endloop
  endfacet
  facet normal 0.7555014850152635 7.053789512187654e-8 0.6551469347709158
    outer loop
      vertex -7.950342178344727 -16.35 13.764342188835144
      vertex -7.950342655181885 -12.350000000000001 13.764342308044434
      vertex -8.029023170471191 -12.350000000000001 13.855075001716614
    endloop
  endfacet
  facet normal 0.8993223603355397 9.41754329085138e-8 0.4372862817428701
    outer loop
      vertex -7.675910472869873 -16.35 13.320181846618652
      vertex -7.675910949707031 -12.350000000000001 13.320181965827942
      vertex -7.728426456451416 -12.350000000000001 13.428185284137726
    endloop
  endfacet
  facet normal -0.2588189167089901 0 0.965925860692002
    outer loop
      vertex -7.87648868560791 -16.35 13.667994141578674
      vertex -6.825126647949219 -12.350000000000001 13.949705600738525
      vertex -7.87648868560791 -12.350000000000001 13.667994141578674
    endloop
  endfacet
  facet normal 0.49999994894958566 0 -0.8660254332584072
    outer loop
      vertex -6.825126647949219 -16.35 13.949705600738525
      vertex -7.728426456451416 -12.350000000000001 13.428185284137726
      vertex -6.825126647949219 -12.350000000000001 13.949705600738525
    endloop
  endfacet
  facet normal 0 -1 0
    outer loop
      vertex -7.629508972167969 -12.350000000000001 13.208000004291534
      vertex -6.825126647949219 -12.350000000000001 13.949705600738525
      vertex -7.675910949707031 -12.350000000000001 13.320181965827942
    endloop
  endfacet
  facet normal 0 -1 0
    outer loop
      vertex -7.728426456451416 -12.350000000000001 13.428185284137726
      vertex -7.675910949707031 -12.350000000000001 13.320181965827942
      vertex -6.825126647949219 -12.350000000000001 13.949705600738525
    endloop
  endfacet
  facet normal 0 -1 0
    outer loop
      vertex -7.87648868560791 -12.350000000000001 13.667994141578674
      vertex -7.291482448577881 -12.350000000000001 14.592616319656372
      vertex -7.950342655181885 -12.350000000000001 13.764342308044434
    endloop
  endfacet
  facet normal -0.4372843116677579 0 0.8993233182617112
    outer loop
      vertex -10.42818546295166 -16.35 14.271573305130005
      vertex -10.32016658782959 -16.35 14.324096083641052
      vertex -10.42818546295166 -12.350000000000001 14.271573305130005
    endloop
  endfacet
  facet normal -0.38221829072862346 0 0.92407206333299
    outer loop
      vertex -10.32016658782959 -16.35 14.324096083641052
      vertex -10.208000183105469 -16.35 14.370490789413452
      vertex -10.32016658782959 -12.350000000000001 14.324096083641052
    endloop
  endfacet
  facet normal -0.18962548209988045 0 0.9818564948801775
    outer loop
      vertex -9.938040733337402 -16.35 14.451440453529358
      vertex -9.820113182067871 -16.35 14.474215745925903
      vertex -9.938040733337402 -12.350000000000001 14.451440453529358
    endloop
  endfacet
  facet normal -0.13002659805508227 0 0.9915105061461639
    outer loop
      vertex -9.820113182067871 -16.35 14.474215745925903
      vertex -9.699756622314453 -16.35 14.489999294281006
      vertex -9.820113182067871 -12.350000000000001 14.474215745925903
    endloop
  endfacet
  facet normal 0.9659256766449246 0 0.2588196035814219
    outer loop
      vertex -9.938040733337402 -16.35 14.451440453529358
      vertex -9.938040733337402 -12.350000000000001 14.451440453529358
      vertex -10.208000183105469 -16.35 15.458940505981445
    endloop
  endfacet
  facet normal 0 -1 0
    outer loop
      vertex -9.699756622314453 -16.35 14.489999294281006
      vertex -9.418045043945312 -16.35 14.49832010269165
      vertex -9.418045043945312 -16.35 15.541360855102539
    endloop
  endfacet
  facet normal 0 -1 0
    outer loop
      vertex -9.177900314331055 -16.35 14.473892569541931
      vertex -8.903635025024414 -16.35 14.409017562866211
      vertex -8.633675575256348 -16.35 15.416517734527588
    endloop
  endfacet
  facet normal 0.38314473772082935 -2.75280570572904e-8 0.9236883186209708
    outer loop
      vertex -8.79012393951416 -16.35 14.369779467582703
      vertex -8.677994728088379 -16.35 14.323268413543701
      vertex -8.79012393951416 -12.350000000000001 14.369779586791992
    endloop
  endfacet
  facet normal 0.32670751123284886 0 0.9451254954258921
    outer loop
      vertex -8.79012393951416 -16.35 14.369779467582703
      vertex -8.903635025024414 -12.350000000000001 14.409017562866211
      vertex -8.903635025024414 -16.35 14.409017562866211
    endloop
  endfacet
  facet normal 0.07095925841744062 0 0.9974792146430155
    outer loop
      vertex -9.418045043945312 -16.35 14.49832010269165
      vertex -9.298243522644043 -16.35 14.489797592163086
      vertex -9.418045043945312 -12.350000000000001 14.49832010269165
    endloop
  endfacet
  facet normal 0.1310244901932423 0 0.9913791318005443
    outer loop
      vertex -9.298243522644043 -16.35 14.489797592163086
      vertex -9.177900314331055 -16.35 14.473892569541931
      vertex -9.298243522644043 -12.350000000000001 14.489797592163086
    endloop
  endfacet
  facet normal 0.9659256843009435 0 -0.25881957500883485
    outer loop
      vertex -8.903635025024414 -16.35 14.409017562866211
      vertex -8.903635025024414 -12.350000000000001 14.409017562866211
      vertex -8.633675575256348 -16.35 15.416517734527588
    endloop
  endfacet
  facet normal -1 0 0
    outer loop
      vertex -10.208000183105469 -16.35 14.370490789413452
      vertex -10.208000183105469 -16.35 15.458940505981445
      vertex -10.208000183105469 -12.350000000000001 15.458940505981445
    endloop
  endfacet
  facet normal 1 0 0
    outer loop
      vertex -9.418045043945312 -16.35 14.49832010269165
      vertex -9.418045043945312 -12.350000000000001 14.49832010269165
      vertex -9.418045043945312 -16.35 15.541360855102539
    endloop
  endfacet
  facet normal -0.9659258039651358 0 0.25881912841655635
    outer loop
      vertex -9.699756622314453 -16.35 14.489999294281006
      vertex -9.418045043945312 -16.35 15.541360855102539
      vertex -9.418045043945312 -12.350000000000001 15.541360855102539
    endloop
  endfacet
  facet normal -0.8660254649200884 0 0.49999989410993345
    outer loop
      vertex -9.177900314331055 -16.35 14.473892569541931
      vertex -8.633675575256348 -16.35 15.416517734527588
      vertex -8.633675575256348 -12.350000000000001 15.416517734527588
    endloop
  endfacet
  facet normal -0.4372843116677579 0 0.8993233182617112
    outer loop
      vertex -10.32016658782959 -16.35 14.324096083641052
      vertex -10.32016658782959 -12.350000000000001 14.324096083641052
      vertex -10.42818546295166 -12.350000000000001 14.271573305130005
    endloop
  endfacet
  facet normal -0.38221829072862346 0 0.92407206333299
    outer loop
      vertex -10.208000183105469 -16.35 14.370490789413452
      vertex -10.208000183105469 -12.350000000000001 14.370490789413452
      vertex -10.32016658782959 -12.350000000000001 14.324096083641052
    endloop
  endfacet
  facet normal -1 0 0
    outer loop
      vertex -10.208000183105469 -16.35 14.370490789413452
      vertex -10.208000183105469 -12.350000000000001 15.458940505981445
      vertex -10.208000183105469 -12.350000000000001 14.370490789413452
    endloop
  endfacet
  facet normal -0.18962548209988045 0 0.9818564948801775
    outer loop
      vertex -9.820113182067871 -16.35 14.474215745925903
      vertex -9.820113182067871 -12.350000000000001 14.474215745925903
      vertex -9.938040733337402 -12.350000000000001 14.451440453529358
    endloop
  endfacet
  facet normal -0.13002659805508227 0 0.9915105061461639
    outer loop
      vertex -9.820113182067871 -12.350000000000001 14.474215745925903
      vertex -9.699756622314453 -16.35 14.489999294281006
      vertex -9.699756622314453 -12.350000000000001 14.489999294281006
    endloop
  endfacet
  facet normal 0 -1 0
    outer loop
      vertex -9.938040733337402 -12.350000000000001 14.451440453529358
      vertex -9.820113182067871 -12.350000000000001 14.474215745925903
      vertex -10.208000183105469 -12.350000000000001 15.458940505981445
    endloop
  endfacet
  facet normal 0 -1 0
    outer loop
      vertex -9.820113182067871 -12.350000000000001 14.474215745925903
      vertex -9.699756622314453 -12.350000000000001 14.489999294281006
      vertex -10.208000183105469 -12.350000000000001 15.458940505981445
    endloop
  endfacet
  facet normal 0.3267066246068332 -2.8166943845482227e-8 0.9451258019110519
    outer loop
      vertex -8.79012393951416 -16.35 14.369779467582703
      vertex -8.79012393951416 -12.350000000000001 14.369779586791992
      vertex -8.903635025024414 -12.350000000000001 14.409017562866211
    endloop
  endfacet
  facet normal 0.07095925841744062 0 0.9974792146430155
    outer loop
      vertex -9.298243522644043 -16.35 14.489797592163086
      vertex -9.298243522644043 -12.350000000000001 14.489797592163086
      vertex -9.418045043945312 -12.350000000000001 14.49832010269165
    endloop
  endfacet
  facet normal 0.1310244901932423 0 0.9913791318005443
    outer loop
      vertex -9.177900314331055 -16.35 14.473892569541931
      vertex -9.177900314331055 -12.350000000000001 14.473892569541931
      vertex -9.298243522644043 -12.350000000000001 14.489797592163086
    endloop
  endfacet
  facet normal -0.9659258039651358 0 0.25881912841655635
    outer loop
      vertex -9.699756622314453 -16.35 14.489999294281006
      vertex -9.418045043945312 -12.350000000000001 15.541360855102539
      vertex -9.699756622314453 -12.350000000000001 14.489999294281006
    endloop
  endfacet
  facet normal -0.8660254649200884 0 0.49999989410993345
    outer loop
      vertex -9.177900314331055 -16.35 14.473892569541931
      vertex -8.633675575256348 -12.350000000000001 15.416517734527588
      vertex -9.177900314331055 -12.350000000000001 14.473892569541931
    endloop
  endfacet
  facet normal 0 -1 0
    outer loop
      vertex -9.418045043945312 -12.350000000000001 14.49832010269165
      vertex -9.298243522644043 -12.350000000000001 14.489797592163086
      vertex -9.418045043945312 -12.350000000000001 15.541360855102539
    endloop
  endfacet
  facet normal 0 -1 0
    outer loop
      vertex -8.79012393951416 -12.350000000000001 14.369779586791992
      vertex -8.633675575256348 -12.350000000000001 15.416517734527588
      vertex -8.903635025024414 -12.350000000000001 14.409017562866211
    endloop
  endfacet
  facet normal 0.9659256766449246 0 0.2588196035814219
    outer loop
      vertex -9.938040733337402 -12.350000000000001 14.451440453529358
      vertex -10.208000183105469 -12.350000000000001 15.458940505981445
      vertex -10.208000183105469 -16.35 15.458940505981445
    endloop
  endfacet
  facet normal 1 0 0
    outer loop
      vertex -9.418045043945312 -12.350000000000001 14.49832010269165
      vertex -9.418045043945312 -12.350000000000001 15.541360855102539
      vertex -9.418045043945312 -16.35 15.541360855102539
    endloop
  endfacet
  facet normal 0 -1 0
    outer loop
      vertex -9.298243522644043 -12.350000000000001 14.489797592163086
      vertex -9.177900314331055 -12.350000000000001 14.473892569541931
      vertex -9.5 -12.350000000000001 17.5
    endloop
  endfacet
  facet normal 0 -1 0
    outer loop
      vertex -8.677994728088379 -16.35 14.323268413543701
      vertex -8.429864883422852 -16.35 14.189618706703186
      vertex -7.908344745635986 -16.35 15.092918395996094
    endloop
  endfacet
  facet normal 0.5601919144162103 0 0.8283628546854943
    outer loop
      vertex -8.330379486083984 -16.35 14.122340321540833
      vertex -8.429864883422852 -12.350000000000001 14.189618706703186
      vertex -8.429864883422852 -16.35 14.189618706703186
    endloop
  endfacet
  facet normal 0.6091574548926961 -2.3634710962767502e-8 0.7930493018398367
    outer loop
      vertex -8.23410701751709 -16.35 14.048391461372375
      vertex -8.330379486083984 -12.350000000000001 14.122340440750122
      vertex -8.330379486083984 -16.35 14.122340321540833
    endloop
  endfacet
  facet normal 0.8660254789195079 0 -0.49999986986222006
    outer loop
      vertex -8.429864883422852 -16.35 14.189618706703186
      vertex -8.429864883422852 -12.350000000000001 14.189618706703186
      vertex -7.908344745635986 -16.35 15.092918395996094
    endloop
  endfacet
  facet normal -0.7071067811865476 0 0.7071067811865476
    outer loop
      vertex -8.677994728088379 -16.35 14.323268413543701
      vertex -7.908344745635986 -16.35 15.092918395996094
      vertex -7.908344745635986 -12.350000000000001 15.092918395996094
    endloop
  endfacet
  facet normal 0 -1 0
    outer loop
      vertex -8.23410701751709 -16.35 14.048391461372375
      vertex -8.029023170471191 -16.35 13.855075001716614
      vertex -7.291482448577881 -16.35 14.592616319656372
    endloop
  endfacet
  facet normal 0.7071070669119436 0 -0.7071064954610361
    outer loop
      vertex -8.029023170471191 -16.35 13.855075001716614
      vertex -8.029023170471191 -12.350000000000001 13.855075001716614
      vertex -7.291482448577881 -16.35 14.592616319656372
    endloop
  endfacet
  facet normal -0.5000002133738666 0 0.8660252805929444
    outer loop
      vertex -8.23410701751709 -16.35 14.048391461372375
      vertex -7.291482448577881 -16.35 14.592616319656372
      vertex -7.291482448577881 -12.350000000000001 14.592616319656372
    endloop
  endfacet
  facet normal 0.5601912333129305 -2.4687150576432413e-8 0.8283633152906622
    outer loop
      vertex -8.330379486083984 -16.35 14.122340321540833
      vertex -8.330379486083984 -12.350000000000001 14.122340440750122
      vertex -8.429864883422852 -12.350000000000001 14.189618706703186
    endloop
  endfacet
  facet normal 0.38314557557308065 0 0.9236879710804795
    outer loop
      vertex -8.677994728088379 -16.35 14.323268413543701
      vertex -8.677994728088379 -12.350000000000001 14.323268413543701
      vertex -8.79012393951416 -12.350000000000001 14.369779586791992
    endloop
  endfacet
  facet normal 0.6091580724939423 0 0.7930488274472544
    outer loop
      vertex -8.23410701751709 -16.35 14.048391461372375
      vertex -8.23410701751709 -12.350000000000001 14.048391461372375
      vertex -8.330379486083984 -12.350000000000001 14.122340440750122
    endloop
  endfacet
  facet normal -0.5000002133738666 0 0.8660252805929444
    outer loop
      vertex -8.23410701751709 -16.35 14.048391461372375
      vertex -7.291482448577881 -12.350000000000001 14.592616319656372
      vertex -8.23410701751709 -12.350000000000001 14.048391461372375
    endloop
  endfacet
  facet normal -0.7071067811865476 0 0.7071067811865476
    outer loop
      vertex -8.677994728088379 -16.35 14.323268413543701
      vertex -7.908344745635986 -12.350000000000001 15.092918395996094
      vertex -8.677994728088379 -12.350000000000001 14.323268413543701
    endloop
  endfacet
  facet normal 0.8660254789195079 0 -0.49999986986222006
    outer loop
      vertex -8.429864883422852 -12.350000000000001 14.189618706703186
      vertex -7.908344745635986 -12.350000000000001 15.092918395996094
      vertex -7.908344745635986 -16.35 15.092918395996094
    endloop
  endfacet
  facet normal 0 -1 0
    outer loop
      vertex -8.23410701751709 -12.350000000000001 14.048391461372375
      vertex -7.908344745635986 -12.350000000000001 15.092918395996094
      vertex -8.330379486083984 -12.350000000000001 14.122340440750122
    endloop
  endfacet
  facet normal 0 -1 0
    outer loop
      vertex -8.79012393951416 -12.350000000000001 14.369779586791992
      vertex -8.677994728088379 -12.350000000000001 14.323268413543701
      vertex -8.633675575256348 -12.350000000000001 15.416517734527588
    endloop
  endfacet
  facet normal 0 -1 0
    outer loop
      vertex -8.330379486083984 -12.350000000000001 14.122340440750122
      vertex -7.908344745635986 -12.350000000000001 15.092918395996094
      vertex -8.429864883422852 -12.350000000000001 14.189618706703186
    endloop
  endfacet
  facet normal 0.7071070669119436 0 -0.7071064954610361
    outer loop
      vertex -7.291482448577881 -16.35 14.592616319656372
      vertex -8.029023170471191 -12.350000000000001 13.855075001716614
      vertex -7.291482448577881 -12.350000000000001 14.592616319656372
    endloop
  endfacet
  facet normal 0 -1 0
    outer loop
      vertex -7.950342655181885 -12.350000000000001 13.764342308044434
      vertex -7.291482448577881 -12.350000000000001 14.592616319656372
      vertex -8.029023170471191 -12.350000000000001 13.855075001716614
    endloop
  endfacet
  facet normal 0 -1 0
    outer loop
      vertex -7.87648868560791 -12.350000000000001 13.667994141578674
      vertex -6.825126647949219 -12.350000000000001 13.949705600738525
      vertex -7.291482448577881 -12.350000000000001 14.592616319656372
    endloop
  endfacet
  facet normal 0 -1 0
    outer loop
      vertex -8.23410701751709 -12.350000000000001 14.048391461372375
      vertex -7.291482448577881 -12.350000000000001 14.592616319656372
      vertex -7.908344745635986 -12.350000000000001 15.092918395996094
    endloop
  endfacet
  facet normal 0.9659256843009435 0 -0.25881957500883485
    outer loop
      vertex -8.903635025024414 -12.350000000000001 14.409017562866211
      vertex -8.633675575256348 -12.350000000000001 15.416517734527588
      vertex -8.633675575256348 -16.35 15.416517734527588
    endloop
  endfacet
  facet normal 0 -1 0
    outer loop
      vertex -8.677994728088379 -12.350000000000001 14.323268413543701
      vertex -7.908344745635986 -12.350000000000001 15.092918395996094
      vertex -8.633675575256348 -12.350000000000001 15.416517734527588
    endloop
  endfacet
  facet normal 0 -1 0
    outer loop
      vertex -6.825126647949219 -12.350000000000001 13.949705600738525
      vertex -7.000112533569336 -12.350000000000001 16.829932689666748
      vertex -7.291482448577881 -12.350000000000001 14.592616319656372
    endloop
  endfacet
  facet normal 0 -1 0
    outer loop
      vertex -14.912217140197754 -12.100000000000001 15.62542176246643
      vertex -13.829773902893066 -12.100000000000001 15.000337362289429
      vertex -12.625421524047852 -12.100000000000001 17.912217140197754
    endloop
  endfacet
  facet normal -0.7071065871764866 -0.0008240550145180733 0.7071064950238788
    outer loop
      vertex -13.829773902893066 -12.100000000000001 15.000337362289429
      vertex -11.999887466430664 -12.350000000000001 16.829932689666748
      vertex -12.000337600708008 -12.100000000000001 16.829773902893066
    endloop
  endfacet
  facet normal -0.7071862180202194 -0.00012138201285792712 0.7070273250084934
    outer loop
      vertex -14.912786483764648 -11.100000000000001 15.624509811401367
      vertex -12.625421524047852 -12.100000000000001 17.912217140197754
      vertex -12.62550163269043 -11.100000000000001 17.91230869293213
    endloop
  endfacet
  facet normal 0 -1 0
    outer loop
      vertex -13.829773902893066 -12.100000000000001 15.000337362289429
      vertex -12.000337600708008 -12.100000000000001 16.829773902893066
      vertex -12.625421524047852 -12.100000000000001 17.912217140197754
    endloop
  endfacet
  facet normal 0 -1 0
    outer loop
      vertex -10.208000183105469 -12.350000000000001 15.458940505981445
      vertex -9.5 -12.350000000000001 17.5
      vertex -11.999887466430664 -12.350000000000001 16.829932689666748
    endloop
  endfacet
  facet normal -0.2588999665655673 0.00014733220363396583 0.9659041285787995
    outer loop
      vertex -11.999887466430664 -12.350000000000001 16.829932689666748
      vertex -9.5 -12.350000000000001 17.5
      vertex -12.000337600708008 -12.100000000000001 16.829773902893066
    endloop
  endfacet
  facet normal 0 -1 0
    outer loop
      vertex -12.000337600708008 -12.100000000000001 16.829773902893066
      vertex -9.5 -12.100000000000001 17.5
      vertex -12.625421524047852 -12.100000000000001 17.912217140197754
    endloop
  endfacet
  facet normal -0.2589138171593331 -0.00010917205911754008 0.9659004210401013
    outer loop
      vertex -12.625421524047852 -12.100000000000001 17.912217140197754
      vertex -9.5 -12.100000000000001 18.75
      vertex -12.62550163269043 -11.100000000000001 17.91230869293213
    endloop
  endfacet
  facet normal 0 -1 0
    outer loop
      vertex -12.625421524047852 -12.100000000000001 17.912217140197754
      vertex -9.5 -12.100000000000001 17.5
      vertex -9.5 -12.100000000000001 18.75
    endloop
  endfacet
  facet normal -0.258881230351568 0 0.9659091616563424
    outer loop
      vertex -12.62550163269043 -11.100000000000001 17.91230869293213
      vertex -9.5 -12.100000000000001 18.75
      vertex -9.5 -11.100000000000001 18.75
    endloop
  endfacet
  facet normal 0 -1 0
    outer loop
      vertex -9.699756622314453 -12.350000000000001 14.489999294281006
      vertex -9.5 -12.350000000000001 17.5
      vertex -10.208000183105469 -12.350000000000001 15.458940505981445
    endloop
  endfacet
  facet normal 0 -1 0
    outer loop
      vertex -9.699756622314453 -12.350000000000001 14.489999294281006
      vertex -9.418045043945312 -12.350000000000001 15.541360855102539
      vertex -9.5 -12.350000000000001 17.5
    endloop
  endfacet
  facet normal 0 -1 0
    outer loop
      vertex -9.298243522644043 -12.350000000000001 14.489797592163086
      vertex -9.5 -12.350000000000001 17.5
      vertex -9.418045043945312 -12.350000000000001 15.541360855102539
    endloop
  endfacet
  facet normal 0 -1 0
    outer loop
      vertex -9.177900314331055 -12.350000000000001 14.473892569541931
      vertex -8.633675575256348 -12.350000000000001 15.416517734527588
      vertex -9.5 -12.350000000000001 17.5
    endloop
  endfacet
  facet normal 0 -1 0
    outer loop
      vertex -8.633675575256348 -12.350000000000001 15.416517734527588
      vertex -7.908344745635986 -12.350000000000001 15.092918395996094
      vertex -9.5 -12.350000000000001 17.5
    endloop
  endfacet
  facet normal 0 -1 0
    outer loop
      vertex -7.291482448577881 -12.350000000000001 14.592616319656372
      vertex -9.5 -12.350000000000001 17.5
      vertex -7.908344745635986 -12.350000000000001 15.092918395996094
    endloop
  endfacet
  facet normal 0 -1 0
    outer loop
      vertex -7.291482448577881 -12.350000000000001 14.592616319656372
      vertex -7.000112533569336 -12.350000000000001 16.829932689666748
      vertex -9.5 -12.350000000000001 17.5
    endloop
  endfacet
  facet normal 0.2589137102964804 0.00014730511768221906 0.9659004446223807
    outer loop
      vertex -7.000112533569336 -12.350000000000001 16.829932689666748
      vertex -6.999662399291992 -12.100000000000001 16.829773902893066
      vertex -9.5 -12.100000000000001 17.5
    endloop
  endfacet
  facet normal -0.2589137131055385 0 0.9659004551018199
    outer loop
      vertex -12.000337600708008 -12.100000000000001 16.829773902893066
      vertex -9.5 -12.350000000000001 17.5
      vertex -9.5 -12.100000000000001 17.5
    endloop
  endfacet
  facet normal 0.2588999693755094 0 0.9659041390621329
    outer loop
      vertex -7.000112533569336 -12.350000000000001 16.829932689666748
      vertex -9.5 -12.100000000000001 17.5
      vertex -9.5 -12.350000000000001 17.5
    endloop
  endfacet
  facet normal 0 -1 0
    outer loop
      vertex -6.999662399291992 -12.100000000000001 16.829773902893066
      vertex -9.5 -12.100000000000001 18.75
      vertex -9.5 -12.100000000000001 17.5
    endloop
  endfacet
  facet normal 0 -1 0
    outer loop
      vertex -6.999662399291992 -12.100000000000001 16.829773902893066
      vertex -6.374578475952148 -12.100000000000001 17.912217140197754
      vertex -9.5 -12.100000000000001 18.75
    endloop
  endfacet
  facet normal 0.25891381870227026 0 0.9659004267961621
    outer loop
      vertex -9.5 -12.100000000000001 18.75
      vertex -6.374578475952148 -12.100000000000001 17.912217140197754
      vertex -9.5 -11.100000000000001 18.75
    endloop
  endfacet
  facet normal 0.25888122880887626 -0.00010917024820936773 0.9659091559004206
    outer loop
      vertex -9.5 -11.100000000000001 18.75
      vertex -6.374578475952148 -12.100000000000001 17.912217140197754
      vertex -6.37449836730957 -11.100000000000001 17.91230869293213
    endloop
  endfacet
  facet normal 0.2588190581640174 0 0.9659258227892507
    outer loop
      vertex -6.458639144897461 -16.35 12.418045334517956
      vertex -6.458639144897461 -12.350000000000001 12.418045334517956
      vertex -7.510000705718994 -16.35 12.69975683093071
    endloop
  endfacet
  facet normal 0 0 1
    outer loop
      vertex -7.629508972167969 -16.35 13.208000004291534
      vertex -6.541059494018555 -16.35 13.208000004291534
      vertex -6.541059494018555 -12.350000000000001 13.208000004291534
    endloop
  endfacet
  facet normal 0.2588190151796718 0 -0.965925834306871
    outer loop
      vertex -6.541059494018555 -16.35 13.208000004291534
      vertex -7.548559665679932 -12.350000000000001 12.938041180372238
      vertex -6.541059494018555 -12.350000000000001 13.208000004291534
    endloop
  endfacet
  facet normal 0 -1 0
    outer loop
      vertex -6.458639144897461 -12.350000000000001 12.418045334517956
      vertex -6.541059494018555 -12.350000000000001 13.208000004291534
      vertex -7.510000705718994 -12.350000000000001 12.69975683093071
    endloop
  endfacet
  facet normal 0 -1 0
    outer loop
      vertex -7.629508972167969 -12.350000000000001 13.208000004291534
      vertex -6.541059494018555 -12.350000000000001 13.208000004291534
      vertex -6.825126647949219 -12.350000000000001 13.949705600738525
    endloop
  endfacet
  facet normal 0 -1 0
    outer loop
      vertex -5.169872760772705 -12.350000000000001 10
      vertex -7.000112533569336 -12.350000000000001 16.829932689666748
      vertex -6.541059494018555 -12.350000000000001 13.208000004291534
    endloop
  endfacet
  facet normal 0 -1 0
    outer loop
      vertex -5.169872760772705 -12.350000000000001 10
      vertex -5.169872760772705 -12.350000000000001 15
      vertex -7.000112533569336 -12.350000000000001 16.829932689666748
    endloop
  endfacet
  facet normal 0 -1 0
    outer loop
      vertex -5.169872760772705 -12.350000000000001 10
      vertex -4.500224590301514 -12.350000000000001 12.499999999999998
      vertex -5.169872760772705 -12.350000000000001 15
    endloop
  endfacet
  facet normal 0 -1 0
    outer loop
      vertex -4.087782859802246 -12.100000000000001 9.37457823753357
      vertex -4.087782859802246 -12.100000000000001 15.62542176246643
      vertex -4.5 -12.100000000000001 12.499999999999998
    endloop
  endfacet
  facet normal 0 -1 0
    outer loop
      vertex -4.087782859802246 -12.100000000000001 9.37457823753357
      vertex -3.25 -12.100000000000001 12.499999999999998
      vertex -4.087782859802246 -12.100000000000001 15.62542176246643
    endloop
  endfacet
  facet normal 0.9659000852899238 -0.0008677271655493815 0.2589136386644861
    outer loop
      vertex -4.500224590301514 -12.350000000000001 12.499999999999998
      vertex -4.5 -12.100000000000001 12.499999999999998
      vertex -5.170226097106934 -12.100000000000001 15.000337362289429
    endloop
  endfacet
  facet normal 0.9659387061126258 0.0001646628796750201 0.25877091977191413
    outer loop
      vertex -3.2501704692840576 -11.100000000000001 12.499999999999996
      vertex -4.087213516235352 -11.100000000000001 15.624509811401367
      vertex -3.25 -12.100000000000001 12.499999999999998
    endloop
  endfacet
  facet normal 0 -1 0
    outer loop
      vertex -6.541059494018555 -12.350000000000001 13.208000004291534
      vertex -7.000112533569336 -12.350000000000001 16.829932689666748
      vertex -6.825126647949219 -12.350000000000001 13.949705600738525
    endloop
  endfacet
  facet normal 0.7071068265411313 0.00004518154885696392 0.7071067343884925
    outer loop
      vertex -6.999662399291992 -12.100000000000001 16.829773902893066
      vertex -5.169872760772705 -12.350000000000001 15
      vertex -5.170226097106934 -12.100000000000001 15.000337362289429
    endloop
  endfacet
  facet normal 0.9659470397997328 0.001016063147458978 0.25873786718958147
    outer loop
      vertex -4.500224590301514 -12.350000000000001 12.499999999999998
      vertex -5.170226097106934 -12.100000000000001 15.000337362289429
      vertex -5.169872760772705 -12.350000000000001 15
    endloop
  endfacet
  facet normal 0 -1 0
    outer loop
      vertex -4.5 -12.100000000000001 12.499999999999998
      vertex -4.087782859802246 -12.100000000000001 15.62542176246643
      vertex -5.170226097106934 -12.100000000000001 15.000337362289429
    endloop
  endfacet
  facet normal 0.965900384175463 -0.0003138124656966487 0.2589137875267158
    outer loop
      vertex -3.25 -12.100000000000001 12.499999999999998
      vertex -4.087213516235352 -11.100000000000001 15.624509811401367
      vertex -4.087782859802246 -12.100000000000001 15.62542176246643
    endloop
  endfacet
  facet normal 0 -1 0
    outer loop
      vertex -3.2501704692840576 -11.100000000000001 12.499999999999996
      vertex 1.6427826881408691 -11.100000000000001 12.5
      vertex -4.087213516235352 -11.100000000000001 15.624509811401367
    endloop
  endfacet
  facet normal 0.707047213488773 -0.0008239104020190529 0.7071658639028123
    outer loop
      vertex -7.000112533569336 -12.350000000000001 16.829932689666748
      vertex -5.169872760772705 -12.350000000000001 15
      vertex -6.999662399291992 -12.100000000000001 16.829773902893066
    endloop
  endfacet
  facet normal 0 -1 0
    outer loop
      vertex -6.999662399291992 -12.100000000000001 16.829773902893066
      vertex -5.170226097106934 -12.100000000000001 15.000337362289429
      vertex -6.374578475952148 -12.100000000000001 17.912217140197754
    endloop
  endfacet
  facet normal 0.7071067391163007 -0.00012138292323899922 0.7071068128384124
    outer loop
      vertex -4.087782859802246 -12.100000000000001 15.62542176246643
      vertex -6.37449836730957 -11.100000000000001 17.91230869293213
      vertex -6.374578475952148 -12.100000000000001 17.912217140197754
    endloop
  endfacet
  facet normal 0 -1 0
    outer loop
      vertex -5.170226097106934 -12.100000000000001 15.000337362289429
      vertex -4.087782859802246 -12.100000000000001 15.62542176246643
      vertex -6.374578475952148 -12.100000000000001 17.912217140197754
    endloop
  endfacet
  facet normal 0.7071862024977129 0.00024214239292924447 0.7070273094894746
    outer loop
      vertex -4.087213516235352 -11.100000000000001 15.624509811401367
      vertex -6.37449836730957 -11.100000000000001 17.91230869293213
      vertex -4.087782859802246 -12.100000000000001 15.62542176246643
    endloop
  endfacet
  facet normal 0 -1 0
    outer loop
      vertex -4.087213516235352 -11.100000000000001 15.624509811401367
      vertex -6.377501010894775 -11.100000000000001 22
      vertex -6.37449836730957 -11.100000000000001 17.91230869293213
    endloop
  endfacet
  facet normal 0 -1 0
    outer loop
      vertex -4.087213516235352 -11.100000000000001 15.624509811401367
      vertex 1.6427826881408691 -11.100000000000001 12.5
      vertex -6.377501010894775 -11.100000000000001 22
    endloop
  endfacet
  facet normal 0 -1 0
    outer loop
      vertex -6.377501010894775 -11.100000000000001 22
      vertex 1.6427826881408691 -11.100000000000001 12.5
      vertex 1.8807621002197266 -11.100000000000001 13.217096269130707
    endloop
  endfacet
  facet normal 0 -1 0
    outer loop
      vertex -6.377501010894775 -11.100000000000001 22
      vertex 1.8807621002197266 -11.100000000000001 13.217096269130707
      vertex 2.5 -11.100000000000001 13.649999976158142
    endloop
  endfacet
  facet normal 0 -1 0
    outer loop
      vertex -12.62550163269043 -11.100000000000001 17.91230869293213
      vertex -9.5 -11.100000000000001 18.75
      vertex -10.518826484680176 -11.100000000000001 22.447794914245605
    endloop
  endfacet
  facet normal 0 -1 0
    outer loop
      vertex -14.482874870300293 -11.100000000000001 21.170087814331055
      vertex -12.62550163269043 -11.100000000000001 17.91230869293213
      vertex -10.518826484680176 -11.100000000000001 22.447794914245605
    endloop
  endfacet
  facet normal -0.3050857094054177 -0.10499428626728573 0.9465193657648091
    outer loop
      vertex -14.482874870300293 -11.100000000000001 21.170087814331055
      vertex -10.518826484680176 -11.100000000000001 22.447794914245605
      vertex -12.9500732421875 -9.100000000000001 21.88599967956543
    endloop
  endfacet
  facet normal 0 -1 0
    outer loop
      vertex -9.5 -11.100000000000001 18.75
      vertex -6.37449836730957 -11.100000000000001 17.91230869293213
      vertex -6.377501010894775 -11.100000000000001 22
    endloop
  endfacet
  facet normal 0 -1 0
    outer loop
      vertex -9.5 -11.100000000000001 18.75
      vertex -6.377501010894775 -11.100000000000001 22
      vertex -10.518826484680176 -11.100000000000001 22.447794914245605
    endloop
  endfacet
  facet normal -0.3421034731030764 0 0.9396622870429635
    outer loop
      vertex -12.930908203125 -9.092977142333986 21.893022537231445
      vertex -12.911744117736816 -9.100000000000001 21.899999618530273
      vertex -12.911744117736816 -9.086000061035158 21.899999618530273
    endloop
  endfacet
  facet normal -0.30705376801967277 -0.10764937281814448 0.9455842617539597
    outer loop
      vertex -10.518826484680176 -11.100000000000001 22.447794914245605
      vertex -12.930908203125 -9.092977142333986 21.893022537231445
      vertex -12.9500732421875 -9.100000000000001 21.88599967956543
    endloop
  endfacet
  facet normal -0.41131751196601835 -0.2522169333060206 0.8759021194767089
    outer loop
      vertex -10.518826484680176 -11.100000000000001 22.447794914245605
      vertex -12.911744117736816 -9.100000000000001 21.899999618530273
      vertex -12.930908203125 -9.092977142333986 21.893022537231445
    endloop
  endfacet
  facet normal -0.18048332176761425 0.05306647194701972 0.9821454679011781
    outer loop
      vertex -10.518826484680176 -11.100000000000001 22.447794914245605
      vertex -9.653063774108887 -9.100000000000001 22.498828887939453
      vertex -12.911744117736816 -9.100000000000001 21.899999618530273
    endloop
  endfacet
  facet normal 0 1 0
    outer loop
      vertex -12.911744117736816 -9.100000000000001 21.899999618530273
      vertex -9.653063774108887 -9.100000000000001 22.498828887939453
      vertex -6.377501010894775 -9.100000000000001 22
    endloop
  endfacet
  facet normal 0.1072249542525154 -0.07171946720545136 0.9916446577324521
    outer loop
      vertex -10.518826484680176 -11.100000000000001 22.447794914245605
      vertex -6.377501010894775 -11.100000000000001 22
      vertex -9.653063774108887 -9.100000000000001 22.498828887939453
    endloop
  endfacet
  facet normal 0.1505522258028209 0 0.9886020571017523
    outer loop
      vertex -9.653063774108887 -9.100000000000001 22.498828887939453
      vertex -6.377501010894775 -11.100000000000001 22
      vertex -6.377501010894775 -9.100000000000001 22
    endloop
  endfacet
  facet normal 0 -1 0
    outer loop
      vertex -6.377501010894775 -11.100000000000001 22
      vertex 2.5 -11.100000000000001 13.649999976158142
      vertex 2.5 -11.100000000000001 22
    endloop
  endfacet
  facet normal 0 0 1
    outer loop
      vertex -18.899999618530273 -8.800000762939455 21.899999618530273
      vertex -12.911744117736816 -9.086000061035158 21.899999618530273
      vertex 14.449999809265137 -9.100000000000001 21.899999618530273
    endloop
  endfacet
  facet normal 0 -1 0
    outer loop
      vertex -18.899999618530273 -8.800000762939455 21.899999618530273
      vertex 19 -8.800000762939455 21.986000061035156
      vertex -19 -8.800000762939455 21.986000061035156
    endloop
  endfacet
  facet normal 0 -0.7071067811865476 0.7071067811865476
    outer loop
      vertex -19 -8.800000762939455 21.986000061035156
      vertex 19 -8.800000762939455 21.986000061035156
      vertex -19 -8.78600082397461 22
    endloop
  endfacet
  facet normal 0 0 1
    outer loop
      vertex -19 -8.78600082397461 22
      vertex 19 -8.78600082397461 22
      vertex -19 -2.6000000000000014 22
    endloop
  endfacet
  facet normal 0 0 1
    outer loop
      vertex -12.911744117736816 -9.100000000000001 21.899999618530273
      vertex 14.449999809265137 -9.100000000000001 21.899999618530273
      vertex -12.911744117736816 -9.086000061035158 21.899999618530273
    endloop
  endfacet
  facet normal 0 0 1
    outer loop
      vertex -6.377501010894775 -11.100000000000001 22
      vertex 2.5 -11.100000000000001 22
      vertex -6.377501010894775 -9.100000000000001 22
    endloop
  endfacet
  facet normal 0 1 0
    outer loop
      vertex -12.911744117736816 -9.100000000000001 21.899999618530273
      vertex -6.377501010894775 -9.100000000000001 22
      vertex 14.25 -9.100000000000001 22
    endloop
  endfacet
  facet normal 0 0 1
    outer loop
      vertex -19 -2.6000000000000014 22
      vertex 19 -8.78600082397461 22
      vertex -19 -0.10000000000000142 22
    endloop
  endfacet
  facet normal 0 0 1
    outer loop
      vertex -19 -0.10000000000000142 22
      vertex 19 -8.78600082397461 22
      vertex -19 25.4 22
    endloop
  endfacet
  facet normal -0.7071073854473948 0.7071061769251514 2.1466989450113591e-7
    outer loop
      vertex -19.353553771972656 25.54644658565521 3.1464462280273438
      vertex -19.463520050048828 25.43648006916046 3.312704086303711
      vertex -19.5 25.4 3.5
    endloop
  endfacet
  facet normal -7.966768994302497e-7 0.7071070467452397 -0.7071065156273068
    outer loop
      vertex -19.18729591369629 25.436475896835326 3.0364761352539062
      vertex -18 26.9 4.5
      vertex -19 25.4 3
    endloop
  endfacet
  facet normal 0.0000016001765249326639 0.707106074510692 -0.7071074878598861
    outer loop
      vertex -19.18729591369629 25.436475896835326 3.0364761352539062
      vertex -19.353553771972656 25.54644658565521 3.1464462280273438
      vertex -18 26.9 4.5
    endloop
  endfacet
  facet normal -0.70710696801388 0.7071065943589436 5.604824045122198e-7
    outer loop
      vertex -19.353553771972656 25.54644658565521 3.1464462280273438
      vertex -19.5 25.4 3.5
      vertex -18 26.9 4.5
    endloop
  endfacet
  facet normal -0.7071067811865475 0.7071067811865475 0
    outer loop
      vertex -19.5 25.4 3.5
      vertex -19.5 25.4 21.5
      vertex -18 26.9 4.5
    endloop
  endfacet
  facet normal 0 0.7071067811865475 -0.7071067811865475
    outer loop
      vertex -19 25.4 3
      vertex -18 26.9 4.5
      vertex 18 26.9 4.5
    endloop
  endfacet
  facet normal -0.7071067811865476 0.7071067811865476 0
    outer loop
      vertex -18 26.9 4.5
      vertex -19.5 25.4 21.5
      vertex -18 26.9 20.5
    endloop
  endfacet
  facet normal -0.7071065156273068 0.7071070467452397 7.966768994302497e-7
    outer loop
      vertex -18 26.9 20.5
      vertex -19.5 25.4 21.5
      vertex -19.463523864746094 25.436475896835326 21.68729591369629
    endloop
  endfacet
  facet normal -0.7071074878598861 0.707106074510692 -0.0000016001765249326639
    outer loop
      vertex -18 26.9 20.5
      vertex -19.463523864746094 25.436475896835326 21.68729591369629
      vertex -19.353553771972656 25.54644658565521 21.853553771972656
    endloop
  endfacet
  facet normal 5.604824045122198e-7 0.7071065943589436 0.70710696801388
    outer loop
      vertex -18 26.9 20.5
      vertex -19.353553771972656 25.54644658565521 21.853553771972656
      vertex -19 25.4 22
    endloop
  endfacet
  facet normal 2.1466989450113591e-7 0.7071061769251514 0.7071073854473948
    outer loop
      vertex -19.353553771972656 25.54644658565521 21.853553771972656
      vertex -19.18729591369629 25.43648006916046 21.963520050048828
      vertex -19 25.4 22
    endloop
  endfacet
  facet normal 0 1 0
    outer loop
      vertex -18 26.9 4.5
      vertex -18 26.9 20.5
      vertex 18 26.9 20.5
    endloop
  endfacet
  facet normal 0 0.7071067811865476 0.7071067811865476
    outer loop
      vertex -18 26.9 20.5
      vertex -19 25.4 22
      vertex 19 25.4 22
    endloop
  endfacet
  facet normal 0 0 -1
    outer loop
      vertex -6.377501010894775 -11.100000000000001 3
      vertex -6.377501010894775 -9.100000000000001 3
      vertex 14.25 -9.100000000000001 3
    endloop
  endfacet
  facet normal 0 0 -1
    outer loop
      vertex -6.377501010894775 -11.100000000000001 3
      vertex 14.25 -9.100000000000001 3
      vertex 2.5 -11.100000000000001 3
    endloop
  endfacet
  facet normal 0 0 -1
    outer loop
      vertex 2.5 -11.199998474121095 3
      vertex 2.5 -11.100000000000001 3
      vertex 14.25 -9.100000000000001 3
    endloop
  endfacet
  facet normal 0 0 -1
    outer loop
      vertex -12.911744117736816 -9.100000000000001 3.1000003814697266
      vertex 19.27603530883789 -8.800000762939455 3.1000003814697266
      vertex 14.449999809265137 -9.100000000000001 3.1000003814697266
    endloop
  endfacet
  facet normal 0 -0.7071067811865476 -0.7071067811865476
    outer loop
      vertex -19 -8.800000762939455 3.0139999389648438
      vertex 19 -8.78600082397461 3
      vertex 19 -8.800000762939455 3.0139999389648438
    endloop
  endfacet
  facet normal 0 -1 0
    outer loop
      vertex -18.899999618530273 -8.800000762939455 3.1000003814697266
      vertex 19 -8.800000762939455 3.0139999389648438
      vertex 19.144609451293945 -8.800000762939455 3.036012649536133
    endloop
  endfacet
  facet normal 0 -1 0
    outer loop
      vertex -18.899999618530273 -8.800000762939455 3.1000003814697266
      vertex 19.144609451293945 -8.800000762939455 3.036012649536133
      vertex 19.27603530883789 -8.800000762939455 3.1000003814697266
    endloop
  endfacet
  facet normal 0 0 -1
    outer loop
      vertex -19 -8.78600082397461 3
      vertex 19 -2.6000000000000014 3
      vertex 19 -8.78600082397461 3
    endloop
  endfacet
  facet normal -1 0 0
    outer loop
      vertex 2.5 -11.199998474121095 3
      vertex 2.5 -11.199998474121095 11.350000023841858
      vertex 2.5 -11.100000000000001 3
    endloop
  endfacet
  facet normal 0 -1 0
    outer loop
      vertex 2.5 -11.199998474121095 3
      vertex 3 -11.199998474121095 3.5
      vertex 2.5 -11.199998474121095 11.350000023841858
    endloop
  endfacet
  facet normal 0 -1 0
    outer loop
      vertex 2.5 -11.199998474121095 3
      vertex 14 -11.199998474121095 3.5
      vertex 3 -11.199998474121095 3.5
    endloop
  endfacet
  facet normal 0 0 1
    outer loop
      vertex 3 -11.199998474121095 3.5
      vertex 14 -11.199998474121095 3.5
      vertex 3 -11.100000000000001 3.5
    endloop
  endfacet
  facet normal 0 0 -1
    outer loop
      vertex -19 -8.78600082397461 3
      vertex 19 -0.10000000000000142 3
      vertex 19 -2.6000000000000014 3
    endloop
  endfacet
  facet normal 0 1 0
    outer loop
      vertex -6.377501010894775 -9.100000000000001 3
      vertex 14.449999809265137 -9.100000000000001 3.1000003814697266
      vertex 14.25 -9.100000000000001 3
    endloop
  endfacet
  facet normal 0 -1 0
    outer loop
      vertex 2.5 -11.199998474121095 3
      vertex 14.25 -11.199998474121095 3
      vertex 14.426776885986328 -11.199998474121095 3.073223114013672
    endloop
  endfacet
  facet normal 0 -1 0
    outer loop
      vertex 2.5 -11.199998474121095 3
      vertex 14.426776885986328 -11.199998474121095 3.073223114013672
      vertex 14.5 -11.199998474121095 3.25
    endloop
  endfacet
  facet normal 0 0 -1
    outer loop
      vertex 2.5 -11.199998474121095 3
      vertex 14.25 -9.100000000000001 3
      vertex 14.25 -11.199998474121095 3
    endloop
  endfacet
  facet normal 0 -1 0
    outer loop
      vertex 2.5 -11.199998474121095 3
      vertex 14.5 -11.199998474121095 3.25
      vertex 14 -11.199998474121095 3.5
    endloop
  endfacet
  facet normal 0 0 1
    outer loop
      vertex 3 -11.100000000000001 3.5
      vertex 14 -11.199998474121095 3.5
      vertex 14 -11.100000000000001 3.5
    endloop
  endfacet
  facet normal 0 -1 0
    outer loop
      vertex -3.2501704692840576 -11.100000000000001 12.499999999999996
      vertex 2.5 -11.100000000000001 3
      vertex 1.6427826881408691 -11.100000000000001 12.5
    endloop
  endfacet
  facet normal -1 0 0
    outer loop
      vertex 2.5 -11.100000000000001 3
      vertex 2.5 -11.199998474121095 11.350000023841858
      vertex 2.5 -11.100000000000001 11.350000023841858
    endloop
  endfacet
  facet normal 0 -1 0
    outer loop
      vertex 2.5 -11.100000000000001 3
      vertex 2.5 -11.100000000000001 11.350000023841858
      vertex 1.8807621002197266 -11.100000000000001 11.782903730869293
    endloop
  endfacet
  facet normal 0 -1 0
    outer loop
      vertex 2.5 -11.100000000000001 3
      vertex 1.8807621002197266 -11.100000000000001 11.782903730869293
      vertex 1.6427826881408691 -11.100000000000001 12.5
    endloop
  endfacet
  facet normal 1 0 0
    outer loop
      vertex 3 -11.199998474121095 3.5
      vertex 3 -11.100000000000001 3.5
      vertex 3 -11.100000000000001 21.5
    endloop
  endfacet
  facet normal -0.949099004651064 -0.001742404425071811 -0.3149730836074394
    outer loop
      vertex 1.8807621002197266 -11.100000000000001 11.782903730869293
      vertex 1.6429662704467773 -11.199998474121095 12.5
      vertex 1.6427826881408691 -11.100000000000001 12.5
    endloop
  endfacet
  facet normal -0.5729616214952291 0.0015332308678931168 -0.8195807644745353
    outer loop
      vertex 1.8810080289840698 -11.199998474121095 11.782544732093811
      vertex 1.8807621002197266 -11.100000000000001 11.782903730869293
      vertex 2.5 -11.100000000000001 11.350000023841858
    endloop
  endfacet
  facet normal -0.5727958795949655 0 -0.8196980421588366
    outer loop
      vertex 1.8810080289840698 -11.199998474121095 11.782544732093811
      vertex 2.5 -11.100000000000001 11.350000023841858
      vertex 2.5 -11.199998474121095 11.350000023841858
    endloop
  endfacet
  facet normal -0.9491222152667399 -0.0012036754567896798 -0.3149056551612735
    outer loop
      vertex 1.8810080289840698 -11.199998474121095 11.782544732093811
      vertex 1.6429662704467773 -11.199998474121095 12.5
      vertex 1.8807621002197266 -11.100000000000001 11.782903730869293
    endloop
  endfacet
  facet normal 0 -1 0
    outer loop
      vertex 1.8810080289840698 -11.199998474121095 11.782544732093811
      vertex 2.5 -11.199998474121095 11.350000023841858
      vertex 2.5 -11.199998474121095 13.649999976158142
    endloop
  endfacet
  facet normal 0 -1 0
    outer loop
      vertex 3 -11.199998474121095 3.5
      vertex 3 -11.199998474121095 21.5
      vertex 2.5 -11.199998474121095 11.350000023841858
    endloop
  endfacet
  facet normal 0 -1 0
    outer loop
      vertex 3 -11.100000000000001 3.5
      vertex 14 -11.100000000000001 3.5
      vertex 3 -11.100000000000001 21.5
    endloop
  endfacet
  facet normal 0 0 -1
    outer loop
      vertex -19 -8.78600082397461 3
      vertex 19 25.4 3
      vertex 19 -0.10000000000000142 3
    endloop
  endfacet
  facet normal 0.38266762280192224 -0.00873707029122421 -0.9238447672968938
    outer loop
      vertex 14.25 -11.199998474121095 3
      vertex 14.36217212677002 -9.100000000000001 3.0266027450561523
      vertex 14.426776885986328 -11.199998474121095 3.073223114013672
    endloop
  endfacet
  facet normal 0.23075928779215224 0 -0.9730108689514514
    outer loop
      vertex 14.25 -11.199998474121095 3
      vertex 14.25 -9.100000000000001 3
      vertex 14.36217212677002 -9.100000000000001 3.0266027450561523
    endloop
  endfacet
  facet normal 0.6412534109642897 0.0026928939817065472 -0.7673244497920467
    outer loop
      vertex 14.426776885986328 -11.199998474121095 3.073223114013672
      vertex 14.36217212677002 -9.100000000000001 3.0266027450561523
      vertex 14.449999809265137 -9.100000000000001 3.1000003814697266
    endloop
  endfacet
  facet normal 0 1 0
    outer loop
      vertex 14.25 -9.100000000000001 3
      vertex 14.449999809265137 -9.100000000000001 3.1000003814697266
      vertex 14.36217212677002 -9.100000000000001 3.0266027450561523
    endloop
  endfacet
  facet normal 0.8854371835932541 -0.0038656658241707728 -0.4647429940711124
    outer loop
      vertex 14.426776885986328 -11.199998474121095 3.073223114013672
      vertex 14.449999809265137 -9.100000000000001 3.1000003814697266
      vertex 14.48705768585205 -9.100000000000001 3.1706037521362305
    endloop
  endfacet
  facet normal 0 -1 0
    outer loop
      vertex 14.449999809265137 -9.100000000000001 3.1000003814697266
      vertex 19.200000762939453 -9.100000000000001 3.1000003814697266
      vertex 14.48705768585205 -9.100000000000001 3.1706037521362305
    endloop
  endfacet
  facet normal 0 0 -1
    outer loop
      vertex 14.449999809265137 -9.100000000000001 3.1000003814697266
      vertex 19.200000762939453 -9.000001525878908 3.1000003814697266
      vertex 19.200000762939453 -9.100000000000001 3.1000003814697266
    endloop
  endfacet
  facet normal 0 0 -1
    outer loop
      vertex 14.449999809265137 -9.100000000000001 3.1000003814697266
      vertex 19.27603530883789 -8.800000762939455 3.1000003814697266
      vertex 19.200000762939453 -9.000001525878908 3.1000003814697266
    endloop
  endfacet
  facet normal 0.10701890388873793 -0.703045857042929 -0.703045857042929
    outer loop
      vertex 19 -8.78600082397461 3
      vertex 19.144609451293945 -8.800000762939455 3.036012649536133
      vertex 19 -8.800000762939455 3.0139999389648438
    endloop
  endfacet
  facet normal 0.11989389652339577 -0.6628277685639967 -0.7391108190230408
    outer loop
      vertex 19 -8.78600082397461 3
      vertex 19.15805435180664 -8.78600082397461 3.0256385803222656
      vertex 19.144609451293945 -8.800000762939455 3.036012649536133
    endloop
  endfacet
  facet normal 0.2964274237702608 -0.7358300233042733 -0.6088390257210512
    outer loop
      vertex 19.144609451293945 -8.800000762939455 3.036012649536133
      vertex 19.15805435180664 -8.78600082397461 3.0256385803222656
      vertex 19.27603530883789 -8.800000762939455 3.1000003814697266
    endloop
  endfacet
  facet normal 0.36336860701226636 -0.6219840842645933 -0.693613043677453
    outer loop
      vertex 19.15805435180664 -8.78600082397461 3.0256385803222656
      vertex 19.299999237060547 -8.78600082397461 3.1000003814697266
      vertex 19.27603530883789 -8.800000762939455 3.1000003814697266
    endloop
  endfacet
  facet normal 0.16010450926007289 0.014230259848683436 -0.9869974902801071
    outer loop
      vertex 19 -8.78600082397461 3
      vertex 19.353473663330078 -2.6000000000000014 3.146526336669922
      vertex 19.15805435180664 -8.78600082397461 3.0256385803222656
    endloop
  endfacet
  facet normal 0 0 -1
    outer loop
      vertex 19.200000762939453 -9.000001525878908 3.1000003814697266
      vertex 19.27603530883789 -8.800000762939455 3.1000003814697266
      vertex 19.288021087646484 -8.793092346191408 3.1000003814697266
    endloop
  endfacet
  facet normal 0 0 -1
    outer loop
      vertex 19.200000762939453 -9.000001525878908 3.1000003814697266
      vertex 19.299999237060547 -8.78600082397461 3.1000003814697266
      vertex 19.299999237060547 -8.800000762939455 3.1000003814697266
    endloop
  endfacet
  facet normal 0 0 -1
    outer loop
      vertex 19.200000762939453 -9.000001525878908 3.1000003814697266
      vertex 19.288021087646484 -8.793092346191408 3.1000003814697266
      vertex 19.299999237060547 -8.78600082397461 3.1000003814697266
    endloop
  endfacet
  facet normal 0 0 -1
    outer loop
      vertex 19.200000762939453 -9.000001525878908 3.1000003814697266
      vertex 19.299999237060547 -8.800000762939455 3.1000003814697266
      vertex 19.5 -8.800000762939455 3.1000003814697266
    endloop
  endfacet
  facet normal 0 0 -1
    outer loop
      vertex 19.200000762939453 -9.000001525878908 3.1000003814697266
      vertex 19.5 -8.800000762939455 3.1000003814697266
      vertex 19.5 -9.000001525878908 3.1000003814697266
    endloop
  endfacet
  facet normal 0 0 -1
    outer loop
      vertex 19.27603530883789 -8.800000762939455 3.1000003814697266
      vertex 19.299999237060547 -8.78600082397461 3.1000003814697266
      vertex 19.288021087646484 -8.793092346191408 3.1000003814697266
    endloop
  endfacet
  facet normal 0.4640529536280662 0.0026508060177926553 -0.8858034937030469
    outer loop
      vertex 19.15805435180664 -8.78600082397461 3.0256385803222656
      vertex 19.353473663330078 -2.6000000000000014 3.146526336669922
      vertex 19.299999237060547 -8.78600082397461 3.1000003814697266
    endloop
  endfacet
  facet normal 0.6563912091653787 0 -0.754420692008386
    outer loop
      vertex 19.299999237060547 -8.800000762939455 3.1000003814697266
      vertex 19.299999237060547 -8.78600082397461 3.1000003814697266
      vertex 19.353473663330078 -2.6000000000000014 3.146526336669922
    endloop
  endfacet
  facet normal 0.9238800308064115 0 -0.38268222937202623
    outer loop
      vertex 14.426776885986328 -11.199998474121095 3.073223114013672
      vertex 14.5 -9.100000000000001 3.25
      vertex 14.5 -11.199998474121095 3.25
    endloop
  endfacet
  facet normal 0.9867581712986706 -0.020866128306622336 -0.16085060169236254
    outer loop
      vertex 14.426776885986328 -11.199998474121095 3.073223114013672
      vertex 14.48705768585205 -9.100000000000001 3.1706037521362305
      vertex 14.5 -9.100000000000001 3.25
    endloop
  endfacet
  facet normal 0 -1 0
    outer loop
      vertex 14.48705768585205 -9.100000000000001 3.1706037521362305
      vertex 19.200000762939453 -9.100000000000001 3.1000003814697266
      vertex 14.5 -9.100000000000001 3.25
    endloop
  endfacet
  facet normal 1 0 0
    outer loop
      vertex 14.5 -11.199998474121095 3.25
      vertex 14.5 -9.100000000000001 3.25
      vertex 14.5 -9.100000000000001 9
    endloop
  endfacet
  facet normal 0 -1 0
    outer loop
      vertex 14.5 -9.100000000000001 3.25
      vertex 19.200000762939453 -9.100000000000001 3.1000003814697266
      vertex 14.5 -9.100000000000001 9
    endloop
  endfacet
  facet normal 0 1 0
    outer loop
      vertex 19.299999237060547 -8.800000762939455 3.1000003814697266
      vertex 19.44711685180664 -8.800000762939455 3.2764358520507812
      vertex 19.5 -8.800000762939455 3.1000003814697266
    endloop
  endfacet
  facet normal 0 1 0
    outer loop
      vertex 19.44711685180664 -8.800000762939455 3.2764358520507812
      vertex 19.5 -8.800000762939455 3.5
      vertex 19.5 -8.800000762939455 3.1000003814697266
    endloop
  endfacet
  facet normal 0.7680314623379065 -0.001818447631583545 -0.6404095299941343
    outer loop
      vertex 19.299999237060547 -8.800000762939455 3.1000003814697266
      vertex 19.353473663330078 -2.6000000000000014 3.146526336669922
      vertex 19.44711685180664 -8.800000762939455 3.2764358520507812
    endloop
  endfacet
  facet normal 0.9731449264956628 0 -0.23019329276881842
    outer loop
      vertex 19.44711685180664 -8.800000762939455 3.2764358520507812
      vertex 19.5 -2.6000000000000014 3.5
      vertex 19.5 -8.800000762939455 3.5
    endloop
  endfacet
  facet normal 0.3829349319961178 0 -0.9237753178436456
    outer loop
      vertex 19 -8.78600082397461 3
      vertex 19 -2.6000000000000014 3
      vertex 19.353473663330078 -2.6000000000000014 3.146526336669922
    endloop
  endfacet
  facet normal 0.9237590827788575 0.005928665196864373 -0.3829282020334196
    outer loop
      vertex 19.44711685180664 -8.800000762939455 3.2764358520507812
      vertex 19.353473663330078 -2.6000000000000014 3.146526336669922
      vertex 19.5 -2.6000000000000014 3.5
    endloop
  endfacet
  facet normal 0 -1 0
    outer loop
      vertex 19 -2.6000000000000014 3
      vertex 25 -2.6000000000000014 3
      vertex 25.707107543945312 -2.6000000000000014 3.292893409729004
    endloop
  endfacet
  facet normal 0 0 -1
    outer loop
      vertex 19 -2.6000000000000014 3
      vertex 25 -0.10000000000000142 3
      vertex 25 -2.6000000000000014 3
    endloop
  endfacet
  facet normal 0 0 -1
    outer loop
      vertex 19 -2.6000000000000014 3
      vertex 19 -0.10000000000000142 3
      vertex 25 -0.10000000000000142 3
    endloop
  endfacet
  facet normal 0 1 0
    outer loop
      vertex 19 -0.10000000000000142 3
      vertex 19.353473663330078 -0.10000000000000142 3.146526336669922
      vertex 25 -0.10000000000000142 3
    endloop
  endfacet
  facet normal 0.38268329292970116 0 -0.9238795902673035
    outer loop
      vertex 25 -2.6000000000000014 3
      vertex 25 -0.10000000000000142 3
      vertex 25.707107543945312 -0.10000000000000142 3.292893409729004
    endloop
  endfacet
  facet normal 0 -1 0
    outer loop
      vertex 19 -2.6000000000000014 3
      vertex 25.707107543945312 -2.6000000000000014 3.292893409729004
      vertex 19.353473663330078 -2.6000000000000014 3.146526336669922
    endloop
  endfacet
  facet normal 0 -1 0
    outer loop
      vertex 19.353473663330078 -2.6000000000000014 3.146526336669922
      vertex 25.707107543945312 -2.6000000000000014 3.292893409729004
      vertex 19.5 -2.6000000000000014 3.5
    endloop
  endfacet
  facet normal 0 -1 0
    outer loop
      vertex 19.5 -2.6000000000000014 3.5
      vertex 25.707107543945312 -2.6000000000000014 3.292893409729004
      vertex 26 -2.6000000000000014 4
    endloop
  endfacet
  facet normal 0 -1 0
    outer loop
      vertex 19.5 -2.6000000000000014 3.5
      vertex 26 -2.6000000000000014 4
      vertex 24.499000549316406 -2.6000000000000014 6
    endloop
  endfacet
  facet normal 0 -1 0
    outer loop
      vertex 19.5 -2.6000000000000014 3.5
      vertex 24.499000549316406 -2.6000000000000014 6
      vertex 23.617586135864258 -2.6000000000000014 6.286469459533691
    endloop
  endfacet
  facet normal 0 -1 0
    outer loop
      vertex 19.5 -2.6000000000000014 3.5
      vertex 23.617586135864258 -2.6000000000000014 6.286469459533691
      vertex 23.072345733642578 -2.6000000000000014 7.0369062423706055
    endloop
  endfacet
  facet normal 0 -1 0
    outer loop
      vertex 19.5 -2.6000000000000014 3.5
      vertex 23.072345733642578 -2.6000000000000014 7.0369062423706055
      vertex 23.072345733642578 -2.6000000000000014 7.9630937576293945
    endloop
  endfacet
  facet normal 0.3090956119318471 0 0.9510309683099057
    outer loop
      vertex 24.499000549316406 -2.6000000000000014 6
      vertex 23.617586135864258 -0.10000000000000142 6.286469459533691
      vertex 23.617586135864258 -2.6000000000000014 6.286469459533691
    endloop
  endfacet
  facet normal 0 1 0
    outer loop
      vertex 19.353473663330078 -0.10000000000000142 3.146526336669922
      vertex 19.5 -0.10000000000000142 3.5
      vertex 25.707107543945312 -0.10000000000000142 3.292893409729004
    endloop
  endfacet
  facet normal 0 1 0
    outer loop
      vertex 19.353473663330078 -0.10000000000000142 3.146526336669922
      vertex 25.707107543945312 -0.10000000000000142 3.292893409729004
      vertex 25 -0.10000000000000142 3
    endloop
  endfacet
  facet normal 0 1 0
    outer loop
      vertex 19.5 -0.10000000000000142 3.5
      vertex 26 -0.10000000000000142 4
      vertex 25.707107543945312 -0.10000000000000142 3.292893409729004
    endloop
  endfacet
  facet normal 0 1 0
    outer loop
      vertex 19.5 -0.10000000000000142 3.5
      vertex 23.617586135864258 -0.10000000000000142 6.286469459533691
      vertex 26 -0.10000000000000142 4
    endloop
  endfacet
  facet normal 0 1 0
    outer loop
      vertex 19.5 -0.10000000000000142 3.5
      vertex 23.072345733642578 -0.10000000000000142 7.0369062423706055
      vertex 23.617586135864258 -0.10000000000000142 6.286469459533691
    endloop
  endfacet
  facet normal 0.3090956119318471 0 0.9510309683099057
    outer loop
      vertex 24.499000549316406 -2.6000000000000014 6
      vertex 24.499000549316406 -0.10000000000000142 6
      vertex 23.617586135864258 -0.10000000000000142 6.286469459533691
    endloop
  endfacet
  facet normal 0.38268329292970116 0 -0.9238795902673035
    outer loop
      vertex 25 -2.6000000000000014 3
      vertex 25.707107543945312 -0.10000000000000142 3.292893409729004
      vertex 25.707107543945312 -2.6000000000000014 3.292893409729004
    endloop
  endfacet
  facet normal 0.9238798483296617 0 -0.3826826699111958
    outer loop
      vertex 25.707107543945312 -2.6000000000000014 3.292893409729004
      vertex 26 -0.10000000000000142 4
      vertex 26 -2.6000000000000014 4
    endloop
  endfacet
  facet normal 0 -1 0
    outer loop
      vertex 26 -2.6000000000000014 4
      vertex 25.249000549316406 -2.6000000000000014 6.200962066650391
      vertex 24.499000549316406 -2.6000000000000014 6
    endloop
  endfacet
  facet normal -0.2588192521755246 0 0.9659257708040003
    outer loop
      vertex 24.499000549316406 -2.6000000000000014 6
      vertex 25.249000549316406 -2.6000000000000014 6.200962066650391
      vertex 24.499000549316406 -0.10000000000000142 6
    endloop
  endfacet
  facet normal 0 -1 0
    outer loop
      vertex 26 -2.6000000000000014 4
      vertex 25.798038482666016 -2.6000000000000014 6.75
      vertex 25.249000549316406 -2.6000000000000014 6.200962066650391
    endloop
  endfacet
  facet normal 0.9921119223736914 -0.10200574577847911 0.07286124698462794
    outer loop
      vertex 26 -2.6000000000000014 4
      vertex 26 -0.10000000000000142 7.5
      vertex 25.798038482666016 -2.6000000000000014 6.75
    endloop
  endfacet
  facet normal 0.9238798483296617 0 -0.3826826699111958
    outer loop
      vertex 25.707107543945312 -2.6000000000000014 3.292893409729004
      vertex 25.707107543945312 -0.10000000000000142 3.292893409729004
      vertex 26 -0.10000000000000142 4
    endloop
  endfacet
  facet normal 0 1 0
    outer loop
      vertex 26 -0.10000000000000142 4
      vertex 23.617586135864258 -0.10000000000000142 6.286469459533691
      vertex 24.499000549316406 -0.10000000000000142 6
    endloop
  endfacet
  facet normal 0 1 0
    outer loop
      vertex 26 -0.10000000000000142 4
      vertex 24.499000549316406 -0.10000000000000142 6
      vertex 25.249000549316406 -0.10000000000000142 6.200962066650391
    endloop
  endfacet
  facet normal 1 0 0
    outer loop
      vertex 26 -2.6000000000000014 4
      vertex 26 -0.10000000000000142 4
      vertex 26 -0.10000000000000142 7.5
    endloop
  endfacet
  facet normal -0.2588192521755246 0 0.9659257708040003
    outer loop
      vertex 25.249000549316406 -2.6000000000000014 6.200962066650391
      vertex 25.249000549316406 -0.10000000000000142 6.200962066650391
      vertex 24.499000549316406 -0.10000000000000142 6
    endloop
  endfacet
  facet normal 0 1 0
    outer loop
      vertex 26 -0.10000000000000142 4
      vertex 25.249000549316406 -0.10000000000000142 6.200962066650391
      vertex 25.798038482666016 -0.10000000000000142 6.75
    endloop
  endfacet
  facet normal 0 1 0
    outer loop
      vertex 26 -0.10000000000000142 4
      vertex 25.798038482666016 -0.10000000000000142 6.75
      vertex 26 -0.10000000000000142 7.5
    endloop
  endfacet
  facet normal 1 0 0
    outer loop
      vertex 14.5 -11.199998474121095 3.25
      vertex 14.5 -9.100000000000001 9
      vertex 14.5 -10.600000000000001 9
    endloop
  endfacet
  facet normal 0 -1 0
    outer loop
      vertex 19.200000762939453 -9.100000000000001 3.1000003814697266
      vertex 16.009395599365234 -9.100000000000001 10.468923807144165
      vertex 14.5 -9.100000000000001 9
    endloop
  endfacet
  facet normal 0 -1 0
    outer loop
      vertex 19.200000762939453 -9.100000000000001 3.1000003814697266
      vertex 16.563377380371094 -9.100000000000001 12.499999999999996
      vertex 16.009395599365234 -9.100000000000001 10.468923807144165
    endloop
  endfacet
  facet normal 1 0 0
    outer loop
      vertex 19.200000762939453 -9.100000000000001 3.1000003814697266
      vertex 19.200000762939453 -9.000001525878908 3.1000003814697266
      vertex 19.200000762939453 -9.000001525878908 21.899999618530273
    endloop
  endfacet
  facet normal 0 -1 0
    outer loop
      vertex 19.200000762939453 -9.000001525878908 3.1000003814697266
      vertex 19.5 -9.000001525878908 3.1000003814697266
      vertex 19.5 -9.000001525878908 21.899999618530273
    endloop
  endfacet
  facet normal 1 0 0
    outer loop
      vertex 19.5 -9.000001525878908 3.1000003814697266
      vertex 19.5 -8.800000762939455 3.1000003814697266
      vertex 19.5 -9.000001525878908 21.899999618530273
    endloop
  endfacet
  facet normal -1 0 0
    outer loop
      vertex 14 -11.199998474121095 3.5
      vertex 14 -11.199998474121095 21.5
      vertex 14 -11.100000000000001 3.5
    endloop
  endfacet
  facet normal 0 -1 0
    outer loop
      vertex 14.5 -11.199998474121095 3.25
      vertex 14.5 -11.199998474121095 21.75
      vertex 14 -11.199998474121095 3.5
    endloop
  endfacet
  facet normal 1 0 0
    outer loop
      vertex 14.5 -11.199998474121095 3.25
      vertex 14.5 -10.600000000000001 9
      vertex 14.5 -10.600000000000001 16
    endloop
  endfacet
  facet normal 0.697431881898251 0.000003479372569293182 -0.7166510797450584
    outer loop
      vertex 14.5 -10.600000000000001 9
      vertex 16.009395599365234 -9.100000000000001 10.468923807144165
      vertex 16.009061813354492 -10.600000000000001 10.468591690063477
    endloop
  endfacet
  facet normal 0.6974336577393195 0 -0.7166493515327798
    outer loop
      vertex 14.5 -10.600000000000001 9
      vertex 14.5 -9.100000000000001 9
      vertex 16.009395599365234 -9.100000000000001 10.468923807144165
    endloop
  endfacet
  facet normal 0 -1 0
    outer loop
      vertex 14.5 -10.600000000000001 9
      vertex 16.009061813354492 -10.600000000000001 10.468591690063477
      vertex 16.563508987426758 -10.600000000000001 12.5
    endloop
  endfacet
  facet normal 0 -1 0
    outer loop
      vertex 14.5 -10.600000000000001 9
      vertex 16.563508987426758 -10.600000000000001 12.5
      vertex 16.009061813354492 -10.600000000000001 14.531408309936523
    endloop
  endfacet
  facet normal 0.9647575500104766 -0.00015641944546265709 -0.2631403527221541
    outer loop
      vertex 16.009061813354492 -10.600000000000001 10.468591690063477
      vertex 16.009395599365234 -9.100000000000001 10.468923807144165
      vertex 16.563377380371094 -9.100000000000001 12.499999999999996
    endloop
  endfacet
  facet normal 0.9647123570622866 0.00008464196858317084 -0.2633060215169116
    outer loop
      vertex 16.009061813354492 -10.600000000000001 10.468591690063477
      vertex 16.563377380371094 -9.100000000000001 12.499999999999996
      vertex 16.563508987426758 -10.600000000000001 12.5
    endloop
  endfacet
  facet normal 0 -1 0
    outer loop
      vertex 19.200000762939453 -9.100000000000001 3.1000003814697266
      vertex 14.48705768585205 -9.100000000000001 21.82939624786377
      vertex 16.563377380371094 -9.100000000000001 12.499999999999996
    endloop
  endfacet
  facet normal 1 0 0
    outer loop
      vertex 19.5 -8.800000762939455 3.1000003814697266
      vertex 19.5 -8.800000762939455 3.5
      vertex 19.5 -9.000001525878908 21.899999618530273
    endloop
  endfacet
  facet normal 1 0 0
    outer loop
      vertex 19.5 -8.800000762939455 3.5
      vertex 19.5 -2.6000000000000014 3.5
      vertex 19.5 -8.800000762939455 21.5
    endloop
  endfacet
  facet normal 1 0 0
    outer loop
      vertex 19.5 -2.6000000000000014 3.5
      vertex 19.5 -2.6000000000000014 12
      vertex 19.5 -3.8000007629394545 12
    endloop
  endfacet
  facet normal 1 0 0
    outer loop
      vertex 19.5 -2.6000000000000014 3.5
      vertex 19.5 -3.8000007629394545 12
      vertex 19.5 -8.800000762939455 21.5
    endloop
  endfacet
  facet normal 0 1 0
    outer loop
      vertex 19.5 -0.10000000000000142 3.5
      vertex 19.5 -0.10000000000000142 21.5
      vertex 23.072345733642578 -0.10000000000000142 7.0369062423706055
    endloop
  endfacet
  facet normal 0 -1 0
    outer loop
      vertex 19.5 -2.6000000000000014 3.5
      vertex 23.072345733642578 -2.6000000000000014 7.9630937576293945
      vertex 23.617586135864258 -2.6000000000000014 8.713530540466309
    endloop
  endfacet
  facet normal 0.8090087074587279 0 0.5877966580850547
    outer loop
      vertex 23.617586135864258 -2.6000000000000014 6.286469459533691
      vertex 23.072345733642578 -0.10000000000000142 7.0369062423706055
      vertex 23.072345733642578 -2.6000000000000014 7.0369062423706055
    endloop
  endfacet
  facet normal 1 0 0
    outer loop
      vertex 23.072345733642578 -2.6000000000000014 7.0369062423706055
      vertex 23.072345733642578 -0.10000000000000142 7.9630937576293945
      vertex 23.072345733642578 -2.6000000000000014 7.9630937576293945
    endloop
  endfacet
  facet normal 0 -1 0
    outer loop
      vertex 19.5 -2.6000000000000014 3.5
      vertex 25.5 -2.6000000000000014 12
      vertex 19.5 -2.6000000000000014 12
    endloop
  endfacet
  facet normal 0 -1 0
    outer loop
      vertex 19.5 -2.6000000000000014 3.5
      vertex 23.617586135864258 -2.6000000000000014 8.713530540466309
      vertex 25.5 -2.6000000000000014 12
    endloop
  endfacet
  facet normal 0.8090087074587279 0 -0.5877966580850547
    outer loop
      vertex 23.072345733642578 -2.6000000000000014 7.9630937576293945
      vertex 23.617586135864258 -0.10000000000000142 8.713530540466309
      vertex 23.617586135864258 -2.6000000000000014 8.713530540466309
    endloop
  endfacet
  facet normal 0.3090956119318471 0 -0.9510309683099057
    outer loop
      vertex 23.617586135864258 -2.6000000000000014 8.713530540466309
      vertex 24.499000549316406 -0.10000000000000142 9
      vertex 24.499000549316406 -2.6000000000000014 9
    endloop
  endfacet
  facet normal 0.8090087074587279 0 0.5877966580850547
    outer loop
      vertex 23.617586135864258 -2.6000000000000014 6.286469459533691
      vertex 23.617586135864258 -0.10000000000000142 6.286469459533691
      vertex 23.072345733642578 -0.10000000000000142 7.0369062423706055
    endloop
  endfacet
  facet normal 1 0 0
    outer loop
      vertex 23.072345733642578 -2.6000000000000014 7.0369062423706055
      vertex 23.072345733642578 -0.10000000000000142 7.0369062423706055
      vertex 23.072345733642578 -0.10000000000000142 7.9630937576293945
    endloop
  endfacet
  facet normal 0.8090087074587279 0 -0.5877966580850547
    outer loop
      vertex 23.072345733642578 -2.6000000000000014 7.9630937576293945
      vertex 23.072345733642578 -0.10000000000000142 7.9630937576293945
      vertex 23.617586135864258 -0.10000000000000142 8.713530540466309
    endloop
  endfacet
  facet normal 0.3090956119318471 0 -0.9510309683099057
    outer loop
      vertex 23.617586135864258 -2.6000000000000014 8.713530540466309
      vertex 23.617586135864258 -0.10000000000000142 8.713530540466309
      vertex 24.499000549316406 -0.10000000000000142 9
    endloop
  endfacet
  facet normal -0.7071067811865476 0 0.7071067811865476
    outer loop
      vertex 25.249000549316406 -2.6000000000000014 6.200962066650391
      vertex 25.798038482666016 -2.6000000000000014 6.75
      vertex 25.249000549316406 -0.10000000000000142 6.200962066650391
    endloop
  endfacet
  facet normal -0.9656033334908892 0 -0.2600196191660978
    outer loop
      vertex 26 -2.6000000000000014 7.5
      vertex 25.798038482666016 -2.6000000000000014 8.25
      vertex 26 -0.10000000000000142 7.5
    endloop
  endfacet
  facet normal -0.707106934716321 0 -0.7071066276567406
    outer loop
      vertex 25.798038482666016 -2.6000000000000014 8.25
      vertex 25.249000549316406 -2.6000000000000014 8.799038171768188
      vertex 25.798038482666016 -0.10000000000000142 8.25
    endloop
  endfacet
  facet normal -0.2588189656850788 0 -0.9659258475689042
    outer loop
      vertex 24.499000549316406 -2.6000000000000014 9
      vertex 25.249000549316406 -0.10000000000000142 8.799038171768188
      vertex 25.249000549316406 -2.6000000000000014 8.799038171768188
    endloop
  endfacet
  facet normal -0.7071067811865476 0 0.7071067811865476
    outer loop
      vertex 25.798038482666016 -2.6000000000000014 6.75
      vertex 25.798038482666016 -0.10000000000000142 6.75
      vertex 25.249000549316406 -0.10000000000000142 6.200962066650391
    endloop
  endfacet
  facet normal -0.9656033334908892 0 0.2600196191660978
    outer loop
      vertex 25.798038482666016 -2.6000000000000014 6.75
      vertex 26 -0.10000000000000142 7.5
      vertex 25.798038482666016 -0.10000000000000142 6.75
    endloop
  endfacet
  facet normal -0.9656033334908892 0 -0.2600196191660978
    outer loop
      vertex 26 -0.10000000000000142 7.5
      vertex 25.798038482666016 -2.6000000000000014 8.25
      vertex 25.798038482666016 -0.10000000000000142 8.25
    endloop
  endfacet
  facet normal -0.2588189656850788 0 -0.9659258475689042
    outer loop
      vertex 24.499000549316406 -2.6000000000000014 9
      vertex 24.499000549316406 -0.10000000000000142 9
      vertex 25.249000549316406 -0.10000000000000142 8.799038171768188
    endloop
  endfacet
  facet normal -0.707106934716321 0 -0.7071066276567406
    outer loop
      vertex 25.249000549316406 -2.6000000000000014 8.799038171768188
      vertex 25.249000549316406 -0.10000000000000142 8.799038171768188
      vertex 25.798038482666016 -0.10000000000000142 8.25
    endloop
  endfacet
  facet normal 0 0 -1
    outer loop
      vertex 19.5 -3.8000007629394545 12
      vertex 19.5 -2.6000000000000014 12
      vertex 25.5 -2.6000000000000014 12
    endloop
  endfacet
  facet normal 0.19611625502979574 -0.9805806517125902 0
    outer loop
      vertex 19.5 -3.8000007629394545 12
      vertex 25.5 -2.6000000000000014 12
      vertex 19.5 -3.8000007629394545 13
    endloop
  endfacet
  facet normal 0 1 0
    outer loop
      vertex 23.072345733642578 -0.10000000000000142 7.0369062423706055
      vertex 19.5 -0.10000000000000142 21.5
      vertex 23.072345733642578 -0.10000000000000142 7.9630937576293945
    endloop
  endfacet
  facet normal 0 -1 0
    outer loop
      vertex 23.617586135864258 -2.6000000000000014 8.713530540466309
      vertex 24.499000549316406 -2.6000000000000014 9
      vertex 25.5 -2.6000000000000014 12
    endloop
  endfacet
  facet normal 0 -1 0
    outer loop
      vertex 24.499000549316406 -2.6000000000000014 9
      vertex 25.249000549316406 -2.6000000000000014 8.799038171768188
      vertex 25.5 -2.6000000000000014 12
    endloop
  endfacet
  facet normal 0.6692418466592595 -0.7208591936784093 0.18021479841960233
    outer loop
      vertex 26 -2.6000000000000014 7.5
      vertex 26 -0.10000000000000142 17.5
      vertex 25.798038482666016 -2.6000000000000014 8.25
    endloop
  endfacet
  facet normal 0.24773187505058783 -0.9366204618031437 0.24773176747358375
    outer loop
      vertex 25.798038482666016 -2.6000000000000014 8.25
      vertex 26 -0.10000000000000142 17.5
      vertex 25.249000549316406 -2.6000000000000014 8.799038171768188
    endloop
  endfacet
  facet normal 0 1 0
    outer loop
      vertex 26 -0.10000000000000142 7.5
      vertex 25.798038482666016 -0.10000000000000142 8.25
      vertex 24.499000549316406 -0.10000000000000142 16
    endloop
  endfacet
  facet normal 1 0 0
    outer loop
      vertex 26 -2.6000000000000014 7.5
      vertex 26 -0.10000000000000142 7.5
      vertex 26 -0.10000000000000142 17.5
    endloop
  endfacet
  facet normal 0 1 0
    outer loop
      vertex 24.499000549316406 -0.10000000000000142 9
      vertex 24.499000549316406 -0.10000000000000142 16
      vertex 25.249000549316406 -0.10000000000000142 8.799038171768188
    endloop
  endfacet
  facet normal 0 1 0
    outer loop
      vertex 25.798038482666016 -0.10000000000000142 8.25
      vertex 25.249000549316406 -0.10000000000000142 8.799038171768188
      vertex 24.499000549316406 -0.10000000000000142 16
    endloop
  endfacet
  facet normal 0.38293493199292805 -0.00000408160966889128 -0.9237753178359508
    outer loop
      vertex 19 -0.10000000000000142 3
      vertex 19.353553771972656 25.54644658565521 3.1464462280273438
      vertex 19.353473663330078 -0.10000000000000142 3.146526336669922
    endloop
  endfacet
  facet normal 0.9237753178436456 0 -0.38293493199611783
    outer loop
      vertex 19.353473663330078 -0.10000000000000142 3.146526336669922
      vertex 19.5 25.4 3.5
      vertex 19.5 -0.10000000000000142 3.5
    endloop
  endfacet
  facet normal 0.19117919907971131 0 -0.9815551506865215
    outer loop
      vertex 19 -0.10000000000000142 3
      vertex 19 25.4 3
      vertex 19.18729591369629 25.43648006916046 3.036479949951172
    endloop
  endfacet
  facet normal 0.5529825332045643 -0.0028655756421189695 -0.83318791784741
    outer loop
      vertex 19 -0.10000000000000142 3
      vertex 19.18729591369629 25.43648006916046 3.036479949951172
      vertex 19.353553771972656 25.54644658565521 3.1464462280273438
    endloop
  endfacet
  facet normal 0.9814454117790133 -0.0029819660465222352 -0.19171857389522884
    outer loop
      vertex 19.353473663330078 -0.10000000000000142 3.146526336669922
      vertex 19.463523864746094 25.436475896835326 3.312704086303711
      vertex 19.5 25.4 3.5
    endloop
  endfacet
  facet normal 0.8340543625855029 -0.00000432845461622988 -0.5516822638379404
    outer loop
      vertex 19.353473663330078 -0.10000000000000142 3.146526336669922
      vertex 19.353553771972656 25.54644658565521 3.1464462280273438
      vertex 19.463523864746094 25.436475896835326 3.312704086303711
    endloop
  endfacet
  facet normal 1 0 0
    outer loop
      vertex 19.5 -0.10000000000000142 3.5
      vertex 19.5 25.4 3.5
      vertex 19.5 -0.10000000000000142 21.5
    endloop
  endfacet
  facet normal -0.9491214620029271 -0.001742445653425302 0.31490540523873384
    outer loop
      vertex 1.6429662704467773 -11.199998474121095 12.5
      vertex 1.8810080289840698 -11.199998474121095 13.217455267906189
      vertex 1.6427826881408691 -11.100000000000001 12.5
    endloop
  endfacet
  facet normal 0 -1 0
    outer loop
      vertex 1.8810080289840698 -11.199998474121095 11.782544732093811
      vertex 2.5 -11.199998474121095 13.649999976158142
      vertex 1.6429662704467773 -11.199998474121095 12.5
    endloop
  endfacet
  facet normal -0.949099758169495 -0.001203377258745446 0.3149733336741054
    outer loop
      vertex 1.6427826881408691 -11.100000000000001 12.5
      vertex 1.8810080289840698 -11.199998474121095 13.217455267906189
      vertex 1.8807621002197266 -11.100000000000001 13.217096269130707
    endloop
  endfacet
  facet normal 0 -1 0
    outer loop
      vertex 1.6429662704467773 -11.199998474121095 12.5
      vertex 2.5 -11.199998474121095 13.649999976158142
      vertex 1.8810080289840698 -11.199998474121095 13.217455267906189
    endloop
  endfacet
  facet normal -0.5727952056048315 0.0015340577079175715 0.8196970776470218
    outer loop
      vertex 1.8810080289840698 -11.199998474121095 13.217455267906189
      vertex 2.5 -11.199998474121095 13.649999976158142
      vertex 1.8807621002197266 -11.100000000000001 13.217096269130707
    endloop
  endfacet
  facet normal -0.5729622949546167 0 0.8195817278101916
    outer loop
      vertex 1.8807621002197266 -11.100000000000001 13.217096269130707
      vertex 2.5 -11.199998474121095 13.649999976158142
      vertex 2.5 -11.100000000000001 13.649999976158142
    endloop
  endfacet
  facet normal 0 -1 0
    outer loop
      vertex 2.5 -11.199998474121095 11.350000023841858
      vertex 3 -11.199998474121095 21.5
      vertex 2.5 -11.199998474121095 13.649999976158142
    endloop
  endfacet
  facet normal 1 0 0
    outer loop
      vertex 3 -11.199998474121095 3.5
      vertex 3 -11.100000000000001 21.5
      vertex 3 -11.199998474121095 21.5
    endloop
  endfacet
  facet normal -1 0 0
    outer loop
      vertex 2.5 -11.199998474121095 13.649999976158142
      vertex 2.5 -11.199998474121095 22
      vertex 2.5 -11.100000000000001 13.649999976158142
    endloop
  endfacet
  facet normal 0 -1 0
    outer loop
      vertex 14 -11.100000000000001 3.5
      vertex 14 -11.100000000000001 21.5
      vertex 3 -11.100000000000001 21.5
    endloop
  endfacet
  facet normal -1 0 0
    outer loop
      vertex 2.5 -11.100000000000001 13.649999976158142
      vertex 2.5 -11.199998474121095 22
      vertex 2.5 -11.100000000000001 22
    endloop
  endfacet
  facet normal 0 -1 0
    outer loop
      vertex 2.5 -11.199998474121095 13.649999976158142
      vertex 3 -11.199998474121095 21.5
      vertex 2.5 -11.199998474121095 22
    endloop
  endfacet
  facet normal 0 0 -1
    outer loop
      vertex 3 -11.199998474121095 21.5
      vertex 3 -11.100000000000001 21.5
      vertex 14 -11.100000000000001 21.5
    endloop
  endfacet
  facet normal 0 -1 0
    outer loop
      vertex 3 -11.199998474121095 21.5
      vertex 14.25 -11.199998474121095 22
      vertex 2.5 -11.199998474121095 22
    endloop
  endfacet
  facet normal 0 0 1
    outer loop
      vertex -6.377501010894775 -9.100000000000001 22
      vertex 2.5 -11.100000000000001 22
      vertex 14.25 -11.199998474121095 22
    endloop
  endfacet
  facet normal 0 0 1
    outer loop
      vertex -18.899999618530273 -8.800000762939455 21.899999618530273
      vertex 14.449999809265137 -9.100000000000001 21.899999618530273
      vertex 19.200000762939453 -9.100000000000001 21.899999618530273
    endloop
  endfacet
  facet normal 0 1 0
    outer loop
      vertex -12.911744117736816 -9.100000000000001 21.899999618530273
      vertex 14.25 -9.100000000000001 22
      vertex 14.36217212677002 -9.100000000000001 21.973397254943848
    endloop
  endfacet
  facet normal 0 1 0
    outer loop
      vertex -12.911744117736816 -9.100000000000001 21.899999618530273
      vertex 14.36217212677002 -9.100000000000001 21.973397254943848
      vertex 14.449999809265137 -9.100000000000001 21.899999618530273
    endloop
  endfacet
  facet normal 0 0 1
    outer loop
      vertex 2.5 -11.199998474121095 22
      vertex 14.25 -11.199998474121095 22
      vertex 2.5 -11.100000000000001 22
    endloop
  endfacet
  facet normal 0 0 1
    outer loop
      vertex -18.899999618530273 -8.800000762939455 21.899999618530273
      vertex 19.200000762939453 -9.100000000000001 21.899999618530273
      vertex 19.200000762939453 -9.000001525878908 21.899999618530273
    endloop
  endfacet
  facet normal 0 0 1
    outer loop
      vertex -18.899999618530273 -8.800000762939455 21.899999618530273
      vertex 19.200000762939453 -9.000001525878908 21.899999618530273
      vertex 19.27603530883789 -8.800000762939455 21.899999618530273
    endloop
  endfacet
  facet normal 0 -0.7071067811865476 0.7071067811865476
    outer loop
      vertex -19 -8.78600082397461 22
      vertex 19 -8.800000762939455 21.986000061035156
      vertex 19 -8.78600082397461 22
    endloop
  endfacet
  facet normal 0 -1 0
    outer loop
      vertex -18.899999618530273 -8.800000762939455 21.899999618530273
      vertex 19.27603530883789 -8.800000762939455 21.899999618530273
      vertex 19 -8.800000762939455 21.986000061035156
    endloop
  endfacet
  facet normal 0 0 -1
    outer loop
      vertex 3 -11.199998474121095 21.5
      vertex 14 -11.100000000000001 21.5
      vertex 14 -11.199998474121095 21.5
    endloop
  endfacet
  facet normal 0 -1 0
    outer loop
      vertex 3 -11.199998474121095 21.5
      vertex 14 -11.199998474121095 21.5
      vertex 14.5 -11.199998474121095 21.75
    endloop
  endfacet
  facet normal 0 -1 0
    outer loop
      vertex 3 -11.199998474121095 21.5
      vertex 14.5 -11.199998474121095 21.75
      vertex 14.426776885986328 -11.199998474121095 21.926776885986328
    endloop
  endfacet
  facet normal 0 -1 0
    outer loop
      vertex 3 -11.199998474121095 21.5
      vertex 14.426776885986328 -11.199998474121095 21.926776885986328
      vertex 14.25 -11.199998474121095 22
    endloop
  endfacet
  facet normal 0 0 1
    outer loop
      vertex -6.377501010894775 -9.100000000000001 22
      vertex 14.25 -11.199998474121095 22
      vertex 14.25 -9.100000000000001 22
    endloop
  endfacet
  facet normal 0 0 1
    outer loop
      vertex -19 25.4 22
      vertex 19 -8.78600082397461 22
      vertex 19 -2.6000000000000014 22
    endloop
  endfacet
  facet normal 0 0 1
    outer loop
      vertex -19 25.4 22
      vertex 19 -2.6000000000000014 22
      vertex 19 -0.10000000000000142 22
    endloop
  endfacet
  facet normal 0 0 1
    outer loop
      vertex -19 25.4 22
      vertex 19 -0.10000000000000142 22
      vertex 19 25.4 22
    endloop
  endfacet
  facet normal 0 -1 0
    outer loop
      vertex 14.5 -10.600000000000001 9
      vertex 16.009061813354492 -10.600000000000001 14.531408309936523
      vertex 14.5 -10.600000000000001 16
    endloop
  endfacet
  facet normal 1 0 0
    outer loop
      vertex 14.5 -11.199998474121095 3.25
      vertex 14.5 -10.600000000000001 16
      vertex 14.5 -11.199998474121095 21.75
    endloop
  endfacet
  facet normal 0.964757558356647 0.00008464593445726877 0.2631403549985947
    outer loop
      vertex 16.563377380371094 -9.100000000000001 12.499999999999996
      vertex 16.009395599365234 -9.100000000000001 14.531076192855835
      vertex 16.563508987426758 -10.600000000000001 12.5
    endloop
  endfacet
  facet normal 0.9647123487232355 -0.00015637270663738145 0.2633060192408732
    outer loop
      vertex 16.009061813354492 -10.600000000000001 14.531408309936523
      vertex 16.563508987426758 -10.600000000000001 12.5
      vertex 16.009395599365234 -9.100000000000001 14.531076192855835
    endloop
  endfacet
  facet normal -1 0 0
    outer loop
      vertex 14 -11.100000000000001 3.5
      vertex 14 -11.199998474121095 21.5
      vertex 14 -11.100000000000001 21.5
    endloop
  endfacet
  facet normal 0 -1 0
    outer loop
      vertex 14 -11.199998474121095 3.5
      vertex 14.5 -11.199998474121095 21.75
      vertex 14 -11.199998474121095 21.5
    endloop
  endfacet
  facet normal 0.6974318819024725 0 0.7166510797493963
    outer loop
      vertex 16.009061813354492 -10.600000000000001 14.531408309936523
      vertex 14.5 -9.100000000000001 16
      vertex 14.5 -10.600000000000001 16
    endloop
  endfacet
  facet normal 0.6974336577350999 0.0000034785947561236178 0.7166493515284439
    outer loop
      vertex 16.009061813354492 -10.600000000000001 14.531408309936523
      vertex 16.009395599365234 -9.100000000000001 14.531076192855835
      vertex 14.5 -9.100000000000001 16
    endloop
  endfacet
  facet normal 0 -1 0
    outer loop
      vertex 19.200000762939453 -9.100000000000001 3.1000003814697266
      vertex 19.200000762939453 -9.100000000000001 21.899999618530273
      vertex 14.48705768585205 -9.100000000000001 21.82939624786377
    endloop
  endfacet
  facet normal 0 -1 0
    outer loop
      vertex 16.563377380371094 -9.100000000000001 12.499999999999996
      vertex 14.48705768585205 -9.100000000000001 21.82939624786377
      vertex 16.009395599365234 -9.100000000000001 14.531076192855835
    endloop
  endfacet
  facet normal 1 0 0
    outer loop
      vertex 14.5 -10.600000000000001 16
      vertex 14.5 -9.100000000000001 16
      vertex 14.5 -9.100000000000001 21.75
    endloop
  endfacet
  facet normal 0 -1 0
    outer loop
      vertex 16.009395599365234 -9.100000000000001 14.531076192855835
      vertex 14.5 -9.100000000000001 21.75
      vertex 14.5 -9.100000000000001 16
    endloop
  endfacet
  facet normal 1 0 0
    outer loop
      vertex 19.200000762939453 -9.100000000000001 3.1000003814697266
      vertex 19.200000762939453 -9.000001525878908 21.899999618530273
      vertex 19.200000762939453 -9.100000000000001 21.899999618530273
    endloop
  endfacet
  facet normal 0 -1 0
    outer loop
      vertex 19.200000762939453 -9.000001525878908 3.1000003814697266
      vertex 19.5 -9.000001525878908 21.899999618530273
      vertex 19.200000762939453 -9.000001525878908 21.899999618530273
    endloop
  endfacet
  facet normal 1 0 0
    outer loop
      vertex 19.5 -8.800000762939455 3.5
      vertex 19.5 -8.800000762939455 21.5
      vertex 19.5 -9.000001525878908 21.899999618530273
    endloop
  endfacet
  facet normal 1 0 0
    outer loop
      vertex 19.5 -3.8000007629394545 12
      vertex 19.5 -3.8000007629394545 13
      vertex 19.5 -8.800000762939455 21.5
    endloop
  endfacet
  facet normal 1 0 0
    outer loop
      vertex 19.5 -8.800000762939455 21.5
      vertex 19.5 -3.8000007629394545 13
      vertex 19.5 -2.6000000000000014 13
    endloop
  endfacet
  facet normal 1 0 0
    outer loop
      vertex 19.5 -8.800000762939455 21.5
      vertex 19.5 -2.6000000000000014 13
      vertex 19.5 -2.6000000000000014 21.5
    endloop
  endfacet
  facet normal 0 -1 0
    outer loop
      vertex 19.5 -2.6000000000000014 13
      vertex 23.072345733642578 -2.6000000000000014 17.963093757629395
      vertex 19.5 -2.6000000000000014 21.5
    endloop
  endfacet
  facet normal 0 0 1
    outer loop
      vertex 19.5 -3.8000007629394545 13
      vertex 25.5 -2.6000000000000014 13
      vertex 19.5 -2.6000000000000014 13
    endloop
  endfacet
  facet normal 0.19611625502979574 -0.9805806517125902 0
    outer loop
      vertex 25.5 -2.6000000000000014 12
      vertex 25.5 -2.6000000000000014 13
      vertex 19.5 -3.8000007629394545 13
    endloop
  endfacet
  facet normal 0 -1 0
    outer loop
      vertex 19.5 -2.6000000000000014 13
      vertex 24.499000549316406 -2.6000000000000014 16
      vertex 23.617586135864258 -2.6000000000000014 16.28646945953369
    endloop
  endfacet
  facet normal 0 -1 0
    outer loop
      vertex 19.5 -2.6000000000000014 13
      vertex 23.617586135864258 -2.6000000000000014 16.28646945953369
      vertex 23.072345733642578 -2.6000000000000014 17.036906242370605
    endloop
  endfacet
  facet normal 0 -1 0
    outer loop
      vertex 19.5 -2.6000000000000014 13
      vertex 25.5 -2.6000000000000014 13
      vertex 25.249000549316406 -2.6000000000000014 16.20096182823181
    endloop
  endfacet
  facet normal 0 -1 0
    outer loop
      vertex 19.5 -2.6000000000000014 13
      vertex 25.249000549316406 -2.6000000000000014 16.20096182823181
      vertex 24.499000549316406 -2.6000000000000014 16
    endloop
  endfacet
  facet normal 0 1 0
    outer loop
      vertex 23.072345733642578 -0.10000000000000142 7.9630937576293945
      vertex 19.5 -0.10000000000000142 21.5
      vertex 23.617586135864258 -0.10000000000000142 8.713530540466309
    endloop
  endfacet
  facet normal 0 1 0
    outer loop
      vertex 23.617586135864258 -0.10000000000000142 8.713530540466309
      vertex 19.5 -0.10000000000000142 21.5
      vertex 24.499000549316406 -0.10000000000000142 9
    endloop
  endfacet
  facet normal 0 1 0
    outer loop
      vertex 24.499000549316406 -0.10000000000000142 9
      vertex 23.617586135864258 -0.10000000000000142 16.28646945953369
      vertex 24.499000549316406 -0.10000000000000142 16
    endloop
  endfacet
  facet normal 0 1 0
    outer loop
      vertex 24.499000549316406 -0.10000000000000142 9
      vertex 19.5 -0.10000000000000142 21.5
      vertex 23.617586135864258 -0.10000000000000142 16.28646945953369
    endloop
  endfacet
  facet normal 0.9965655728631594 -0.027395317822953763 -0.07814445306803551
    outer loop
      vertex 25.249000549316406 -2.6000000000000014 8.799038171768188
      vertex 26 -0.10000000000000142 17.5
      vertex 25.5 -2.6000000000000014 12
    endloop
  endfacet
  facet normal 0.9805806756909202 -0.19611613513818404 0
    outer loop
      vertex 25.5 -2.6000000000000014 12
      vertex 26 -0.10000000000000142 17.5
      vertex 25.5 -2.6000000000000014 13
    endloop
  endfacet
  facet normal 0 -1 0
    outer loop
      vertex 25.5 -2.6000000000000014 13
      vertex 25.798038482666016 -2.6000000000000014 16.75
      vertex 25.249000549316406 -2.6000000000000014 16.20096182823181
    endloop
  endfacet
  facet normal 0 1 0
    outer loop
      vertex 26 -0.10000000000000142 7.5
      vertex 24.499000549316406 -0.10000000000000142 16
      vertex 25.249000549316406 -0.10000000000000142 16.20096182823181
    endloop
  endfacet
  facet normal 0 1 0
    outer loop
      vertex 26 -0.10000000000000142 7.5
      vertex 25.249000549316406 -0.10000000000000142 16.20096182823181
      vertex 25.798038482666016 -0.10000000000000142 16.75
    endloop
  endfacet
  facet normal 0 1 0
    outer loop
      vertex 26 -0.10000000000000142 7.5
      vertex 25.798038482666016 -0.10000000000000142 16.75
      vertex 26 -0.10000000000000142 17.5
    endloop
  endfacet
  facet normal 0 -1 0
    outer loop
      vertex 19.5 -2.6000000000000014 13
      vertex 23.072345733642578 -2.6000000000000014 17.036906242370605
      vertex 23.072345733642578 -2.6000000000000014 17.963093757629395
    endloop
  endfacet
  facet normal 0.3090956119318471 0 0.9510309683099057
    outer loop
      vertex 24.499000549316406 -2.6000000000000014 16
      vertex 23.617586135864258 -0.10000000000000142 16.28646945953369
      vertex 23.617586135864258 -2.6000000000000014 16.28646945953369
    endloop
  endfacet
  facet normal 0.8090087074587279 0 0.5877966580850547
    outer loop
      vertex 23.617586135864258 -2.6000000000000014 16.28646945953369
      vertex 23.072345733642578 -0.10000000000000142 17.036906242370605
      vertex 23.072345733642578 -2.6000000000000014 17.036906242370605
    endloop
  endfacet
  facet normal 1 0 0
    outer loop
      vertex 23.072345733642578 -2.6000000000000014 17.036906242370605
      vertex 23.072345733642578 -0.10000000000000142 17.963093757629395
      vertex 23.072345733642578 -2.6000000000000014 17.963093757629395
    endloop
  endfacet
  facet normal 0.8090087074587279 0 -0.5877966580850547
    outer loop
      vertex 23.072345733642578 -2.6000000000000014 17.963093757629395
      vertex 23.617586135864258 -0.10000000000000142 18.71353054046631
      vertex 23.617586135864258 -2.6000000000000014 18.71353054046631
    endloop
  endfacet
  facet normal 0.3090956119318471 0 0.9510309683099057
    outer loop
      vertex 24.499000549316406 -2.6000000000000014 16
      vertex 24.499000549316406 -0.10000000000000142 16
      vertex 23.617586135864258 -0.10000000000000142 16.28646945953369
    endloop
  endfacet
  facet normal 0.8090087074587279 0 0.5877966580850547
    outer loop
      vertex 23.617586135864258 -2.6000000000000014 16.28646945953369
      vertex 23.617586135864258 -0.10000000000000142 16.28646945953369
      vertex 23.072345733642578 -0.10000000000000142 17.036906242370605
    endloop
  endfacet
  facet normal 0 1 0
    outer loop
      vertex 23.617586135864258 -0.10000000000000142 16.28646945953369
      vertex 19.5 -0.10000000000000142 21.5
      vertex 23.072345733642578 -0.10000000000000142 17.036906242370605
    endloop
  endfacet
  facet normal 1 0 0
    outer loop
      vertex 23.072345733642578 -2.6000000000000014 17.036906242370605
      vertex 23.072345733642578 -0.10000000000000142 17.036906242370605
      vertex 23.072345733642578 -0.10000000000000142 17.963093757629395
    endloop
  endfacet
  facet normal 0.8090087074587279 0 -0.5877966580850547
    outer loop
      vertex 23.072345733642578 -2.6000000000000014 17.963093757629395
      vertex 23.072345733642578 -0.10000000000000142 17.963093757629395
      vertex 23.617586135864258 -0.10000000000000142 18.71353054046631
    endloop
  endfacet
  facet normal -0.2588189656850788 0 0.9659258475689042
    outer loop
      vertex 24.499000549316406 -2.6000000000000014 16
      vertex 25.249000549316406 -2.6000000000000014 16.20096182823181
      vertex 24.499000549316406 -0.10000000000000142 16
    endloop
  endfacet
  facet normal 0.9952545342509597 -0.05667131424797045 -0.07909977366790083
    outer loop
      vertex 25.5 -2.6000000000000014 13
      vertex 26 -0.10000000000000142 17.5
      vertex 25.798038482666016 -2.6000000000000014 16.75
    endloop
  endfacet
  facet normal -0.707106934716321 0 0.7071066276567406
    outer loop
      vertex 25.249000549316406 -2.6000000000000014 16.20096182823181
      vertex 25.798038482666016 -2.6000000000000014 16.75
      vertex 25.249000549316406 -0.10000000000000142 16.20096182823181
    endloop
  endfacet
  facet normal -0.9656033334908892 0 -0.2600196191660978
    outer loop
      vertex 26 -2.6000000000000014 17.5
      vertex 25.798038482666016 -2.6000000000000014 18.25
      vertex 26 -0.10000000000000142 17.5
    endloop
  endfacet
  facet normal -0.7071067811865476 0 -0.7071067811865476
    outer loop
      vertex 25.798038482666016 -2.6000000000000014 18.25
      vertex 25.249000549316406 -2.6000000000000014 18.79903793334961
      vertex 25.798038482666016 -0.10000000000000142 18.25
    endloop
  endfacet
  facet normal -0.2588189656850788 0 0.9659258475689042
    outer loop
      vertex 25.249000549316406 -2.6000000000000014 16.20096182823181
      vertex 25.249000549316406 -0.10000000000000142 16.20096182823181
      vertex 24.499000549316406 -0.10000000000000142 16
    endloop
  endfacet
  facet normal -0.707106934716321 0 0.7071066276567406
    outer loop
      vertex 25.798038482666016 -2.6000000000000014 16.75
      vertex 25.798038482666016 -0.10000000000000142 16.75
      vertex 25.249000549316406 -0.10000000000000142 16.20096182823181
    endloop
  endfacet
  facet normal -0.9656033334908892 0 0.2600196191660978
    outer loop
      vertex 25.798038482666016 -2.6000000000000014 16.75
      vertex 26 -0.10000000000000142 17.5
      vertex 25.798038482666016 -0.10000000000000142 16.75
    endloop
  endfacet
  facet normal -0.9656033334908892 0 -0.2600196191660978
    outer loop
      vertex 25.798038482666016 -2.6000000000000014 18.25
      vertex 25.798038482666016 -0.10000000000000142 18.25
      vertex 26 -0.10000000000000142 17.5
    endloop
  endfacet
  facet normal -0.7071067811865476 0 -0.7071067811865476
    outer loop
      vertex 25.249000549316406 -2.6000000000000014 18.79903793334961
      vertex 25.249000549316406 -0.10000000000000142 18.79903793334961
      vertex 25.798038482666016 -0.10000000000000142 18.25
    endloop
  endfacet
  facet normal 1 0 0
    outer loop
      vertex 26 -2.6000000000000014 17.5
      vertex 26 -0.10000000000000142 17.5
      vertex 26 -0.10000000000000142 21
    endloop
  endfacet
  facet normal 0 -1 0
    outer loop
      vertex 16.009395599365234 -9.100000000000001 14.531076192855835
      vertex 14.48705768585205 -9.100000000000001 21.82939624786377
      vertex 14.5 -9.100000000000001 21.75
    endloop
  endfacet
  facet normal 1 0 0
    outer loop
      vertex 14.5 -10.600000000000001 16
      vertex 14.5 -9.100000000000001 21.75
      vertex 14.5 -11.199998474121095 21.75
    endloop
  endfacet
  facet normal 0.9238668726386458 -0.005337075801740179 0.3826767791005547
    outer loop
      vertex 14.5 -11.199998474121095 21.75
      vertex 14.449999809265137 -9.100000000000001 21.899999618530273
      vertex 14.426776885986328 -11.199998474121095 21.926776885986328
    endloop
  endfacet
  facet normal 0.9869730564113894 0 0.16088562992996008
    outer loop
      vertex 14.5 -11.199998474121095 21.75
      vertex 14.5 -9.100000000000001 21.75
      vertex 14.48705768585205 -9.100000000000001 21.82939624786377
    endloop
  endfacet
  facet normal 0.8853788372643745 -0.012113136149184791 0.4647123695975992
    outer loop
      vertex 14.5 -11.199998474121095 21.75
      vertex 14.48705768585205 -9.100000000000001 21.82939624786377
      vertex 14.449999809265137 -9.100000000000001 21.899999618530273
    endloop
  endfacet
  facet normal 1 0 0
    outer loop
      vertex 19.5 -8.800000762939455 21.5
      vertex 19.5 -8.800000762939455 21.899999618530273
      vertex 19.5 -9.000001525878908 21.899999618530273
    endloop
  endfacet
  facet normal 0.7680327321857618 0 0.6404105888344398
    outer loop
      vertex 19.44711685180664 -8.800000762939455 21.72356414794922
      vertex 19.299999237060547 -8.78600082397461 21.899999618530273
      vertex 19.299999237060547 -8.800000762939455 21.899999618530273
    endloop
  endfacet
  facet normal 0 1 0
    outer loop
      vertex 19.44711685180664 -8.800000762939455 21.72356414794922
      vertex 19.299999237060547 -8.800000762939455 21.899999618530273
      vertex 19.5 -8.800000762939455 21.899999618530273
    endloop
  endfacet
  facet normal 0 1 0
    outer loop
      vertex 19.44711685180664 -8.800000762939455 21.72356414794922
      vertex 19.5 -8.800000762939455 21.899999618530273
      vertex 19.5 -8.800000762939455 21.5
    endloop
  endfacet
  facet normal 0.9730974829624506 0.00987437133550938 0.23018207020285383
    outer loop
      vertex 19.44711685180664 -8.800000762939455 21.72356414794922
      vertex 19.5 -8.800000762939455 21.5
      vertex 19.353473663330078 -2.6000000000000014 21.853473663330078
    endloop
  endfacet
  facet normal 0.7679603712666339 -0.0018213074286327316 0.6404947704730026
    outer loop
      vertex 19.44711685180664 -8.800000762939455 21.72356414794922
      vertex 19.353473663330078 -2.6000000000000014 21.853473663330078
      vertex 19.299999237060547 -8.78600082397461 21.899999618530273
    endloop
  endfacet
  facet normal 0.38268222937202623 0 0.9238800308064115
    outer loop
      vertex 14.25 -11.199998474121095 22
      vertex 14.426776885986328 -11.199998474121095 21.926776885986328
      vertex 14.25 -9.100000000000001 22
    endloop
  endfacet
  facet normal 0.23073502667548132 -0.01450037990515267 0.9729085704462014
    outer loop
      vertex 14.426776885986328 -11.199998474121095 21.926776885986328
      vertex 14.36217212677002 -9.100000000000001 21.973397254943848
      vertex 14.25 -9.100000000000001 22
    endloop
  endfacet
  facet normal 0.6412534109642897 0.0026928939817065472 0.7673244497920467
    outer loop
      vertex 14.426776885986328 -11.199998474121095 21.926776885986328
      vertex 14.449999809265137 -9.100000000000001 21.899999618530273
      vertex 14.36217212677002 -9.100000000000001 21.973397254943848
    endloop
  endfacet
  facet normal 0 -1 0
    outer loop
      vertex 14.48705768585205 -9.100000000000001 21.82939624786377
      vertex 19.200000762939453 -9.100000000000001 21.899999618530273
      vertex 14.449999809265137 -9.100000000000001 21.899999618530273
    endloop
  endfacet
  facet normal 0 -1 0
    outer loop
      vertex 19 -8.800000762939455 21.986000061035156
      vertex 19.27603530883789 -8.800000762939455 21.899999618530273
      vertex 19.14400863647461 -8.800000762939455 21.964174270629883
    endloop
  endfacet
  facet normal 0.2955446367177209 -0.7368577248638445 0.6080247207275944
    outer loop
      vertex 19.27603530883789 -8.800000762939455 21.899999618530273
      vertex 19.157737731933594 -8.78600082397461 21.974467277526855
      vertex 19.14400863647461 -8.800000762939455 21.964174270629883
    endloop
  endfacet
  facet normal 0.3609303380976935 -0.6261971961915809 0.691090704989213
    outer loop
      vertex 19.288021087646484 -8.793092346191408 21.899999618530273
      vertex 19.157737731933594 -8.78600082397461 21.974467277526855
      vertex 19.27603530883789 -8.800000762939455 21.899999618530273
    endloop
  endfacet
  facet normal 0.36508649698018225 -0.6166603553081078 0.697453837837328
    outer loop
      vertex 19.288021087646484 -8.793092346191408 21.899999618530273
      vertex 19.299999237060547 -8.78600082397461 21.899999618530273
      vertex 19.157737731933594 -8.78600082397461 21.974467277526855
    endloop
  endfacet
  facet normal 0.10655815935785153 -0.7030808483646339 0.7030808483646339
    outer loop
      vertex 19 -8.800000762939455 21.986000061035156
      vertex 19.14400863647461 -8.800000762939455 21.964174270629883
      vertex 19 -8.78600082397461 22
    endloop
  endfacet
  facet normal 0.11980852237027506 -0.6616703553944215 0.7401609681411682
    outer loop
      vertex 19 -8.78600082397461 22
      vertex 19.14400863647461 -8.800000762939455 21.964174270629883
      vertex 19.157737731933594 -8.78600082397461 21.974467277526855
    endloop
  endfacet
  facet normal 0.4637458316519073 0.008168442944730247 0.8859306294317515
    outer loop
      vertex 19.157737731933594 -8.78600082397461 21.974467277526855
      vertex 19.299999237060547 -8.78600082397461 21.899999618530273
      vertex 19 -2.6000000000000014 22
    endloop
  endfacet
  facet normal 0.1597884005795992 0 0.9871512888307513
    outer loop
      vertex 19 -8.78600082397461 22
      vertex 19.157737731933594 -8.78600082397461 21.974467277526855
      vertex 19 -2.6000000000000014 22
    endloop
  endfacet
  facet normal 0 0 1
    outer loop
      vertex 19.200000762939453 -9.000001525878908 21.899999618530273
      vertex 19.5 -9.000001525878908 21.899999618530273
      vertex 19.27603530883789 -8.800000762939455 21.899999618530273
    endloop
  endfacet
  facet normal 0 0 1
    outer loop
      vertex 19.288021087646484 -8.793092346191408 21.899999618530273
      vertex 19.27603530883789 -8.800000762939455 21.899999618530273
      vertex 19.5 -9.000001525878908 21.899999618530273
    endloop
  endfacet
  facet normal 0 0 1
    outer loop
      vertex 19.288021087646484 -8.793092346191408 21.899999618530273
      vertex 19.5 -9.000001525878908 21.899999618530273
      vertex 19.299999237060547 -8.800000762939455 21.899999618530273
    endloop
  endfacet
  facet normal 0 0 1
    outer loop
      vertex 19.299999237060547 -8.800000762939455 21.899999618530273
      vertex 19.5 -9.000001525878908 21.899999618530273
      vertex 19.5 -8.800000762939455 21.899999618530273
    endloop
  endfacet
  facet normal 0 0 1
    outer loop
      vertex 19.288021087646484 -8.793092346191408 21.899999618530273
      vertex 19.299999237060547 -8.800000762939455 21.899999618530273
      vertex 19.299999237060547 -8.78600082397461 21.899999618530273
    endloop
  endfacet
  facet normal 0.9237753178436456 0 0.38293493199611783
    outer loop
      vertex 19.5 -8.800000762939455 21.5
      vertex 19.5 -2.6000000000000014 21.5
      vertex 19.353473663330078 -2.6000000000000014 21.853473663330078
    endloop
  endfacet
  facet normal 0.3829323984741205 0.003637593176854755 0.9237692060870708
    outer loop
      vertex 19.299999237060547 -8.78600082397461 21.899999618530273
      vertex 19.353473663330078 -2.6000000000000014 21.853473663330078
      vertex 19 -2.6000000000000014 22
    endloop
  endfacet
  facet normal 0 -1 0
    outer loop
      vertex 23.072345733642578 -2.6000000000000014 17.963093757629395
      vertex 23.617586135864258 -2.6000000000000014 18.71353054046631
      vertex 19.5 -2.6000000000000014 21.5
    endloop
  endfacet
  facet normal 0.3090956119318471 0 -0.9510309683099057
    outer loop
      vertex 23.617586135864258 -2.6000000000000014 18.71353054046631
      vertex 24.499000549316406 -0.10000000000000142 19
      vertex 24.499000549316406 -2.6000000000000014 19
    endloop
  endfacet
  facet normal 0 -1 0
    outer loop
      vertex 19.353473663330078 -2.6000000000000014 21.853473663330078
      vertex 19.5 -2.6000000000000014 21.5
      vertex 25.707107543945312 -2.6000000000000014 21.707106590270996
    endloop
  endfacet
  facet normal 0 -1 0
    outer loop
      vertex 23.617586135864258 -2.6000000000000014 18.71353054046631
      vertex 26 -2.6000000000000014 21
      vertex 19.5 -2.6000000000000014 21.5
    endloop
  endfacet
  facet normal 0 -1 0
    outer loop
      vertex 19.353473663330078 -2.6000000000000014 21.853473663330078
      vertex 25.707107543945312 -2.6000000000000014 21.707106590270996
      vertex 25 -2.6000000000000014 22
    endloop
  endfacet
  facet normal 0 -1 0
    outer loop
      vertex 19.5 -2.6000000000000014 21.5
      vertex 26 -2.6000000000000014 21
      vertex 25.707107543945312 -2.6000000000000014 21.707106590270996
    endloop
  endfacet
  facet normal 0 1 0
    outer loop
      vertex 23.072345733642578 -0.10000000000000142 17.036906242370605
      vertex 19.5 -0.10000000000000142 21.5
      vertex 23.072345733642578 -0.10000000000000142 17.963093757629395
    endloop
  endfacet
  facet normal 0 1 0
    outer loop
      vertex 23.072345733642578 -0.10000000000000142 17.963093757629395
      vertex 19.5 -0.10000000000000142 21.5
      vertex 23.617586135864258 -0.10000000000000142 18.71353054046631
    endloop
  endfacet
  facet normal 0 1 0
    outer loop
      vertex 23.617586135864258 -0.10000000000000142 18.71353054046631
      vertex 19.5 -0.10000000000000142 21.5
      vertex 24.499000549316406 -0.10000000000000142 19
    endloop
  endfacet
  facet normal 0.3090956119318471 0 -0.9510309683099057
    outer loop
      vertex 23.617586135864258 -2.6000000000000014 18.71353054046631
      vertex 23.617586135864258 -0.10000000000000142 18.71353054046631
      vertex 24.499000549316406 -0.10000000000000142 19
    endloop
  endfacet
  facet normal 0 1 0
    outer loop
      vertex 19.353473663330078 -0.10000000000000142 21.853473663330078
      vertex 19 -0.10000000000000142 22
      vertex 25.707107543945312 -0.10000000000000142 21.707106590270996
    endloop
  endfacet
  facet normal 0 1 0
    outer loop
      vertex 19.353473663330078 -0.10000000000000142 21.853473663330078
      vertex 25.707107543945312 -0.10000000000000142 21.707106590270996
      vertex 19.5 -0.10000000000000142 21.5
    endloop
  endfacet
  facet normal 0 1 0
    outer loop
      vertex 24.499000549316406 -0.10000000000000142 19
      vertex 19.5 -0.10000000000000142 21.5
      vertex 26 -0.10000000000000142 21
    endloop
  endfacet
  facet normal 0 1 0
    outer loop
      vertex 19.5 -0.10000000000000142 21.5
      vertex 25.707107543945312 -0.10000000000000142 21.707106590270996
      vertex 26 -0.10000000000000142 21
    endloop
  endfacet
  facet normal -0.2588192521755246 0 -0.9659257708040003
    outer loop
      vertex 24.499000549316406 -2.6000000000000014 19
      vertex 25.249000549316406 -0.10000000000000142 18.79903793334961
      vertex 25.249000549316406 -2.6000000000000014 18.79903793334961
    endloop
  endfacet
  facet normal 0 -1 0
    outer loop
      vertex 26 -2.6000000000000014 17.5
      vertex 26 -2.6000000000000014 21
      vertex 25.798038482666016 -2.6000000000000014 18.25
    endloop
  endfacet
  facet normal 0 -1 0
    outer loop
      vertex 25.798038482666016 -2.6000000000000014 18.25
      vertex 26 -2.6000000000000014 21
      vertex 25.249000549316406 -2.6000000000000014 18.79903793334961
    endloop
  endfacet
  facet normal 0 -1 0
    outer loop
      vertex 23.617586135864258 -2.6000000000000014 18.71353054046631
      vertex 24.499000549316406 -2.6000000000000014 19
      vertex 26 -2.6000000000000014 21
    endloop
  endfacet
  facet normal 0 -1 0
    outer loop
      vertex 24.499000549316406 -2.6000000000000014 19
      vertex 25.249000549316406 -2.6000000000000014 18.79903793334961
      vertex 26 -2.6000000000000014 21
    endloop
  endfacet
  facet normal 1 0 0
    outer loop
      vertex 26 -2.6000000000000014 17.5
      vertex 26 -0.10000000000000142 21
      vertex 26 -2.6000000000000014 21
    endloop
  endfacet
  facet normal 0.9238798483296617 0 0.3826826699111958
    outer loop
      vertex 26 -2.6000000000000014 21
      vertex 25.707107543945312 -0.10000000000000142 21.707106590270996
      vertex 25.707107543945312 -2.6000000000000014 21.707106590270996
    endloop
  endfacet
  facet normal -0.2588192521755246 0 -0.9659257708040003
    outer loop
      vertex 24.499000549316406 -2.6000000000000014 19
      vertex 24.499000549316406 -0.10000000000000142 19
      vertex 25.249000549316406 -0.10000000000000142 18.79903793334961
    endloop
  endfacet
  facet normal 0 1 0
    outer loop
      vertex 26 -0.10000000000000142 17.5
      vertex 25.798038482666016 -0.10000000000000142 18.25
      vertex 26 -0.10000000000000142 21
    endloop
  endfacet
  facet normal 0 1 0
    outer loop
      vertex 25.798038482666016 -0.10000000000000142 18.25
      vertex 25.249000549316406 -0.10000000000000142 18.79903793334961
      vertex 26 -0.10000000000000142 21
    endloop
  endfacet
  facet normal 0 1 0
    outer loop
      vertex 24.499000549316406 -0.10000000000000142 19
      vertex 26 -0.10000000000000142 21
      vertex 25.249000549316406 -0.10000000000000142 18.79903793334961
    endloop
  endfacet
  facet normal 0.9238798483296617 0 0.3826826699111958
    outer loop
      vertex 26 -2.6000000000000014 21
      vertex 26 -0.10000000000000142 21
      vertex 25.707107543945312 -0.10000000000000142 21.707106590270996
    endloop
  endfacet
  facet normal 0.38268329292970116 0 0.9238795902673035
    outer loop
      vertex 25.707107543945312 -2.6000000000000014 21.707106590270996
      vertex 25.707107543945312 -0.10000000000000142 21.707106590270996
      vertex 25 -0.10000000000000142 22
    endloop
  endfacet
  facet normal 0 -1 0
    outer loop
      vertex 19.353473663330078 -2.6000000000000014 21.853473663330078
      vertex 25 -2.6000000000000014 22
      vertex 19 -2.6000000000000014 22
    endloop
  endfacet
  facet normal 0 0 1
    outer loop
      vertex 19 -2.6000000000000014 22
      vertex 25 -2.6000000000000014 22
      vertex 19 -0.10000000000000142 22
    endloop
  endfacet
  facet normal 0 0 1
    outer loop
      vertex 19 -0.10000000000000142 22
      vertex 25 -2.6000000000000014 22
      vertex 25 -0.10000000000000142 22
    endloop
  endfacet
  facet normal 0 1 0
    outer loop
      vertex 19 -0.10000000000000142 22
      vertex 25 -0.10000000000000142 22
      vertex 25.707107543945312 -0.10000000000000142 21.707106590270996
    endloop
  endfacet
  facet normal 0.38268329292970116 0 0.9238795902673035
    outer loop
      vertex 25.707107543945312 -2.6000000000000014 21.707106590270996
      vertex 25 -0.10000000000000142 22
      vertex 25 -2.6000000000000014 22
    endloop
  endfacet
  facet normal 1 0 0
    outer loop
      vertex 19.5 -0.10000000000000142 21.5
      vertex 19.5 25.4 3.5
      vertex 19.5 25.4 21.5
    endloop
  endfacet
  facet normal 0.9237753178359508 -0.00000408160966889128 0.38293493199292805
    outer loop
      vertex 19.353473663330078 -0.10000000000000142 21.853473663330078
      vertex 19.5 -0.10000000000000142 21.5
      vertex 19.353553771972656 25.54644658565521 21.853553771972656
    endloop
  endfacet
  facet normal 0.38293493199611783 0 0.9237753178436456
    outer loop
      vertex 19.353473663330078 -0.10000000000000142 21.853473663330078
      vertex 19 25.4 22
      vertex 19 -0.10000000000000142 22
    endloop
  endfacet
  facet normal 0.9815551506865215 0 0.19117919907971131
    outer loop
      vertex 19.5 -0.10000000000000142 21.5
      vertex 19.5 25.4 21.5
      vertex 19.463520050048828 25.43648006916046 21.68729591369629
    endloop
  endfacet
  facet normal 0.83318791784741 -0.0028655756421189695 0.5529825332045643
    outer loop
      vertex 19.5 -0.10000000000000142 21.5
      vertex 19.463520050048828 25.43648006916046 21.68729591369629
      vertex 19.353553771972656 25.54644658565521 21.853553771972656
    endloop
  endfacet
  facet normal 0.19171857389522884 -0.0029819660465222352 0.9814454117790133
    outer loop
      vertex 19.353473663330078 -0.10000000000000142 21.853473663330078
      vertex 19.18729591369629 25.436475896835326 21.963523864746094
      vertex 19 25.4 22
    endloop
  endfacet
  facet normal 0.5516822638379404 -0.00000432845461622988 0.8340543625855029
    outer loop
      vertex 19.353473663330078 -0.10000000000000142 21.853473663330078
      vertex 19.353553771972656 25.54644658565521 21.853553771972656
      vertex 19.18729591369629 25.436475896835326 21.963523864746094
    endloop
  endfacet
  facet normal 0 0.7071067811865476 -0.7071067811865476
    outer loop
      vertex -19 25.4 3
      vertex 18 26.9 4.5
      vertex 19 25.4 3
    endloop
  endfacet
  facet normal 0 1 0
    outer loop
      vertex -18 26.9 4.5
      vertex 18 26.9 20.5
      vertex 18 26.9 4.5
    endloop
  endfacet
  facet normal -2.1466989450113591e-7 0.7071061769251514 -0.7071073854473948
    outer loop
      vertex 19 25.4 3
      vertex 19.353553771972656 25.54644658565521 3.1464462280273438
      vertex 19.18729591369629 25.43648006916046 3.036479949951172
    endloop
  endfacet
  facet normal -5.604824045122198e-7 0.7071065943589436 -0.70710696801388
    outer loop
      vertex 19 25.4 3
      vertex 18 26.9 4.5
      vertex 19.353553771972656 25.54644658565521 3.1464462280273438
    endloop
  endfacet
  facet normal 0.7071074878598861 0.707106074510692 0.0000016001765249326639
    outer loop
      vertex 19.353553771972656 25.54644658565521 3.1464462280273438
      vertex 18 26.9 4.5
      vertex 19.463523864746094 25.436475896835326 3.312704086303711
    endloop
  endfacet
  facet normal 0.7071065156273068 0.7071070467452397 -7.966768994302497e-7
    outer loop
      vertex 19.463523864746094 25.436475896835326 3.312704086303711
      vertex 18 26.9 4.5
      vertex 19.5 25.4 3.5
    endloop
  endfacet
  facet normal 0.7071067811865476 0.7071067811865476 0
    outer loop
      vertex 18 26.9 4.5
      vertex 18 26.9 20.5
      vertex 19.5 25.4 3.5
    endloop
  endfacet
  facet normal 0 0.7071067811865475 0.7071067811865475
    outer loop
      vertex -18 26.9 20.5
      vertex 19 25.4 22
      vertex 18 26.9 20.5
    endloop
  endfacet
  facet normal 0.7071067811865475 0.7071067811865475 0
    outer loop
      vertex 19.5 25.4 3.5
      vertex 18 26.9 20.5
      vertex 19.5 25.4 21.5
    endloop
  endfacet
  facet normal 0.70710696801388 0.7071065943589436 -5.604824045122198e-7
    outer loop
      vertex 18 26.9 20.5
      vertex 19.353553771972656 25.54644658565521 21.853553771972656
      vertex 19.5 25.4 21.5
    endloop
  endfacet
  facet normal -0.0000016001765249326639 0.707106074510692 0.7071074878598861
    outer loop
      vertex 18 26.9 20.5
      vertex 19.18729591369629 25.436475896835326 21.963523864746094
      vertex 19.353553771972656 25.54644658565521 21.853553771972656
    endloop
  endfacet
  facet normal 7.966768994302497e-7 0.7071070467452397 0.7071065156273068
    outer loop
      vertex 18 26.9 20.5
      vertex 19 25.4 22
      vertex 19.18729591369629 25.436475896835326 21.963523864746094
    endloop
  endfacet
  facet normal 0.7071073854473948 0.7071061769251514 -2.1466989450113591e-7
    outer loop
      vertex 19.463520050048828 25.43648006916046 21.68729591369629
      vertex 19.5 25.4 21.5
      vertex 19.353553771972656 25.54644658565521 21.853553771972656
    endloop
  endfacet
endsolid OpenSCAD_Model
